/*
 * Datos de las fuentes antialiasadas, en UN solo sitio.
 *
 * Las cabeceras font_*.h solo DECLARAN (extern); los datos viven aqui una
 * vez. Ver tools/split_fonts.py para el porque.
 *
 * NO EDITAR A MANO: se regenera con tools/gen_assets.py.
 */

/* ------------------------------------------------------------------ */
#include "font_num_20.h"


const uint8_t font_num_20_bitmap[2030] = {
    0x00, 0x00, 0x0D, 0xF8, 0x00, 0x00, 0x00, 0x00, 0x00, 0x0D, 0xF8, 0x00, 0x00, 0x00, 0x00, 0x00,
    0x0D, 0xF8, 0x00, 0x00, 0x00, 0x00, 0x00, 0x0D, 0xF8, 0x00, 0x00, 0x00, 0x5F, 0xFF, 0xFF, 0xFF,
    0xFF, 0xFE, 0x00, 0x5F, 0xFF, 0xFF, 0xFF, 0xFF, 0xFE, 0x00, 0x00, 0x00, 0x0D, 0xF8, 0x00, 0x00,
    0x00, 0x00, 0x00, 0x0D, 0xF8, 0x00, 0x00, 0x00, 0x00, 0x00, 0x0D, 0xF8, 0x00, 0x00, 0x00, 0x00,
    0x00, 0x0D, 0xF8, 0x00, 0x00, 0x00, 0x00, 0x00, 0x00, 0x00, 0x00, 0x00, 0x00, 0x00, 0x00, 0x4F,
    0xFE, 0x00, 0x00, 0x00, 0x00, 0x00, 0x4F, 0xFE, 0x00, 0x00, 0x00, 0x00, 0x00, 0x4F, 0xFE, 0x00,
    0x00, 0x00, 0x00, 0x00, 0x6F, 0xFA, 0x00, 0x00, 0x00, 0x00, 0x00, 0xAF, 0xF2, 0x00, 0x00, 0x00,
    0x00, 0x00, 0xEF, 0xA0, 0x00, 0x00, 0x00, 0x00, 0x02, 0xFF, 0x30, 0x00, 0x00, 0x00, 0x00, 0x0E,
    0xFF, 0xFF, 0xF8, 0x00, 0x00, 0x00, 0x0E, 0xFF, 0xFF, 0xF8, 0x00, 0x00, 0x00, 0x0E, 0xFF, 0xFF,
    0xF8, 0x00, 0x00, 0x00, 0x00, 0x00, 0x00, 0x00, 0x00, 0x00, 0x00, 0x00, 0x00, 0x00, 0x00, 0x00,
    0x00, 0x00, 0x00, 0x00, 0x00, 0x00, 0x00, 0x00, 0x00, 0x00, 0x00, 0x00, 0x00, 0x00, 0x00, 0x00,
    0x00, 0x00, 0x00, 0x00, 0x00, 0x00, 0x00, 0x00, 0x6F, 0xFF, 0x00, 0x00, 0x00, 0x00, 0x00, 0x6F,
    0xFF, 0x00, 0x00, 0x00, 0x00, 0x00, 0x6F, 0xFF, 0x00, 0x00, 0x00, 0x00, 0x00, 0x6F, 0xFF, 0x00,
    0x00, 0x00, 0x00, 0x02, 0xAE, 0xFD, 0x80, 0x00, 0x00, 0x00, 0x3E, 0xFF, 0xFF, 0xFB, 0x00, 0x00,
    0x00, 0xCF, 0xF5, 0x1A, 0xFF, 0x70, 0x00, 0x03, 0xFF, 0xB0, 0x02, 0xFF, 0xD0, 0x00, 0x07, 0xFF,
    0x80, 0x00, 0xDF, 0xF1, 0x00, 0x09, 0xFF, 0x68, 0xE3, 0xBF, 0xF4, 0x00, 0x0A, 0xFF, 0x5E, 0xF8,
    0xAF, 0xF5, 0x00, 0x0B, 0xFF, 0x58, 0xE3, 0xAF, 0xF5, 0x00, 0x0A, 0xFF, 0x50, 0x00, 0xAF, 0xF5,
    0x00, 0x09, 0xFF, 0x60, 0x00, 0xBF, 0xF4, 0x00, 0x07, 0xFF, 0x80, 0x00, 0xDF, 0xF1, 0x00, 0x03,
    0xFF, 0xB0, 0x02, 0xFF, 0xD0, 0x00, 0x00, 0xCF, 0xF5, 0x1A, 0xFF, 0x70, 0x00, 0x00, 0x3E, 0xFF,
    0xFF, 0xFC, 0x00, 0x00, 0x00, 0x02, 0xAE, 0xFD, 0x81, 0x00, 0x00, 0x00, 0x26, 0xBF, 0xFF, 0x40,
    0x00, 0x00, 0x00, 0xDF, 0xFF, 0xFF, 0x40, 0x00, 0x00, 0x00, 0xB9, 0x4B, 0xFF, 0x40, 0x00, 0x00,
    0x00, 0x00, 0x0A, 0xFF, 0x40, 0x00, 0x00, 0x00, 0x00, 0x0A, 0xFF, 0x40, 0x00, 0x00, 0x00, 0x00,
    0x0A, 0xFF, 0x40, 0x00, 0x00, 0x00, 0x00, 0x0A, 0xFF, 0x40, 0x00, 0x00, 0x00, 0x00, 0x0A, 0xFF,
    0x40, 0x00, 0x00, 0x00, 0x00, 0x0A, 0xFF, 0x40, 0x00, 0x00, 0x00, 0x00, 0x0A, 0xFF, 0x40, 0x00,
    0x00, 0x00, 0x00, 0x0A, 0xFF, 0x40, 0x00, 0x00, 0x00, 0x00, 0x0A, 0xFF, 0x40, 0x00, 0x00, 0x00,
    0x00, 0x0A, 0xFF, 0x40, 0x00, 0x00, 0x01, 0xFF, 0xFF, 0xFF, 0xFF, 0xFA, 0x00, 0x01, 0xFF, 0xFF,
    0xFF, 0xFF, 0xFA, 0x00, 0x01, 0x5A, 0xDF, 0xEC, 0x70, 0x00, 0x00, 0x08, 0xFF, 0xFF, 0xFF, 0xFC,
    0x10, 0x00, 0x08, 0xF9, 0x31, 0x3D, 0xFF, 0x70, 0x00, 0x06, 0x30, 0x00, 0x05, 0xFF, 0xC0, 0x00,
    0x00, 0x00, 0x00, 0x03, 0xFF, 0xD0, 0x00, 0x00, 0x00, 0x00, 0x07, 0xFF, 0xA0, 0x00, 0x00, 0x00,
    0x00, 0x2E, 0xFF, 0x40, 0x00, 0x00, 0x00, 0x01, 0xCF, 0xFA, 0x00, 0x00, 0x00, 0x00, 0x0B, 0xFF,
    0xC1, 0x00, 0x00, 0x00, 0x00, 0x9F, 0xFC, 0x10, 0x00, 0x00, 0x00, 0x08, 0xFF, 0xC1, 0x00, 0x00,
    0x00, 0x00, 0x6F, 0xFD, 0x10, 0x00, 0x00, 0x00, 0x05, 0xFF, 0xD1, 0x00, 0x00, 0x00, 0x00, 0x0C,
    0xFF, 0xFF, 0xFF, 0xFF, 0xE0, 0x00, 0x0C, 0xFF, 0xFF, 0xFF, 0xFF, 0xE0, 0x00, 0x00, 0x49, 0xDF,
    0xFD, 0x93, 0x00, 0x00, 0x04, 0xFF, 0xFF, 0xFF, 0xFF, 0x40, 0x00, 0x04, 0xFA, 0x41, 0x29, 0xFF,
    0xC0, 0x00, 0x03, 0x60, 0x00, 0x01, 0xFF, 0xD0, 0x00, 0x00, 0x00, 0x00, 0x18, 0xFF, 0x80, 0x00,
    0x00, 0x00, 0xFF, 0xFF, 0xC6, 0x00, 0x00, 0x00, 0x00, 0xFF, 0xFF, 0xD6, 0x00, 0x00, 0x00, 0x00,
    0x00, 0x3B, 0xFF, 0x70, 0x00, 0x00, 0x00, 0x00, 0x01, 0xEF, 0xE1, 0x00, 0x00, 0x00, 0x00, 0x00,
    0xBF, 0xF3, 0x00, 0x00, 0x00, 0x00, 0x00, 0xAF, 0xF4, 0x00, 0x07, 0x10, 0x00, 0x00, 0xDF, 0xF2,
    0x00, 0x0B, 0xE7, 0x20, 0x2A, 0xFF, 0xC0, 0x00, 0x0B, 0xFF, 0xFF, 0xFF, 0xFE, 0x20, 0x00, 0x01,
    0x6B, 0xDF, 0xEC, 0x81, 0x00, 0x00, 0x00, 0x00, 0x00, 0x8F, 0xFF, 0x00, 0x00, 0x00, 0x00, 0x03,
    0xFF, 0xFF, 0x00, 0x00, 0x00, 0x00, 0x1D, 0xFF, 0xFF, 0x00, 0x00, 0x00, 0x00, 0x9F, 0xDE, 0xFF,
    0x00, 0x00, 0x00, 0x04, 0xFF, 0x4D, 0xFF, 0x00, 0x00, 0x00, 0x1E, 0xF9, 0x0D, 0xFF, 0x00, 0x00,
    0x00, 0xAF, 0xD1, 0x0D, 0xFF, 0x00, 0x00, 0x06, 0xFF, 0x40, 0x0D, 0xFF, 0x00, 0x00, 0x0E, 0xF9,
    0x00, 0x0D, 0xFF, 0x00, 0x00, 0x0E, 0xFF, 0xFF, 0xFF, 0xFF, 0xFB, 0x00, 0x0E, 0xFF, 0xFF, 0xFF,
    0xFF, 0xFB, 0x00, 0x00, 0x00, 0x00, 0x0D, 0xFF, 0x00, 0x00, 0x00, 0x00, 0x00, 0x0D, 0xFF, 0x00,
    0x00, 0x00, 0x00, 0x00, 0x0D, 0xFF, 0x00, 0x00, 0x00, 0x00, 0x00, 0x0D, 0xFF, 0x00, 0x00, 0x00,
    0xFF, 0xFF, 0xFF, 0xFF, 0x40, 0x00, 0x00, 0xFF, 0xFF, 0xFF, 0xFF, 0x40, 0x00, 0x00, 0xFF, 0x70,
    0x00, 0x00, 0x00, 0x00, 0x00, 0xFF, 0x70, 0x00, 0x00, 0x00, 0x00, 0x00, 0xFF, 0x70, 0x00, 0x00,
    0x00, 0x00, 0x00, 0xFF, 0xEE, 0xFC, 0x71, 0x00, 0x00, 0x00, 0xFF, 0xFF, 0xFF, 0xFC, 0x10, 0x00,
    0x00, 0xC5, 0x21, 0x4D, 0xFF, 0x90, 0x00, 0x00, 0x00, 0x00, 0x02, 0xFF, 0xF1, 0x00, 0x00, 0x00,
    0x00, 0x00, 0xCF, 0xF3, 0x00, 0x00, 0x00, 0x00, 0x00, 0xCF, 0xF3, 0x00, 0x06, 0x20, 0x00, 0x02,
    0xFF, 0xE1, 0x00, 0x08, 0xE6, 0x11, 0x4C, 0xFF, 0x90, 0x00, 0x08, 0xFF, 0xFF, 0xFF, 0xFB, 0x10,
    0x00, 0x01, 0x6B, 0xDF, 0xEB, 0x60, 0x00, 0x00, 0x00, 0x00, 0x5B, 0xEF, 0xD8, 0x10, 0x00, 0x00,
    0x0A, 0xFF, 0xFF, 0xFF, 0x80, 0x00, 0x00, 0x8F, 0xFA, 0x20, 0x4D, 0x80, 0x00, 0x01, 0xEF, 0xD0,
    0x00, 0x01, 0x60, 0x00, 0x05, 0xFF, 0x60, 0x00, 0x00, 0x00, 0x00, 0x08, 0xFF, 0x7B, 0xEF, 0xC6,
    0x00, 0x00, 0x09, 0xFF, 0xFF, 0xFF, 0xFF, 0x80, 0x00, 0x0A, 0xFF, 0xF7, 0x15, 0xEF, 0xF2, 0x00,
    0x09, 0xFF, 0xC0, 0x00, 0x9F, 0xF6, 0x00, 0x08, 0xFF, 0x90, 0x00, 0x6F, 0xF7, 0x00, 0x06, 0xFF,
    0x90, 0x00, 0x6F, 0xF7, 0x00, 0x02, 0xFF, 0xC0, 0x00, 0x9F, 0xF4, 0x00, 0x00, 0xCF, 0xF6, 0x14,
    0xEF, 0xE1, 0x00, 0x00, 0x3E, 0xFF, 0xFF, 0xFF, 0x50, 0x00, 0x00, 0x02, 0x9D, 0xFE, 0xB4, 0x00,
    0x00, 0x09, 0xFF, 0xFF, 0xFF, 0xFF, 0xF1, 0x00, 0x09, 0xFF, 0xFF, 0xFF, 0xFF, 0xF1, 0x00, 0x00,
    0x00, 0x00, 0x06, 0xFF, 0xD0, 0x00, 0x00, 0x00, 0x00, 0x0C, 0xFF, 0x70, 0x00, 0x00, 0x00, 0x00,
    0x3F, 0xFF, 0x20, 0x00, 0x00, 0x00, 0x00, 0x9F, 0xFA, 0x00, 0x00, 0x00, 0x00, 0x00, 0xEF, 0xF4,
    0x00, 0x00, 0x00, 0x00, 0x05, 0xFF, 0xD0, 0x00, 0x00, 0x00, 0x00, 0x0B, 0xFF, 0x70, 0x00, 0x00,
    0x00, 0x00, 0x2F, 0xFF, 0x20, 0x00, 0x00, 0x00, 0x00, 0x7F, 0xFA, 0x00, 0x00, 0x00, 0x00, 0x00,
    0xDF, 0xF4, 0x00, 0x00, 0x00, 0x00, 0x04, 0xFF, 0xD0, 0x00, 0x00, 0x00, 0x00, 0x0A, 0xFF, 0x70,
    0x00, 0x00, 0x00, 0x00, 0x1E, 0xFF, 0x10, 0x00, 0x00, 0x00, 0x00, 0x05, 0xBE, 0xFD, 0x92, 0x00,
    0x00, 0x00, 0x7F, 0xFF, 0xFF, 0xFE, 0x30, 0x00, 0x01, 0xFF, 0xD3, 0x16, 0xFF, 0xA0, 0x00, 0x04,
    0xFF, 0x70, 0x00, 0xCF, 0xE0, 0x00, 0x03, 0xFF, 0x70, 0x00, 0xDF, 0xD0, 0x00, 0x00, 0xCF, 0xD3,
    0x16, 0xFF, 0x70, 0x00, 0x00, 0x1A, 0xFF, 0xFF, 0xE7, 0x00, 0x00, 0x00, 0x3C, 0xFF, 0xFF, 0xFA,
    0x10, 0x00, 0x02, 0xEF, 0xC3, 0x16, 0xFF, 0xB0, 0x00, 0x07, 0xFF, 0x40, 0x00, 0x9F, 0xF2, 0x00,
    0x0A, 0xFF, 0x10, 0x00, 0x7F, 0xF4, 0x00, 0x09, 0xFF, 0x40, 0x00, 0x9F, 0xF4, 0x00, 0x05, 0xFF,
    0xC3, 0x16, 0xFF, 0xE0, 0x00, 0x00, 0xAF, 0xFF, 0xFF, 0xFF, 0x50, 0x00, 0x00, 0x06, 0xCE, 0xFE,
    0xA3, 0x00, 0x00, 0x00, 0x07, 0xCE, 0xEC, 0x70, 0x00, 0x00, 0x00, 0xAF, 0xFF, 0xFF, 0xFB, 0x00,
    0x00, 0x05, 0xFF, 0xC2, 0x2B, 0xFF, 0x60, 0x00, 0x0A, 0xFF, 0x40, 0x03, 0xFF, 0xC0, 0x00, 0x0C,
    0xFF, 0x10, 0x00, 0xFF, 0xF1, 0x00, 0x0D, 0xFF, 0x10, 0x00, 0xFF, 0xF3, 0x00, 0x0B, 0xFF, 0x40,
    0x02, 0xFF, 0xF4, 0x00, 0x07, 0xFF, 0xC2, 0x2B, 0xFF, 0xF4, 0x00, 0x01, 0xDF, 0xFF, 0xFF, 0xFF,
    0xF4, 0x00, 0x00, 0x19, 0xEF, 0xE9, 0xAF, 0xF2, 0x00, 0x00, 0x00, 0x00, 0x00, 0xCF, 0xE0, 0x00,
    0x00, 0x70, 0x00, 0x03, 0xFF, 0xA0, 0x00, 0x00, 0xE9, 0x21, 0x4D, 0xFF, 0x30, 0x00, 0x00, 0xEF,
    0xFF, 0xFF, 0xF5, 0x00, 0x00, 0x00, 0x3A, 0xEF, 0xD9, 0x30, 0x00, 0x00, 0x00, 0x00, 0x6F, 0xFF,
    0x00, 0x00, 0x00, 0x00, 0x00, 0x6F, 0xFF, 0x00, 0x00, 0x00, 0x00, 0x00, 0x6F, 0xFF, 0x00, 0x00,
    0x00, 0x00, 0x00, 0x6F, 0xFF, 0x00, 0x00, 0x00, 0x00, 0x00, 0x00, 0x00, 0x00, 0x00, 0x00, 0x00,
    0x00, 0x00, 0x00, 0x00, 0x00, 0x00, 0x00, 0x00, 0x00, 0x00, 0x00, 0x00, 0x00, 0x00, 0x00, 0x6F,
    0xFF, 0x00, 0x00, 0x00, 0x00, 0x00, 0x6F, 0xFF, 0x00, 0x00, 0x00, 0x00, 0x00, 0x6F, 0xFF, 0x00,
    0x00, 0x00, 0x00, 0x00, 0x6F, 0xFF, 0x00, 0x00, 0x00, 0x0B, 0xFF, 0xFF, 0xFE, 0xB5, 0x00, 0x00,
    0x0B, 0xFF, 0xFF, 0xFF, 0xFF, 0x90, 0x00, 0x0B, 0xFF, 0x30, 0x15, 0xFF, 0xF2, 0x00, 0x0B, 0xFF,
    0x30, 0x00, 0xBF, 0xF5, 0x00, 0x0B, 0xFF, 0x30, 0x00, 0xBF, 0xF4, 0x00, 0x0B, 0xFF, 0x30, 0x04,
    0xFF, 0xD0, 0x00, 0x0B, 0xFF, 0xFF, 0xFF, 0xEA, 0x20, 0x00, 0x0B, 0xFF, 0xFF, 0xFF, 0xFB, 0x40,
    0x00, 0x0B, 0xFF, 0x30, 0x14, 0xDF, 0xF3, 0x00, 0x0B, 0xFF, 0x30, 0x00, 0x5F, 0xFA, 0x00, 0x0B,
    0xFF, 0x30, 0x00, 0x3F, 0xFD, 0x00, 0x0B, 0xFF, 0x30, 0x00, 0x5F, 0xFD, 0x00, 0x0B, 0xFF, 0x30,
    0x03, 0xCF, 0xF9, 0x00, 0x0B, 0xFF, 0xFF, 0xFF, 0xFF, 0xE2, 0x00, 0x0B, 0xFF, 0xFF, 0xFE, 0xC8,
    0x10, 0x00, 0x09, 0xFF, 0x70, 0x00, 0xCF, 0xF4, 0x00, 0x09, 0xFF, 0x70, 0x00, 0xCF, 0xF4, 0x00,
    0x09, 0xFF, 0x70, 0x00, 0xCF, 0xF4, 0x00, 0x09, 0xFF, 0x70, 0x00, 0xCF, 0xF4, 0x00, 0x09, 0xFF,
    0x70, 0x00, 0xCF, 0xF4, 0x00, 0x09, 0xFF, 0x70, 0x00, 0xCF, 0xF4, 0x00, 0x09, 0xFF, 0xFF, 0xFF,
    0xFF, 0xF4, 0x00, 0x09, 0xFF, 0xFF, 0xFF, 0xFF, 0xF4, 0x00, 0x09, 0xFF, 0x70, 0x00, 0xCF, 0xF4,
    0x00, 0x09, 0xFF, 0x70, 0x00, 0xCF, 0xF4, 0x00, 0x09, 0xFF, 0x70, 0x00, 0xCF, 0xF4, 0x00, 0x09,
    0xFF, 0x70, 0x00, 0xCF, 0xF4, 0x00, 0x09, 0xFF, 0x70, 0x00, 0xCF, 0xF4, 0x00, 0x09, 0xFF, 0x70,
    0x00, 0xCF, 0xF4, 0x00, 0x09, 0xFF, 0x70, 0x00, 0xCF, 0xF4, 0x00, 0x2F, 0xFF, 0x90, 0x01, 0xFF,
    0xFC, 0x00, 0x2F, 0xFF, 0xE0, 0x05, 0xFF, 0xFC, 0x00, 0x2F, 0xFF, 0xF3, 0x09, 0xFF, 0xFC, 0x00,
    0x2F, 0xFC, 0xF8, 0x0D, 0xED, 0xFC, 0x00, 0x2F, 0xF8, 0xFC, 0x3F, 0xBD, 0xFC, 0x00, 0x2F, 0xF7,
    0xCF, 0x9F, 0x7D, 0xFC, 0x00, 0x2F, 0xF7, 0x8F, 0xFF, 0x3D, 0xFC, 0x00, 0x2F, 0xF7, 0x4F, 0xFE,
    0x0D, 0xFC, 0x00, 0x2F, 0xF7, 0x1F, 0xFA, 0x0D, 0xFC, 0x00, 0x2F, 0xF7, 0x00, 0x00, 0x0D, 0xFC,
    0x00, 0x2F, 0xF7, 0x00, 0x00, 0x0D, 0xFC, 0x00, 0x2F, 0xF7, 0x00, 0x00, 0x0D, 0xFC, 0x00, 0x2F,
    0xF7, 0x00, 0x00, 0x0D, 0xFC, 0x00, 0x2F, 0xF7, 0x00, 0x00, 0x0D, 0xFC, 0x00, 0x2F, 0xF7, 0x00,
    0x00, 0x0D, 0xFC, 0x00, 0x00, 0x00, 0x00, 0x00, 0xDF, 0xF2, 0x00, 0x00, 0x00, 0x00, 0x00, 0xDF,
    0xF2, 0x00, 0x00, 0x00, 0x00, 0x00, 0xDF, 0xF2, 0x00, 0x00, 0x00, 0x00, 0x00, 0xDF, 0xF2, 0x00,
    0x00, 0x00, 0x00, 0x00, 0xDF, 0xF2, 0x00, 0x00, 0x2A, 0xEE, 0xB3, 0xDF, 0xF2, 0x00, 0x01, 0xEF,
    0xFF, 0xFE, 0xEF, 0xF2, 0x00, 0x08, 0xFF, 0xC2, 0x2C, 0xFF, 0xF2, 0x00, 0x0D, 0xFF, 0x40, 0x04,
    0xFF, 0xF2, 0x00, 0x0F, 0xFF, 0x00, 0x00, 0xFF, 0xF2, 0x00, 0x1F, 0xFE, 0x00, 0x00, 0xEF, 0xF2,
    0x00, 0x0F, 0xFF, 0x00, 0x00, 0xFF, 0xF2, 0x00, 0x0D, 0xFF, 0x40, 0x04, 0xFF, 0xF2, 0x00, 0x08,
    0xFF, 0xC2, 0x2C, 0xFF, 0xF2, 0x00, 0x01, 0xEF, 0xFF, 0xFE, 0xEF, 0xF2, 0x00, 0x00, 0x2A, 0xEE,
    0xB3, 0xDF, 0xF2, 0x00, 0x03, 0xFF, 0xC0, 0x00, 0x00, 0x00, 0x00, 0x03, 0xFF, 0xC0, 0x00, 0x00,
    0x00, 0x00, 0x03, 0xFF, 0xC0, 0x00, 0x00, 0x00, 0x00, 0x03, 0xFF, 0xC0, 0x00, 0x00, 0x00, 0x00,
    0x03, 0xFF, 0xC0, 0x00, 0x00, 0x00, 0x00, 0x03, 0xFF, 0xC0, 0x03, 0xEF, 0xF8, 0x00, 0x03, 0xFF,
    0xC0, 0x2E, 0xFF, 0x70, 0x00, 0x03, 0xFF, 0xC2, 0xDF, 0xF6, 0x00, 0x00, 0x03, 0xFF, 0xDD, 0xFF,
    0x50, 0x00, 0x00, 0x03, 0xFF, 0xFF, 0xFD, 0x10, 0x00, 0x00, 0x03, 0xFF, 0xFF, 0xFF, 0x90, 0x00,
    0x00, 0x03, 0xFF, 0xE3, 0xCF, 0xF4, 0x00, 0x00, 0x03, 0xFF, 0xC0, 0x3F, 0xFD, 0x10, 0x00, 0x03,
    0xFF, 0xC0, 0x09, 0xFF, 0x90, 0x00, 0x03, 0xFF, 0xC0, 0x01, 0xEF, 0xF4, 0x00, 0x03, 0xFF, 0xC0,
    0x00, 0x5F, 0xFD, 0x10, 0x2F, 0xF6, 0xDE, 0x85, 0xDE, 0xA1, 0x00, 0x2F, 0xFF, 0xFF, 0xFF, 0xFF,
    0xF7, 0x00, 0x2F, 0xF8, 0x2F, 0xFC, 0x1D, 0xFA, 0x00, 0x2F, 0xF5, 0x0E, 0xF9, 0x0A, 0xFC, 0x00,
    0x2F, 0xF4, 0x0D, 0xF8, 0x09, 0xFC, 0x00, 0x2F, 0xF4, 0x0D, 0xF8, 0x09, 0xFD, 0x00, 0x2F, 0xF4,
    0x0D, 0xF8, 0x09, 0xFD, 0x00, 0x2F, 0xF4, 0x0D, 0xF8, 0x09, 0xFD, 0x00, 0x2F, 0xF4, 0x0D, 0xF8,
    0x09, 0xFD, 0x00, 0x2F, 0xF4, 0x0D, 0xF8, 0x09, 0xFD, 0x00, 0x2F, 0xF4, 0x0D, 0xF8, 0x09, 0xFD,
    0x00, 0x01, 0xFF, 0xFF, 0xFF, 0xFF, 0xF1, 0x00, 0x01, 0xFF, 0xFF, 0xFF, 0xFF, 0xF1, 0x00, 0x00,
    0x00, 0x00, 0x0B, 0xFF, 0xC0, 0x00, 0x00, 0x00, 0x00, 0x9F, 0xFD, 0x20, 0x00, 0x00, 0x00, 0x08,
    0xFF, 0xE2, 0x00, 0x00, 0x00, 0x00, 0x7F, 0xFE, 0x30, 0x00, 0x00, 0x00, 0x05, 0xFF, 0xF5, 0x00,
    0x00, 0x00, 0x00, 0x4F, 0xFF, 0x60, 0x00, 0x00, 0x00, 0x02, 0xEF, 0xF7, 0x00, 0x00, 0x00, 0x00,
    0x05, 0xFF, 0xFF, 0xFF, 0xFF, 0xF1, 0x00, 0x05, 0xFF, 0xFF, 0xFF, 0xFF, 0xF1, 0x00,
};

const gfx2_glyph_t font_num_20_glyphs[23] = {
    {      0,   0,   0,    0,    0,  13 }, /* 'U+0020' */
    {      0,  13,  11,    0,    9,  13 }, /* '+' */
    {     77,  13,   7,    0,   16,  13 }, /* ',' */
    {    126,  13,   8,    0,   12,  13 }, /* '-' */
    {    182,  13,   4,    0,   16,  13 }, /* '.' */
    {    210,  13,  15,    0,    5,  13 }, /* '0' */
    {    315,  13,  15,    0,    5,  13 }, /* '1' */
    {    420,  13,  15,    0,    5,  13 }, /* '2' */
    {    525,  13,  15,    0,    5,  13 }, /* '3' */
    {    630,  13,  15,    0,    5,  13 }, /* '4' */
    {    735,  13,  15,    0,    5,  13 }, /* '5' */
    {    840,  13,  15,    0,    5,  13 }, /* '6' */
    {    945,  13,  15,    0,    5,  13 }, /* '7' */
    {   1050,  13,  15,    0,    5,  13 }, /* '8' */
    {   1155,  13,  15,    0,    5,  13 }, /* '9' */
    {   1260,  13,  11,    0,    9,  13 }, /* ':' */
    {   1337,  13,  15,    0,    5,  13 }, /* 'B' */
    {   1442,  13,  15,    0,    5,  13 }, /* 'H' */
    {   1547,  13,  15,    0,    5,  13 }, /* 'M' */
    {   1652,  13,  16,    0,    4,  13 }, /* 'd' */
    {   1764,  13,  16,    0,    4,  13 }, /* 'k' */
    {   1876,  13,  11,    0,    9,  13 }, /* 'm' */
    {   1953,  13,  11,    0,    9,  13 }, /* 'z' */
};

const gfx2_range_t font_num_20_ranges[10] = {
    { 0x0020, 0x0020, 0 },
    { 0x002B, 0x002E, 1 },
    { 0x0030, 0x003A, 5 },
    { 0x0042, 0x0042, 16 },
    { 0x0048, 0x0048, 17 },
    { 0x004D, 0x004D, 18 },
    { 0x0064, 0x0064, 19 },
    { 0x006B, 0x006B, 20 },
    { 0x006D, 0x006D, 21 },
    { 0x007A, 0x007A, 22 },
};

const gfx2_font_t font_num_20 = {
    font_num_20_bitmap, font_num_20_glyphs, font_num_20_ranges,
    10, 20, 5, 25
};


/* ------------------------------------------------------------------ */
#include "font_num_44.h"


const uint8_t font_num_44_bitmap[9240] = {
    0x00, 0x00, 0x00, 0x00, 0x00, 0x0C, 0xFF, 0xFF, 0x80, 0x00, 0x00, 0x00, 0x00, 0x00, 0x00, 0x00,
    0x00, 0x00, 0x00, 0x0C, 0xFF, 0xFF, 0x80, 0x00, 0x00, 0x00, 0x00, 0x00, 0x00, 0x00, 0x00, 0x00,
    0x00, 0x0C, 0xFF, 0xFF, 0x80, 0x00, 0x00, 0x00, 0x00, 0x00, 0x00, 0x00, 0x00, 0x00, 0x00, 0x0C,
    0xFF, 0xFF, 0x80, 0x00, 0x00, 0x00, 0x00, 0x00, 0x00, 0x00, 0x00, 0x00, 0x00, 0x0C, 0xFF, 0xFF,
    0x80, 0x00, 0x00, 0x00, 0x00, 0x00, 0x00, 0x00, 0x00, 0x00, 0x00, 0x0C, 0xFF, 0xFF, 0x80, 0x00,
    0x00, 0x00, 0x00, 0x00, 0x00, 0x00, 0x00, 0x00, 0x00, 0x0C, 0xFF, 0xFF, 0x80, 0x00, 0x00, 0x00,
    0x00, 0x00, 0x00, 0x00, 0x00, 0x00, 0x00, 0x0C, 0xFF, 0xFF, 0x80, 0x00, 0x00, 0x00, 0x00, 0x00,
    0x00, 0x00, 0x00, 0x00, 0x00, 0x0C, 0xFF, 0xFF, 0x80, 0x00, 0x00, 0x00, 0x00, 0x00, 0x00, 0x00,
    0x00, 0x00, 0x00, 0x0C, 0xFF, 0xFF, 0x80, 0x00, 0x00, 0x00, 0x00, 0x00, 0x08, 0xFF, 0xFF, 0xFF,
    0xFF, 0xFF, 0xFF, 0xFF, 0xFF, 0xFF, 0xFF, 0xFF, 0xFF, 0x30, 0x08, 0xFF, 0xFF, 0xFF, 0xFF, 0xFF,
    0xFF, 0xFF, 0xFF, 0xFF, 0xFF, 0xFF, 0xFF, 0x30, 0x08, 0xFF, 0xFF, 0xFF, 0xFF, 0xFF, 0xFF, 0xFF,
    0xFF, 0xFF, 0xFF, 0xFF, 0xFF, 0x30, 0x08, 0xFF, 0xFF, 0xFF, 0xFF, 0xFF, 0xFF, 0xFF, 0xFF, 0xFF,
    0xFF, 0xFF, 0xFF, 0x30, 0x08, 0xFF, 0xFF, 0xFF, 0xFF, 0xFF, 0xFF, 0xFF, 0xFF, 0xFF, 0xFF, 0xFF,
    0xFF, 0x30, 0x00, 0x00, 0x00, 0x00, 0x00, 0x0C, 0xFF, 0xFF, 0x80, 0x00, 0x00, 0x00, 0x00, 0x00,
    0x00, 0x00, 0x00, 0x00, 0x00, 0x0C, 0xFF, 0xFF, 0x80, 0x00, 0x00, 0x00, 0x00, 0x00, 0x00, 0x00,
    0x00, 0x00, 0x00, 0x0C, 0xFF, 0xFF, 0x80, 0x00, 0x00, 0x00, 0x00, 0x00, 0x00, 0x00, 0x00, 0x00,
    0x00, 0x0C, 0xFF, 0xFF, 0x80, 0x00, 0x00, 0x00, 0x00, 0x00, 0x00, 0x00, 0x00, 0x00, 0x00, 0x0C,
    0xFF, 0xFF, 0x80, 0x00, 0x00, 0x00, 0x00, 0x00, 0x00, 0x00, 0x00, 0x00, 0x00, 0x0C, 0xFF, 0xFF,
    0x80, 0x00, 0x00, 0x00, 0x00, 0x00, 0x00, 0x00, 0x00, 0x00, 0x00, 0x0C, 0xFF, 0xFF, 0x80, 0x00,
    0x00, 0x00, 0x00, 0x00, 0x00, 0x00, 0x00, 0x00, 0x00, 0x0C, 0xFF, 0xFF, 0x80, 0x00, 0x00, 0x00,
    0x00, 0x00, 0x00, 0x00, 0x00, 0x00, 0x00, 0x0C, 0xFF, 0xFF, 0x80, 0x00, 0x00, 0x00, 0x00, 0x00,
    0x00, 0x00, 0x00, 0x00, 0x00, 0x0C, 0xFF, 0xFF, 0x80, 0x00, 0x00, 0x00, 0x00, 0x00, 0x00, 0x00,
    0x00, 0x00, 0x00, 0x00, 0x00, 0x00, 0x00, 0x00, 0x00, 0x00, 0x00, 0x00, 0x00, 0x00, 0x00, 0x00,
    0x00, 0x00, 0x00, 0x00, 0x00, 0x00, 0x00, 0x00, 0x00, 0x00, 0x00, 0x00, 0x00, 0x00, 0x00, 0xAF,
    0xFF, 0xFF, 0xF6, 0x00, 0x00, 0x00, 0x00, 0x00, 0x00, 0x00, 0x00, 0x00, 0x00, 0xAF, 0xFF, 0xFF,
    0xF6, 0x00, 0x00, 0x00, 0x00, 0x00, 0x00, 0x00, 0x00, 0x00, 0x00, 0xAF, 0xFF, 0xFF, 0xF6, 0x00,
    0x00, 0x00, 0x00, 0x00, 0x00, 0x00, 0x00, 0x00, 0x00, 0xAF, 0xFF, 0xFF, 0xF6, 0x00, 0x00, 0x00,
    0x00, 0x00, 0x00, 0x00, 0x00, 0x00, 0x00, 0xAF, 0xFF, 0xFF, 0xF6, 0x00, 0x00, 0x00, 0x00, 0x00,
    0x00, 0x00, 0x00, 0x00, 0x00, 0xAF, 0xFF, 0xFF, 0xF6, 0x00, 0x00, 0x00, 0x00, 0x00, 0x00, 0x00,
    0x00, 0x00, 0x00, 0xBF, 0xFF, 0xFF, 0xF4, 0x00, 0x00, 0x00, 0x00, 0x00, 0x00, 0x00, 0x00, 0x00,
    0x00, 0xEF, 0xFF, 0xFF, 0xB0, 0x00, 0x00, 0x00, 0x00, 0x00, 0x00, 0x00, 0x00, 0x00, 0x03, 0xFF,
    0xFF, 0xFF, 0x40, 0x00, 0x00, 0x00, 0x00, 0x00, 0x00, 0x00, 0x00, 0x00, 0x07, 0xFF, 0xFF, 0xFB,
    0x00, 0x00, 0x00, 0x00, 0x00, 0x00, 0x00, 0x00, 0x00, 0x00, 0x0B, 0xFF, 0xFF, 0xF4, 0x00, 0x00,
    0x00, 0x00, 0x00, 0x00, 0x00, 0x00, 0x00, 0x00, 0x0E, 0xFF, 0xFF, 0xB0, 0x00, 0x00, 0x00, 0x00,
    0x00, 0x00, 0x00, 0x00, 0x00, 0x00, 0x4F, 0xFF, 0xFF, 0x40, 0x00, 0x00, 0x00, 0x00, 0x00, 0x00,
    0x00, 0x00, 0x00, 0x00, 0x7F, 0xFF, 0xFB, 0x00, 0x00, 0x00, 0x00, 0x00, 0x00, 0x00, 0x00, 0x00,
    0x00, 0x00, 0xBF, 0xFF, 0xF4, 0x00, 0x00, 0x00, 0x00, 0x00, 0x00, 0x00, 0x00, 0x00, 0x00, 0x4F,
    0xFF, 0xFF, 0xFF, 0xFF, 0xFF, 0xFF, 0xE0, 0x00, 0x00, 0x00, 0x00, 0x00, 0x00, 0x4F, 0xFF, 0xFF,
    0xFF, 0xFF, 0xFF, 0xFF, 0xE0, 0x00, 0x00, 0x00, 0x00, 0x00, 0x00, 0x4F, 0xFF, 0xFF, 0xFF, 0xFF,
    0xFF, 0xFF, 0xE0, 0x00, 0x00, 0x00, 0x00, 0x00, 0x00, 0x4F, 0xFF, 0xFF, 0xFF, 0xFF, 0xFF, 0xFF,
    0xE0, 0x00, 0x00, 0x00, 0x00, 0x00, 0x00, 0x4F, 0xFF, 0xFF, 0xFF, 0xFF, 0xFF, 0xFF, 0xE0, 0x00,
    0x00, 0x00, 0x00, 0x00, 0x00, 0x4F, 0xFF, 0xFF, 0xFF, 0xFF, 0xFF, 0xFF, 0xE0, 0x00, 0x00, 0x00,
    0x00, 0x00, 0x00, 0x4F, 0xFF, 0xFF, 0xFF, 0xFF, 0xFF, 0xFF, 0xE0, 0x00, 0x00, 0x00, 0x00, 0x00,
    0x00, 0x00, 0x00, 0x00, 0x00, 0x00, 0x00, 0x00, 0x00, 0x00, 0x00, 0x00, 0x00, 0x00, 0x00, 0x00,
    0x00, 0x00, 0x00, 0x00, 0x00, 0x00, 0x00, 0x00, 0x00, 0x00, 0x00, 0x00, 0x00, 0x00, 0x00, 0x00,
    0x00, 0x00, 0x00, 0x00, 0x00, 0x00, 0x00, 0x00, 0x00, 0x00, 0x00, 0x00, 0x00, 0x00, 0x00, 0x00,
    0x00, 0x00, 0x00, 0x00, 0x00, 0x00, 0x00, 0x00, 0x00, 0x00, 0x00, 0x00, 0x00, 0x00, 0x00, 0x00,
    0x00, 0x00, 0x00, 0x00, 0x00, 0x00, 0x00, 0x00, 0x00, 0x00, 0x00, 0x00, 0x00, 0x00, 0x00, 0x00,
    0x00, 0x00, 0x00, 0x00, 0x00, 0x00, 0x00, 0x00, 0x00, 0x00, 0x00, 0x00, 0x00, 0x00, 0x00, 0x00,
    0x00, 0x00, 0x00, 0x00, 0x00, 0x00, 0x00, 0x00, 0x00, 0x00, 0x00, 0x00, 0x00, 0x00, 0x00, 0x00,
    0x00, 0x00, 0x00, 0x00, 0x00, 0x00, 0x00, 0x00, 0x00, 0x00, 0x00, 0x00, 0x00, 0x00, 0x00, 0x00,
    0x00, 0x00, 0x00, 0x00, 0x00, 0x00, 0x00, 0x00, 0x00, 0x00, 0x00, 0x00, 0x00, 0x00, 0x00, 0xEF,
    0xFF, 0xFF, 0xF8, 0x00, 0x00, 0x00, 0x00, 0x00, 0x00, 0x00, 0x00, 0x00, 0x00, 0xEF, 0xFF, 0xFF,
    0xF8, 0x00, 0x00, 0x00, 0x00, 0x00, 0x00, 0x00, 0x00, 0x00, 0x00, 0xEF, 0xFF, 0xFF, 0xF8, 0x00,
    0x00, 0x00, 0x00, 0x00, 0x00, 0x00, 0x00, 0x00, 0x00, 0xEF, 0xFF, 0xFF, 0xF8, 0x00, 0x00, 0x00,
    0x00, 0x00, 0x00, 0x00, 0x00, 0x00, 0x00, 0xEF, 0xFF, 0xFF, 0xF8, 0x00, 0x00, 0x00, 0x00, 0x00,
    0x00, 0x00, 0x00, 0x00, 0x00, 0xEF, 0xFF, 0xFF, 0xF8, 0x00, 0x00, 0x00, 0x00, 0x00, 0x00, 0x00,
    0x00, 0x00, 0x00, 0xEF, 0xFF, 0xFF, 0xF8, 0x00, 0x00, 0x00, 0x00, 0x00, 0x00, 0x00, 0x00, 0x00,
    0x00, 0xEF, 0xFF, 0xFF, 0xF8, 0x00, 0x00, 0x00, 0x00, 0x00, 0x00, 0x00, 0x00, 0x00, 0x02, 0x8B,
    0xEF, 0xED, 0xA6, 0x10, 0x00, 0x00, 0x00, 0x00, 0x00, 0x00, 0x00, 0x01, 0x9F, 0xFF, 0xFF, 0xFF,
    0xFF, 0xE6, 0x00, 0x00, 0x00, 0x00, 0x00, 0x00, 0x00, 0x1C, 0xFF, 0xFF, 0xFF, 0xFF, 0xFF, 0xFF,
    0x90, 0x00, 0x00, 0x00, 0x00, 0x00, 0x00, 0xCF, 0xFF, 0xFF, 0xFF, 0xFF, 0xFF, 0xFF, 0xF8, 0x00,
    0x00, 0x00, 0x00, 0x00, 0x08, 0xFF, 0xFF, 0xFF, 0xFF, 0xFF, 0xFF, 0xFF, 0xFF, 0x40, 0x00, 0x00,
    0x00, 0x00, 0x2F, 0xFF, 0xFF, 0xFF, 0xFF, 0xFF, 0xFF, 0xFF, 0xFF, 0xC0, 0x00, 0x00, 0x00, 0x00,
    0x8F, 0xFF, 0xFF, 0xFE, 0x51, 0x28, 0xFF, 0xFF, 0xFF, 0xF4, 0x00, 0x00, 0x00, 0x00, 0xDF, 0xFF,
    0xFF, 0xF3, 0x00, 0x00, 0x7F, 0xFF, 0xFF, 0xF9, 0x00, 0x00, 0x00, 0x03, 0xFF, 0xFF, 0xFF, 0x90,
    0x00, 0x00, 0x0E, 0xFF, 0xFF, 0xFE, 0x00, 0x00, 0x00, 0x07, 0xFF, 0xFF, 0xFF, 0x40, 0x00, 0x00,
    0x09, 0xFF, 0xFF, 0xFF, 0x20, 0x00, 0x00, 0x0A, 0xFF, 0xFF, 0xFF, 0x00, 0x00, 0x00, 0x05, 0xFF,
    0xFF, 0xFF, 0x50, 0x00, 0x00, 0x0D, 0xFF, 0xFF, 0xFC, 0x00, 0x00, 0x00, 0x02, 0xFF, 0xFF, 0xFF,
    0x80, 0x00, 0x00, 0x0E, 0xFF, 0xFF, 0xFA, 0x00, 0x00, 0x00, 0x00, 0xFF, 0xFF, 0xFF, 0xA0, 0x00,
    0x00, 0x1F, 0xFF, 0xFF, 0xF9, 0x00, 0x00, 0x00, 0x00, 0xEF, 0xFF, 0xFF, 0xB0, 0x00, 0x00, 0x2F,
    0xFF, 0xFF, 0xF8, 0x00, 0x9E, 0xD5, 0x00, 0xCF, 0xFF, 0xFF, 0xD0, 0x00, 0x00, 0x3F, 0xFF, 0xFF,
    0xF7, 0x08, 0xFF, 0xFF, 0x30, 0xCF, 0xFF, 0xFF, 0xD0, 0x00, 0x00, 0x3F, 0xFF, 0xFF, 0xF7, 0x0D,
    0xFF, 0xFF, 0x80, 0xBF, 0xFF, 0xFF, 0xE0, 0x00, 0x00, 0x3F, 0xFF, 0xFF, 0xF7, 0x0D, 0xFF, 0xFF,
    0x80, 0xBF, 0xFF, 0xFF, 0xE0, 0x00, 0x00, 0x3F, 0xFF, 0xFF, 0xF7, 0x08, 0xFF, 0xFF, 0x30, 0xBF,
    0xFF, 0xFF, 0xE0, 0x00, 0x00, 0x3F, 0xFF, 0xFF, 0xF7, 0x01, 0x9E, 0xD5, 0x00, 0xCF, 0xFF, 0xFF,
    0xD0, 0x00, 0x00, 0x2F, 0xFF, 0xFF, 0xF8, 0x00, 0x00, 0x00, 0x00, 0xCF, 0xFF, 0xFF, 0xD0, 0x00,
    0x00, 0x1F, 0xFF, 0xFF, 0xF9, 0x00, 0x00, 0x00, 0x00, 0xEF, 0xFF, 0xFF, 0xB0, 0x00, 0x00, 0x0E,
    0xFF, 0xFF, 0xFA, 0x00, 0x00, 0x00, 0x00, 0xFF, 0xFF, 0xFF, 0xA0, 0x00, 0x00, 0x0D, 0xFF, 0xFF,
    0xFC, 0x00, 0x00, 0x00, 0x02, 0xFF, 0xFF, 0xFF, 0x80, 0x00, 0x00, 0x0A, 0xFF, 0xFF, 0xFF, 0x00,
    0x00, 0x00, 0x05, 0xFF, 0xFF, 0xFF, 0x50, 0x00, 0x00, 0x07, 0xFF, 0xFF, 0xFF, 0x40, 0x00, 0x00,
    0x09, 0xFF, 0xFF, 0xFF, 0x20, 0x00, 0x00, 0x03, 0xFF, 0xFF, 0xFF, 0x90, 0x00, 0x00, 0x0D, 0xFF,
    0xFF, 0xFE, 0x00, 0x00, 0x00, 0x00, 0xDF, 0xFF, 0xFF, 0xF3, 0x00, 0x00, 0x7F, 0xFF, 0xFF, 0xF9,
    0x00, 0x00, 0x00, 0x00, 0x8F, 0xFF, 0xFF, 0xFE, 0x51, 0x27, 0xFF, 0xFF, 0xFF, 0xF4, 0x00, 0x00,
    0x00, 0x00, 0x2F, 0xFF, 0xFF, 0xFF, 0xFF, 0xFF, 0xFF, 0xFF, 0xFF, 0xC0, 0x00, 0x00, 0x00, 0x00,
    0x08, 0xFF, 0xFF, 0xFF, 0xFF, 0xFF, 0xFF, 0xFF, 0xFF, 0x40, 0x00, 0x00, 0x00, 0x00, 0x00, 0xCF,
    0xFF, 0xFF, 0xFF, 0xFF, 0xFF, 0xFF, 0xF8, 0x00, 0x00, 0x00, 0x00, 0x00, 0x00, 0x1C, 0xFF, 0xFF,
    0xFF, 0xFF, 0xFF, 0xFF, 0x90, 0x00, 0x00, 0x00, 0x00, 0x00, 0x00, 0x01, 0x9F, 0xFF, 0xFF, 0xFF,
    0xFF, 0xE6, 0x00, 0x00, 0x00, 0x00, 0x00, 0x00, 0x00, 0x00, 0x02, 0x8B, 0xEF, 0xFD, 0xB6, 0x10,
    0x00, 0x00, 0x00, 0x00, 0x00, 0x00, 0x00, 0x00, 0x16, 0xAE, 0xFF, 0xFF, 0xFF, 0x10, 0x00, 0x00,
    0x00, 0x00, 0x00, 0x00, 0x03, 0x8C, 0xFF, 0xFF, 0xFF, 0xFF, 0xFF, 0x10, 0x00, 0x00, 0x00, 0x00,
    0x00, 0x00, 0x4F, 0xFF, 0xFF, 0xFF, 0xFF, 0xFF, 0xFF, 0x10, 0x00, 0x00, 0x00, 0x00, 0x00, 0x00,
    0x4F, 0xFF, 0xFF, 0xFF, 0xFF, 0xFF, 0xFF, 0x10, 0x00, 0x00, 0x00, 0x00, 0x00, 0x00, 0x4F, 0xFF,
    0xFF, 0xFF, 0xFF, 0xFF, 0xFF, 0x10, 0x00, 0x00, 0x00, 0x00, 0x00, 0x00, 0x4F, 0xFF, 0xFF, 0xFF,
    0xFF, 0xFF, 0xFF, 0x10, 0x00, 0x00, 0x00, 0x00, 0x00, 0x00, 0x4F, 0xFF, 0xE9, 0x56, 0xFF, 0xFF,
    0xFF, 0x10, 0x00, 0x00, 0x00, 0x00, 0x00, 0x00, 0x4C, 0x73, 0x00, 0x05, 0xFF, 0xFF, 0xFF, 0x10,
    0x00, 0x00, 0x00, 0x00, 0x00, 0x00, 0x00, 0x00, 0x00, 0x05, 0xFF, 0xFF, 0xFF, 0x10, 0x00, 0x00,
    0x00, 0x00, 0x00, 0x00, 0x00, 0x00, 0x00, 0x05, 0xFF, 0xFF, 0xFF, 0x10, 0x00, 0x00, 0x00, 0x00,
    0x00, 0x00, 0x00, 0x00, 0x00, 0x05, 0xFF, 0xFF, 0xFF, 0x10, 0x00, 0x00, 0x00, 0x00, 0x00, 0x00,
    0x00, 0x00, 0x00, 0x05, 0xFF, 0xFF, 0xFF, 0x10, 0x00, 0x00, 0x00, 0x00, 0x00, 0x00, 0x00, 0x00,
    0x00, 0x05, 0xFF, 0xFF, 0xFF, 0x10, 0x00, 0x00, 0x00, 0x00, 0x00, 0x00, 0x00, 0x00, 0x00, 0x05,
    0xFF, 0xFF, 0xFF, 0x10, 0x00, 0x00, 0x00, 0x00, 0x00, 0x00, 0x00, 0x00, 0x00, 0x05, 0xFF, 0xFF,
    0xFF, 0x10, 0x00, 0x00, 0x00, 0x00, 0x00, 0x00, 0x00, 0x00, 0x00, 0x05, 0xFF, 0xFF, 0xFF, 0x10,
    0x00, 0x00, 0x00, 0x00, 0x00, 0x00, 0x00, 0x00, 0x00, 0x05, 0xFF, 0xFF, 0xFF, 0x10, 0x00, 0x00,
    0x00, 0x00, 0x00, 0x00, 0x00, 0x00, 0x00, 0x05, 0xFF, 0xFF, 0xFF, 0x10, 0x00, 0x00, 0x00, 0x00,
    0x00, 0x00, 0x00, 0x00, 0x00, 0x05, 0xFF, 0xFF, 0xFF, 0x10, 0x00, 0x00, 0x00, 0x00, 0x00, 0x00,
    0x00, 0x00, 0x00, 0x05, 0xFF, 0xFF, 0xFF, 0x10, 0x00, 0x00, 0x00, 0x00, 0x00, 0x00, 0x00, 0x00,
    0x00, 0x05, 0xFF, 0xFF, 0xFF, 0x10, 0x00, 0x00, 0x00, 0x00, 0x00, 0x00, 0x00, 0x00, 0x00, 0x05,
    0xFF, 0xFF, 0xFF, 0x10, 0x00, 0x00, 0x00, 0x00, 0x00, 0x00, 0x00, 0x00, 0x00, 0x05, 0xFF, 0xFF,
    0xFF, 0x10, 0x00, 0x00, 0x00, 0x00, 0x00, 0x00, 0x00, 0x00, 0x00, 0x05, 0xFF, 0xFF, 0xFF, 0x10,
    0x00, 0x00, 0x00, 0x00, 0x00, 0x00, 0x00, 0x00, 0x00, 0x05, 0xFF, 0xFF, 0xFF, 0x10, 0x00, 0x00,
    0x00, 0x00, 0x00, 0x00, 0x00, 0x00, 0x00, 0x05, 0xFF, 0xFF, 0xFF, 0x10, 0x00, 0x00, 0x00, 0x00,
    0x00, 0x00, 0x00, 0x00, 0x00, 0x05, 0xFF, 0xFF, 0xFF, 0x10, 0x00, 0x00, 0x00, 0x00, 0x00, 0x00,
    0x00, 0x00, 0x00, 0x05, 0xFF, 0xFF, 0xFF, 0x10, 0x00, 0x00, 0x00, 0x00, 0x00, 0x00, 0xCF, 0xFF,
    0xFF, 0xFF, 0xFF, 0xFF, 0xFF, 0xFF, 0xFF, 0xFF, 0xF8, 0x00, 0x00, 0x00, 0xCF, 0xFF, 0xFF, 0xFF,
    0xFF, 0xFF, 0xFF, 0xFF, 0xFF, 0xFF, 0xF8, 0x00, 0x00, 0x00, 0xCF, 0xFF, 0xFF, 0xFF, 0xFF, 0xFF,
    0xFF, 0xFF, 0xFF, 0xFF, 0xF8, 0x00, 0x00, 0x00, 0xCF, 0xFF, 0xFF, 0xFF, 0xFF, 0xFF, 0xFF, 0xFF,
    0xFF, 0xFF, 0xF8, 0x00, 0x00, 0x00, 0xCF, 0xFF, 0xFF, 0xFF, 0xFF, 0xFF, 0xFF, 0xFF, 0xFF, 0xFF,
    0xF8, 0x00, 0x00, 0x00, 0xCF, 0xFF, 0xFF, 0xFF, 0xFF, 0xFF, 0xFF, 0xFF, 0xFF, 0xFF, 0xF8, 0x00,
    0x00, 0x00, 0x00, 0x15, 0x9B, 0xDE, 0xFE, 0xDB, 0x83, 0x00, 0x00, 0x00, 0x00, 0x00, 0x00, 0x01,
    0x6C, 0xFF, 0xFF, 0xFF, 0xFF, 0xFF, 0xFF, 0xC5, 0x00, 0x00, 0x00, 0x00, 0x00, 0x0B, 0xFF, 0xFF,
    0xFF, 0xFF, 0xFF, 0xFF, 0xFF, 0xFF, 0x90, 0x00, 0x00, 0x00, 0x00, 0x0B, 0xFF, 0xFF, 0xFF, 0xFF,
    0xFF, 0xFF, 0xFF, 0xFF, 0xFA, 0x00, 0x00, 0x00, 0x00, 0x0B, 0xFF, 0xFF, 0xFF, 0xFF, 0xFF, 0xFF,
    0xFF, 0xFF, 0xFF, 0x70, 0x00, 0x00, 0x00, 0x0B, 0xFF, 0xFF, 0xFF, 0xFF, 0xFF, 0xFF, 0xFF, 0xFF,
    0xFF, 0xE1, 0x00, 0x00, 0x00, 0x0B, 0xFF, 0xE9, 0x63, 0x10, 0x13, 0x7E, 0xFF, 0xFF, 0xFF, 0xF5,
    0x00, 0x00, 0x00, 0x09, 0x83, 0x00, 0x00, 0x00, 0x00, 0x02, 0xDF, 0xFF, 0xFF, 0xF9, 0x00, 0x00,
    0x00, 0x00, 0x00, 0x00, 0x00, 0x00, 0x00, 0x00, 0x5F, 0xFF, 0xFF, 0xFB, 0x00, 0x00, 0x00, 0x00,
    0x00, 0x00, 0x00, 0x00, 0x00, 0x00, 0x1F, 0xFF, 0xFF, 0xFC, 0x00, 0x00, 0x00, 0x00, 0x00, 0x00,
    0x00, 0x00, 0x00, 0x00, 0x0E, 0xFF, 0xFF, 0xFB, 0x00, 0x00, 0x00, 0x00, 0x00, 0x00, 0x00, 0x00,
    0x00, 0x00, 0x0F, 0xFF, 0xFF, 0xF9, 0x00, 0x00, 0x00, 0x00, 0x00, 0x00, 0x00, 0x00, 0x00, 0x00,
    0x3F, 0xFF, 0xFF, 0xF6, 0x00, 0x00, 0x00, 0x00, 0x00, 0x00, 0x00, 0x00, 0x00, 0x00, 0x9F, 0xFF,
    0xFF, 0xE1, 0x00, 0x00, 0x00, 0x00, 0x00, 0x00, 0x00, 0x00, 0x00, 0x03, 0xFF, 0xFF, 0xFF, 0x90,
    0x00, 0x00, 0x00, 0x00, 0x00, 0x00, 0x00, 0x00, 0x00, 0x1C, 0xFF, 0xFF, 0xFE, 0x10, 0x00, 0x00,
    0x00, 0x00, 0x00, 0x00, 0x00, 0x00, 0x00, 0xAF, 0xFF, 0xFF, 0xF5, 0x00, 0x00, 0x00, 0x00, 0x00,
    0x00, 0x00, 0x00, 0x00, 0x07, 0xFF, 0xFF, 0xFF, 0xA0, 0x00, 0x00, 0x00, 0x00, 0x00, 0x00, 0x00,
    0x00, 0x00, 0x6F, 0xFF, 0xFF, 0xFC, 0x00, 0x00, 0x00, 0x00, 0x00, 0x00, 0x00, 0x00, 0x00, 0x05,
    0xFF, 0xFF, 0xFF, 0xD1, 0x00, 0x00, 0x00, 0x00, 0x00, 0x00, 0x00, 0x00, 0x00, 0x4F, 0xFF, 0xFF,
    0xFD, 0x20, 0x00, 0x00, 0x00, 0x00, 0x00, 0x00, 0x00, 0x00, 0x03, 0xEF, 0xFF, 0xFF, 0xD2, 0x00,
    0x00, 0x00, 0x00, 0x00, 0x00, 0x00, 0x00, 0x00, 0x3E, 0xFF, 0xFF, 0xFE, 0x20, 0x00, 0x00, 0x00,
    0x00, 0x00, 0x00, 0x00, 0x00, 0x02, 0xEF, 0xFF, 0xFF, 0xE3, 0x00, 0x00, 0x00, 0x00, 0x00, 0x00,
    0x00, 0x00, 0x00, 0x2D, 0xFF, 0xFF, 0xFE, 0x30, 0x00, 0x00, 0x00, 0x00, 0x00, 0x00, 0x00, 0x00,
    0x01, 0xDF, 0xFF, 0xFF, 0xE3, 0x00, 0x00, 0x00, 0x00, 0x00, 0x00, 0x00, 0x00, 0x00, 0x1C, 0xFF,
    0xFF, 0xFE, 0x30, 0x00, 0x00, 0x00, 0x00, 0x00, 0x00, 0x00, 0x00, 0x01, 0xCF, 0xFF, 0xFF, 0xE4,
    0x00, 0x00, 0x00, 0x00, 0x00, 0x00, 0x00, 0x00, 0x00, 0x0B, 0xFF, 0xFF, 0xFF, 0x40, 0x00, 0x00,
    0x00, 0x00, 0x00, 0x00, 0x00, 0x00, 0x00, 0x6F, 0xFF, 0xFF, 0xFF, 0xFF, 0xFF, 0xFF, 0xFF, 0xFF,
    0xFF, 0xFD, 0x00, 0x00, 0x00, 0x6F, 0xFF, 0xFF, 0xFF, 0xFF, 0xFF, 0xFF, 0xFF, 0xFF, 0xFF, 0xFD,
    0x00, 0x00, 0x00, 0x6F, 0xFF, 0xFF, 0xFF, 0xFF, 0xFF, 0xFF, 0xFF, 0xFF, 0xFF, 0xFD, 0x00, 0x00,
    0x00, 0x6F, 0xFF, 0xFF, 0xFF, 0xFF, 0xFF, 0xFF, 0xFF, 0xFF, 0xFF, 0xFD, 0x00, 0x00, 0x00, 0x6F,
    0xFF, 0xFF, 0xFF, 0xFF, 0xFF, 0xFF, 0xFF, 0xFF, 0xFF, 0xFD, 0x00, 0x00, 0x00, 0x6F, 0xFF, 0xFF,
    0xFF, 0xFF, 0xFF, 0xFF, 0xFF, 0xFF, 0xFF, 0xFD, 0x00, 0x00, 0x00, 0x00, 0x24, 0x69, 0xBD, 0xEE,
    0xFE, 0xDC, 0x95, 0x00, 0x00, 0x00, 0x00, 0x00, 0x00, 0x03, 0xFF, 0xFF, 0xFF, 0xFF, 0xFF, 0xFF,
    0xFF, 0xE7, 0x00, 0x00, 0x00, 0x00, 0x00, 0x03, 0xFF, 0xFF, 0xFF, 0xFF, 0xFF, 0xFF, 0xFF, 0xFF,
    0xC2, 0x00, 0x00, 0x00, 0x00, 0x03, 0xFF, 0xFF, 0xFF, 0xFF, 0xFF, 0xFF, 0xFF, 0xFF, 0xFD, 0x20,
    0x00, 0x00, 0x00, 0x03, 0xFF, 0xFF, 0xFF, 0xFF, 0xFF, 0xFF, 0xFF, 0xFF, 0xFF, 0xA0, 0x00, 0x00,
    0x00, 0x03, 0xFF, 0xFF, 0xFF, 0xFF, 0xFF, 0xFF, 0xFF, 0xFF, 0xFF, 0xF3, 0x00, 0x00, 0x00, 0x03,
    0xDB, 0x86, 0x42, 0x10, 0x01, 0x4A, 0xFF, 0xFF, 0xFF, 0xF8, 0x00, 0x00, 0x00, 0x00, 0x00, 0x00,
    0x00, 0x00, 0x00, 0x00, 0x7F, 0xFF, 0xFF, 0xFC, 0x00, 0x00, 0x00, 0x00, 0x00, 0x00, 0x00, 0x00,
    0x00, 0x00, 0x0C, 0xFF, 0xFF, 0xFD, 0x00, 0x00, 0x00, 0x00, 0x00, 0x00, 0x00, 0x00, 0x00, 0x00,
    0x08, 0xFF, 0xFF, 0xFD, 0x00, 0x00, 0x00, 0x00, 0x00, 0x00, 0x00, 0x00, 0x00, 0x00, 0x08, 0xFF,
    0xFF, 0xFC, 0x00, 0x00, 0x00, 0x00, 0x00, 0x00, 0x00, 0x00, 0x00, 0x00, 0x0B, 0xFF, 0xFF, 0xF9,
    0x00, 0x00, 0x00, 0x00, 0x00, 0x00, 0x00, 0x00, 0x00, 0x00, 0x6F, 0xFF, 0xFF, 0xF4, 0x00, 0x00,
    0x00, 0x00, 0x00, 0x00, 0x00, 0x00, 0x01, 0x4A, 0xFF, 0xFF, 0xFF, 0xB0, 0x00, 0x00, 0x00, 0x00,
    0x00, 0x00, 0x3F, 0xFF, 0xFF, 0xFF, 0xFF, 0xFF, 0xFD, 0x10, 0x00, 0x00, 0x00, 0x00, 0x00, 0x00,
    0x3F, 0xFF, 0xFF, 0xFF, 0xFF, 0xFF, 0xA1, 0x00, 0x00, 0x00, 0x00, 0x00, 0x00, 0x00, 0x3F, 0xFF,
    0xFF, 0xFF, 0xFD, 0x83, 0x00, 0x00, 0x00, 0x00, 0x00, 0x00, 0x00, 0x00, 0x3F, 0xFF, 0xFF, 0xFF,
    0xFF, 0xD8, 0x20, 0x00, 0x00, 0x00, 0x00, 0x00, 0x00, 0x00, 0x3F, 0xFF, 0xFF, 0xFF, 0xFF, 0xFF,
    0xF8, 0x00, 0x00, 0x00, 0x00, 0x00, 0x00, 0x00, 0x3F, 0xFF, 0xFF, 0xFF, 0xFF, 0xFF, 0xFF, 0xA0,
    0x00, 0x00, 0x00, 0x00, 0x00, 0x00, 0x00, 0x00, 0x01, 0x48, 0xEF, 0xFF, 0xFF, 0xF6, 0x00, 0x00,
    0x00, 0x00, 0x00, 0x00, 0x00, 0x00, 0x00, 0x00, 0x2D, 0xFF, 0xFF, 0xFE, 0x00, 0x00, 0x00, 0x00,
    0x00, 0x00, 0x00, 0x00, 0x00, 0x00, 0x04, 0xFF, 0xFF, 0xFF, 0x50, 0x00, 0x00, 0x00, 0x00, 0x00,
    0x00, 0x00, 0x00, 0x00, 0x00, 0xDF, 0xFF, 0xFF, 0x80, 0x00, 0x00, 0x00, 0x00, 0x00, 0x00, 0x00,
    0x00, 0x00, 0x00, 0xAF, 0xFF, 0xFF, 0xA0, 0x00, 0x00, 0x00, 0x00, 0x00, 0x00, 0x00, 0x00, 0x00,
    0x00, 0xBF, 0xFF, 0xFF, 0xA0, 0x00, 0x00, 0x00, 0x00, 0x00, 0x00, 0x00, 0x00, 0x00, 0x01, 0xFF,
    0xFF, 0xFF, 0x90, 0x00, 0x00, 0x3B, 0x50, 0x00, 0x00, 0x00, 0x00, 0x00, 0x1B, 0xFF, 0xFF, 0xFF,
    0x70, 0x00, 0x00, 0x3F, 0xFF, 0xB7, 0x53, 0x11, 0x01, 0x37, 0xEF, 0xFF, 0xFF, 0xFF, 0x30, 0x00,
    0x00, 0x3F, 0xFF, 0xFF, 0xFF, 0xFF, 0xFF, 0xFF, 0xFF, 0xFF, 0xFF, 0xFD, 0x00, 0x00, 0x00, 0x3F,
    0xFF, 0xFF, 0xFF, 0xFF, 0xFF, 0xFF, 0xFF, 0xFF, 0xFF, 0xF5, 0x00, 0x00, 0x00, 0x3F, 0xFF, 0xFF,
    0xFF, 0xFF, 0xFF, 0xFF, 0xFF, 0xFF, 0xFF, 0x90, 0x00, 0x00, 0x00, 0x3F, 0xFF, 0xFF, 0xFF, 0xFF,
    0xFF, 0xFF, 0xFF, 0xFF, 0xF8, 0x00, 0x00, 0x00, 0x00, 0x04, 0x9E, 0xFF, 0xFF, 0xFF, 0xFF, 0xFF,
    0xFF, 0xFB, 0x30, 0x00, 0x00, 0x00, 0x00, 0x00, 0x00, 0x37, 0xAC, 0xEE, 0xFE, 0xDC, 0x96, 0x20,
    0x00, 0x00, 0x00, 0x00, 0x00, 0x00, 0x00, 0x00, 0x00, 0x00, 0x00, 0x5F, 0xFF, 0xFF, 0xFE, 0x00,
    0x00, 0x00, 0x00, 0x00, 0x00, 0x00, 0x00, 0x00, 0x01, 0xDF, 0xFF, 0xFF, 0xFE, 0x00, 0x00, 0x00,
    0x00, 0x00, 0x00, 0x00, 0x00, 0x00, 0x08, 0xFF, 0xFF, 0xFF, 0xFE, 0x00, 0x00, 0x00, 0x00, 0x00,
    0x00, 0x00, 0x00, 0x00, 0x3F, 0xFF, 0xFF, 0xFF, 0xFE, 0x00, 0x00, 0x00, 0x00, 0x00, 0x00, 0x00,
    0x00, 0x00, 0xCF, 0xFF, 0xFF, 0xFF, 0xFE, 0x00, 0x00, 0x00, 0x00, 0x00, 0x00, 0x00, 0x00, 0x06,
    0xFF, 0xFF, 0xFF, 0xFF, 0xFE, 0x00, 0x00, 0x00, 0x00, 0x00, 0x00, 0x00, 0x00, 0x2E, 0xFF, 0xFF,
    0xFF, 0xFF, 0xFE, 0x00, 0x00, 0x00, 0x00, 0x00, 0x00, 0x00, 0x00, 0xAF, 0xFF, 0xFE, 0xFF, 0xFF,
    0xFE, 0x00, 0x00, 0x00, 0x00, 0x00, 0x00, 0x00, 0x04, 0xFF, 0xFF, 0xE7, 0xFF, 0xFF, 0xFE, 0x00,
    0x00, 0x00, 0x00, 0x00, 0x00, 0x00, 0x1D, 0xFF, 0xFF, 0x56, 0xFF, 0xFF, 0xFE, 0x00, 0x00, 0x00,
    0x00, 0x00, 0x00, 0x00, 0x8F, 0xFF, 0xFB, 0x06, 0xFF, 0xFF, 0xFE, 0x00, 0x00, 0x00, 0x00, 0x00,
    0x00, 0x03, 0xFF, 0xFF, 0xE2, 0x06, 0xFF, 0xFF, 0xFE, 0x00, 0x00, 0x00, 0x00, 0x00, 0x00, 0x0C,
    0xFF, 0xFF, 0x70, 0x06, 0xFF, 0xFF, 0xFE, 0x00, 0x00, 0x00, 0x00, 0x00, 0x00, 0x6F, 0xFF, 0xFC,
    0x00, 0x06, 0xFF, 0xFF, 0xFE, 0x00, 0x00, 0x00, 0x00, 0x00, 0x01, 0xEF, 0xFF, 0xF3, 0x00, 0x06,
    0xFF, 0xFF, 0xFE, 0x00, 0x00, 0x00, 0x00, 0x00, 0x0A, 0xFF, 0xFF, 0x90, 0x00, 0x06, 0xFF, 0xFF,
    0xFE, 0x00, 0x00, 0x00, 0x00, 0x00, 0x4F, 0xFF, 0xFD, 0x10, 0x00, 0x06, 0xFF, 0xFF, 0xFE, 0x00,
    0x00, 0x00, 0x00, 0x00, 0xDF, 0xFF, 0xF5, 0x00, 0x00, 0x06, 0xFF, 0xFF, 0xFE, 0x00, 0x00, 0x00,
    0x00, 0x08, 0xFF, 0xFF, 0xA0, 0x00, 0x00, 0x06, 0xFF, 0xFF, 0xFE, 0x00, 0x00, 0x00, 0x00, 0x2F,
    0xFF, 0xFE, 0x20, 0x00, 0x00, 0x06, 0xFF, 0xFF, 0xFE, 0x00, 0x00, 0x00, 0x00, 0xAF, 0xFF, 0xF7,
    0x00, 0x00, 0x00, 0x06, 0xFF, 0xFF, 0xFE, 0x00, 0x00, 0x00, 0x00, 0xBF, 0xFF, 0xFF, 0xFF, 0xFF,
    0xFF, 0xFF, 0xFF, 0xFF, 0xFF, 0xFF, 0xF9, 0x00, 0x00, 0xBF, 0xFF, 0xFF, 0xFF, 0xFF, 0xFF, 0xFF,
    0xFF, 0xFF, 0xFF, 0xFF, 0xF9, 0x00, 0x00, 0xBF, 0xFF, 0xFF, 0xFF, 0xFF, 0xFF, 0xFF, 0xFF, 0xFF,
    0xFF, 0xFF, 0xF9, 0x00, 0x00, 0xBF, 0xFF, 0xFF, 0xFF, 0xFF, 0xFF, 0xFF, 0xFF, 0xFF, 0xFF, 0xFF,
    0xF9, 0x00, 0x00, 0xBF, 0xFF, 0xFF, 0xFF, 0xFF, 0xFF, 0xFF, 0xFF, 0xFF, 0xFF, 0xFF, 0xF9, 0x00,
    0x00, 0xBF, 0xFF, 0xFF, 0xFF, 0xFF, 0xFF, 0xFF, 0xFF, 0xFF, 0xFF, 0xFF, 0xF9, 0x00, 0x00, 0x00,
    0x00, 0x00, 0x00, 0x00, 0x00, 0x06, 0xFF, 0xFF, 0xFE, 0x00, 0x00, 0x00, 0x00, 0x00, 0x00, 0x00,
    0x00, 0x00, 0x00, 0x06, 0xFF, 0xFF, 0xFE, 0x00, 0x00, 0x00, 0x00, 0x00, 0x00, 0x00, 0x00, 0x00,
    0x00, 0x06, 0xFF, 0xFF, 0xFE, 0x00, 0x00, 0x00, 0x00, 0x00, 0x00, 0x00, 0x00, 0x00, 0x00, 0x06,
    0xFF, 0xFF, 0xFE, 0x00, 0x00, 0x00, 0x00, 0x00, 0x00, 0x00, 0x00, 0x00, 0x00, 0x06, 0xFF, 0xFF,
    0xFE, 0x00, 0x00, 0x00, 0x00, 0x00, 0x00, 0x00, 0x00, 0x00, 0x00, 0x06, 0xFF, 0xFF, 0xFE, 0x00,
    0x00, 0x00, 0x00, 0x00, 0x00, 0x00, 0x00, 0x00, 0x00, 0x06, 0xFF, 0xFF, 0xFE, 0x00, 0x00, 0x00,
    0x00, 0x00, 0xAF, 0xFF, 0xFF, 0xFF, 0xFF, 0xFF, 0xFF, 0xFF, 0xFF, 0x80, 0x00, 0x00, 0x00, 0x00,
    0xAF, 0xFF, 0xFF, 0xFF, 0xFF, 0xFF, 0xFF, 0xFF, 0xFF, 0x80, 0x00, 0x00, 0x00, 0x00, 0xAF, 0xFF,
    0xFF, 0xFF, 0xFF, 0xFF, 0xFF, 0xFF, 0xFF, 0x80, 0x00, 0x00, 0x00, 0x00, 0xAF, 0xFF, 0xFF, 0xFF,
    0xFF, 0xFF, 0xFF, 0xFF, 0xFF, 0x80, 0x00, 0x00, 0x00, 0x00, 0xAF, 0xFF, 0xFF, 0xFF, 0xFF, 0xFF,
    0xFF, 0xFF, 0xFF, 0x80, 0x00, 0x00, 0x00, 0x00, 0xAF, 0xFF, 0xFF, 0xFF, 0xFF, 0xFF, 0xFF, 0xFF,
    0xFF, 0x80, 0x00, 0x00, 0x00, 0x00, 0xAF, 0xFF, 0xFB, 0x00, 0x00, 0x00, 0x00, 0x00, 0x00, 0x00,
    0x00, 0x00, 0x00, 0x00, 0xAF, 0xFF, 0xFB, 0x00, 0x00, 0x00, 0x00, 0x00, 0x00, 0x00, 0x00, 0x00,
    0x00, 0x00, 0xAF, 0xFF, 0xFB, 0x00, 0x00, 0x00, 0x00, 0x00, 0x00, 0x00, 0x00, 0x00, 0x00, 0x00,
    0xAF, 0xFF, 0xFB, 0x00, 0x00, 0x00, 0x00, 0x00, 0x00, 0x00, 0x00, 0x00, 0x00, 0x00, 0xAF, 0xFF,
    0xFB, 0x00, 0x00, 0x00, 0x00, 0x00, 0x00, 0x00, 0x00, 0x00, 0x00, 0x00, 0xAF, 0xFF, 0xFB, 0x00,
    0x00, 0x00, 0x00, 0x00, 0x00, 0x00, 0x00, 0x00, 0x00, 0x00, 0xAF, 0xFF, 0xFC, 0x9C, 0xEF, 0xEC,
    0x95, 0x10, 0x00, 0x00, 0x00, 0x00, 0x00, 0x00, 0xAF, 0xFF, 0xFF, 0xFF, 0xFF, 0xFF, 0xFF, 0xE6,
    0x00, 0x00, 0x00, 0x00, 0x00, 0x00, 0xAF, 0xFF, 0xFF, 0xFF, 0xFF, 0xFF, 0xFF, 0xFF, 0xB1, 0x00,
    0x00, 0x00, 0x00, 0x00, 0xAF, 0xFF, 0xFF, 0xFF, 0xFF, 0xFF, 0xFF, 0xFF, 0xFC, 0x10, 0x00, 0x00,
    0x00, 0x00, 0xAF, 0xFF, 0xFF, 0xFF, 0xFF, 0xFF, 0xFF, 0xFF, 0xFF, 0xA0, 0x00, 0x00, 0x00, 0x00,
    0xAF, 0xFF, 0xFF, 0xFF, 0xFF, 0xFF, 0xFF, 0xFF, 0xFF, 0xF4, 0x00, 0x00, 0x00, 0x00, 0xAF, 0xEA,
    0x63, 0x10, 0x13, 0x7D, 0xFF, 0xFF, 0xFF, 0xFB, 0x00, 0x00, 0x00, 0x00, 0x87, 0x10, 0x00, 0x00,
    0x00, 0x00, 0x8F, 0xFF, 0xFF, 0xFF, 0x10, 0x00, 0x00, 0x00, 0x00, 0x00, 0x00, 0x00, 0x00, 0x00,
    0x09, 0xFF, 0xFF, 0xFF, 0x50, 0x00, 0x00, 0x00, 0x00, 0x00, 0x00, 0x00, 0x00, 0x00, 0x02, 0xFF,
    0xFF, 0xFF, 0x70, 0x00, 0x00, 0x00, 0x00, 0x00, 0x00, 0x00, 0x00, 0x00, 0x00, 0xEF, 0xFF, 0xFF,
    0x80, 0x00, 0x00, 0x00, 0x00, 0x00, 0x00, 0x00, 0x00, 0x00, 0x00, 0xEF, 0xFF, 0xFF, 0x80, 0x00,
    0x00, 0x00, 0x00, 0x00, 0x00, 0x00, 0x00, 0x00, 0x02, 0xFF, 0xFF, 0xFF, 0x70, 0x00, 0x00, 0x00,
    0x00, 0x00, 0x00, 0x00, 0x00, 0x00, 0x09, 0xFF, 0xFF, 0xFF, 0x50, 0x00, 0x00, 0x00, 0x00, 0x00,
    0x00, 0x00, 0x00, 0x00, 0x7F, 0xFF, 0xFF, 0xFF, 0x10, 0x00, 0x00, 0x0B, 0xB8, 0x53, 0x21, 0x00,
    0x13, 0x7D, 0xFF, 0xFF, 0xFF, 0xFB, 0x00, 0x00, 0x00, 0x0C, 0xFF, 0xFF, 0xFF, 0xFF, 0xFF, 0xFF,
    0xFF, 0xFF, 0xFF, 0xF3, 0x00, 0x00, 0x00, 0x0C, 0xFF, 0xFF, 0xFF, 0xFF, 0xFF, 0xFF, 0xFF, 0xFF,
    0xFF, 0x90, 0x00, 0x00, 0x00, 0x0C, 0xFF, 0xFF, 0xFF, 0xFF, 0xFF, 0xFF, 0xFF, 0xFF, 0xFA, 0x00,
    0x00, 0x00, 0x00, 0x0C, 0xFF, 0xFF, 0xFF, 0xFF, 0xFF, 0xFF, 0xFF, 0xFF, 0x80, 0x00, 0x00, 0x00,
    0x00, 0x0C, 0xFF, 0xFF, 0xFF, 0xFF, 0xFF, 0xFF, 0xFF, 0xB4, 0x00, 0x00, 0x00, 0x00, 0x00, 0x01,
    0x36, 0x8B, 0xCD, 0xEF, 0xFE, 0xDA, 0x62, 0x00, 0x00, 0x00, 0x00, 0x00, 0x00, 0x00, 0x00, 0x00,
    0x00, 0x04, 0x8B, 0xDE, 0xFE, 0xDB, 0x95, 0x20, 0x00, 0x00, 0x00, 0x00, 0x00, 0x00, 0x05, 0xDF,
    0xFF, 0xFF, 0xFF, 0xFF, 0xFF, 0xF2, 0x00, 0x00, 0x00, 0x00, 0x00, 0x01, 0xBF, 0xFF, 0xFF, 0xFF,
    0xFF, 0xFF, 0xFF, 0xF2, 0x00, 0x00, 0x00, 0x00, 0x00, 0x1C, 0xFF, 0xFF, 0xFF, 0xFF, 0xFF, 0xFF,
    0xFF, 0xF2, 0x00, 0x00, 0x00, 0x00, 0x00, 0xBF, 0xFF, 0xFF, 0xFF, 0xFF, 0xFF, 0xFF, 0xFF, 0xF2,
    0x00, 0x00, 0x00, 0x00, 0x06, 0xFF, 0xFF, 0xFF, 0xFF, 0xFF, 0xFF, 0xFF, 0xFF, 0xF2, 0x00, 0x00,
    0x00, 0x00, 0x1E, 0xFF, 0xFF, 0xFF, 0xF9, 0x41, 0x01, 0x24, 0x6A, 0xD2, 0x00, 0x00, 0x00, 0x00,
    0x6F, 0xFF, 0xFF, 0xFD, 0x30, 0x00, 0x00, 0x00, 0x00, 0x00, 0x00, 0x00, 0x00, 0x00, 0xCF, 0xFF,
    0xFF, 0xE2, 0x00, 0x00, 0x00, 0x00, 0x00, 0x00, 0x00, 0x00, 0x00, 0x02, 0xFF, 0xFF, 0xFF, 0x70,
    0x00, 0x00, 0x00, 0x00, 0x00, 0x00, 0x00, 0x00, 0x00, 0x05, 0xFF, 0xFF, 0xFE, 0x10, 0x00, 0x00,
    0x00, 0x00, 0x00, 0x00, 0x00, 0x00, 0x00, 0x09, 0xFF, 0xFF, 0xFA, 0x00, 0x00, 0x00, 0x00, 0x00,
    0x00, 0x00, 0x00, 0x00, 0x00, 0x0B, 0xFF, 0xFF, 0xF7, 0x01, 0x6B, 0xDF, 0xED, 0xA5, 0x00, 0x00,
    0x00, 0x00, 0x00, 0x0D, 0xFF, 0xFF, 0xF5, 0x4D, 0xFF, 0xFF, 0xFF, 0xFF, 0xD4, 0x00, 0x00, 0x00,
    0x00, 0x0E, 0xFF, 0xFF, 0xF6, 0xEF, 0xFF, 0xFF, 0xFF, 0xFF, 0xFF, 0x50, 0x00, 0x00, 0x00, 0x0F,
    0xFF, 0xFF, 0xFF, 0xFF, 0xFF, 0xFF, 0xFF, 0xFF, 0xFF, 0xF3, 0x00, 0x00, 0x00, 0x1F, 0xFF, 0xFF,
    0xFF, 0xFF, 0xFF, 0xFF, 0xFF, 0xFF, 0xFF, 0xFC, 0x00, 0x00, 0x00, 0x1F, 0xFF, 0xFF, 0xFF, 0xFF,
    0xFF, 0xFF, 0xFF, 0xFF, 0xFF, 0xFF, 0x30, 0x00, 0x00, 0x1F, 0xFF, 0xFF, 0xFF, 0xFE, 0x62, 0x02,
    0x7E, 0xFF, 0xFF, 0xFF, 0x90, 0x00, 0x00, 0x0F, 0xFF, 0xFF, 0xFF, 0xE2, 0x00, 0x00, 0x04, 0xFF,
    0xFF, 0xFF, 0xC0, 0x00, 0x00, 0x0F, 0xFF, 0xFF, 0xFF, 0x80, 0x00, 0x00, 0x00, 0xAF, 0xFF, 0xFF,
    0xF0, 0x00, 0x00, 0x0E, 0xFF, 0xFF, 0xFF, 0x30, 0x00, 0x00, 0x00, 0x5F, 0xFF, 0xFF, 0xF2, 0x00,
    0x00, 0x0C, 0xFF, 0xFF, 0xFF, 0x10, 0x00, 0x00, 0x00, 0x2F, 0xFF, 0xFF, 0xF2, 0x00, 0x00, 0x0A,
    0xFF, 0xFF, 0xFF, 0x00, 0x00, 0x00, 0x00, 0x2F, 0xFF, 0xFF, 0xF3, 0x00, 0x00, 0x08, 0xFF, 0xFF,
    0xFF, 0x10, 0x00, 0x00, 0x00, 0x2F, 0xFF, 0xFF, 0xF2, 0x00, 0x00, 0x05, 0xFF, 0xFF, 0xFF, 0x30,
    0x00, 0x00, 0x00, 0x5F, 0xFF, 0xFF, 0xF1, 0x00, 0x00, 0x02, 0xFF, 0xFF, 0xFF, 0x80, 0x00, 0x00,
    0x00, 0xAF, 0xFF, 0xFF, 0xD0, 0x00, 0x00, 0x00, 0xDF, 0xFF, 0xFF, 0xE2, 0x00, 0x00, 0x04, 0xFF,
    0xFF, 0xFF, 0xA0, 0x00, 0x00, 0x00, 0x7F, 0xFF, 0xFF, 0xFE, 0x61, 0x02, 0x7E, 0xFF, 0xFF, 0xFF,
    0x50, 0x00, 0x00, 0x00, 0x1F, 0xFF, 0xFF, 0xFF, 0xFF, 0xFF, 0xFF, 0xFF, 0xFF, 0xFD, 0x00, 0x00,
    0x00, 0x00, 0x08, 0xFF, 0xFF, 0xFF, 0xFF, 0xFF, 0xFF, 0xFF, 0xFF, 0xF6, 0x00, 0x00, 0x00, 0x00,
    0x00, 0xCF, 0xFF, 0xFF, 0xFF, 0xFF, 0xFF, 0xFF, 0xFF, 0xA0, 0x00, 0x00, 0x00, 0x00, 0x00, 0x1C,
    0xFF, 0xFF, 0xFF, 0xFF, 0xFF, 0xFF, 0xFA, 0x10, 0x00, 0x00, 0x00, 0x00, 0x00, 0x00, 0x8E, 0xFF,
    0xFF, 0xFF, 0xFF, 0xFE, 0x70, 0x00, 0x00, 0x00, 0x00, 0x00, 0x00, 0x00, 0x01, 0x6A, 0xDE, 0xFE,
    0xDA, 0x61, 0x00, 0x00, 0x00, 0x00, 0x00, 0x0F, 0xFF, 0xFF, 0xFF, 0xFF, 0xFF, 0xFF, 0xFF, 0xFF,
    0xFF, 0xFF, 0x40, 0x00, 0x00, 0x0F, 0xFF, 0xFF, 0xFF, 0xFF, 0xFF, 0xFF, 0xFF, 0xFF, 0xFF, 0xFF,
    0x40, 0x00, 0x00, 0x0F, 0xFF, 0xFF, 0xFF, 0xFF, 0xFF, 0xFF, 0xFF, 0xFF, 0xFF, 0xFF, 0x40, 0x00,
    0x00, 0x0F, 0xFF, 0xFF, 0xFF, 0xFF, 0xFF, 0xFF, 0xFF, 0xFF, 0xFF, 0xFF, 0x40, 0x00, 0x00, 0x0F,
    0xFF, 0xFF, 0xFF, 0xFF, 0xFF, 0xFF, 0xFF, 0xFF, 0xFF, 0xFF, 0x30, 0x00, 0x00, 0x0F, 0xFF, 0xFF,
    0xFF, 0xFF, 0xFF, 0xFF, 0xFF, 0xFF, 0xFF, 0xFE, 0x00, 0x00, 0x00, 0x00, 0x00, 0x00, 0x00, 0x00,
    0x00, 0x00, 0x2F, 0xFF, 0xFF, 0xF8, 0x00, 0x00, 0x00, 0x00, 0x00, 0x00, 0x00, 0x00, 0x00, 0x00,
    0x8F, 0xFF, 0xFF, 0xF3, 0x00, 0x00, 0x00, 0x00, 0x00, 0x00, 0x00, 0x00, 0x00, 0x00, 0xEF, 0xFF,
    0xFF, 0xC0, 0x00, 0x00, 0x00, 0x00, 0x00, 0x00, 0x00, 0x00, 0x00, 0x05, 0xFF, 0xFF, 0xFF, 0x60,
    0x00, 0x00, 0x00, 0x00, 0x00, 0x00, 0x00, 0x00, 0x00, 0x0B, 0xFF, 0xFF, 0xFE, 0x10, 0x00, 0x00,
    0x00, 0x00, 0x00, 0x00, 0x00, 0x00, 0x00, 0x2F, 0xFF, 0xFF, 0xF9, 0x00, 0x00, 0x00, 0x00, 0x00,
    0x00, 0x00, 0x00, 0x00, 0x00, 0x8F, 0xFF, 0xFF, 0xF3, 0x00, 0x00, 0x00, 0x00, 0x00, 0x00, 0x00,
    0x00, 0x00, 0x00, 0xDF, 0xFF, 0xFF, 0xD0, 0x00, 0x00, 0x00, 0x00, 0x00, 0x00, 0x00, 0x00, 0x00,
    0x04, 0xFF, 0xFF, 0xFF, 0x70, 0x00, 0x00, 0x00, 0x00, 0x00, 0x00, 0x00, 0x00, 0x00, 0x0A, 0xFF,
    0xFF, 0xFF, 0x10, 0x00, 0x00, 0x00, 0x00, 0x00, 0x00, 0x00, 0x00, 0x00, 0x1F, 0xFF, 0xFF, 0xFA,
    0x00, 0x00, 0x00, 0x00, 0x00, 0x00, 0x00, 0x00, 0x00, 0x00, 0x7F, 0xFF, 0xFF, 0xF4, 0x00, 0x00,
    0x00, 0x00, 0x00, 0x00, 0x00, 0x00, 0x00, 0x00, 0xDF, 0xFF, 0xFF, 0xD0, 0x00, 0x00, 0x00, 0x00,
    0x00, 0x00, 0x00, 0x00, 0x00, 0x04, 0xFF, 0xFF, 0xFF, 0x80, 0x00, 0x00, 0x00, 0x00, 0x00, 0x00,
    0x00, 0x00, 0x00, 0x09, 0xFF, 0xFF, 0xFF, 0x20, 0x00, 0x00, 0x00, 0x00, 0x00, 0x00, 0x00, 0x00,
    0x00, 0x1E, 0xFF, 0xFF, 0xFB, 0x00, 0x00, 0x00, 0x00, 0x00, 0x00, 0x00, 0x00, 0x00, 0x00, 0x6F,
    0xFF, 0xFF, 0xF5, 0x00, 0x00, 0x00, 0x00, 0x00, 0x00, 0x00, 0x00, 0x00, 0x00, 0xCF, 0xFF, 0xFF,
    0xE0, 0x00, 0x00, 0x00, 0x00, 0x00, 0x00, 0x00, 0x00, 0x00, 0x03, 0xFF, 0xFF, 0xFF, 0x80, 0x00,
    0x00, 0x00, 0x00, 0x00, 0x00, 0x00, 0x00, 0x00, 0x09, 0xFF, 0xFF, 0xFF, 0x30, 0x00, 0x00, 0x00,
    0x00, 0x00, 0x00, 0x00, 0x00, 0x00, 0x0E, 0xFF, 0xFF, 0xFC, 0x00, 0x00, 0x00, 0x00, 0x00, 0x00,
    0x00, 0x00, 0x00, 0x00, 0x5F, 0xFF, 0xFF, 0xF6, 0x00, 0x00, 0x00, 0x00, 0x00, 0x00, 0x00, 0x00,
    0x00, 0x00, 0xBF, 0xFF, 0xFF, 0xE1, 0x00, 0x00, 0x00, 0x00, 0x00, 0x00, 0x00, 0x00, 0x00, 0x02,
    0xFF, 0xFF, 0xFF, 0x90, 0x00, 0x00, 0x00, 0x00, 0x00, 0x00, 0x00, 0x00, 0x00, 0x08, 0xFF, 0xFF,
    0xFF, 0x30, 0x00, 0x00, 0x00, 0x00, 0x00, 0x00, 0x00, 0x00, 0x00, 0x0E, 0xFF, 0xFF, 0xFD, 0x00,
    0x00, 0x00, 0x00, 0x00, 0x00, 0x00, 0x00, 0x00, 0x00, 0x5F, 0xFF, 0xFF, 0xF7, 0x00, 0x00, 0x00,
    0x00, 0x00, 0x00, 0x00, 0x00, 0x00, 0x00, 0xAF, 0xFF, 0xFF, 0xF1, 0x00, 0x00, 0x00, 0x00, 0x00,
    0x00, 0x00, 0x00, 0x00, 0x00, 0x00, 0x04, 0x8C, 0xDF, 0xED, 0xB7, 0x20, 0x00, 0x00, 0x00, 0x00,
    0x00, 0x00, 0x00, 0x03, 0xCF, 0xFF, 0xFF, 0xFF, 0xFF, 0xF9, 0x10, 0x00, 0x00, 0x00, 0x00, 0x00,
    0x00, 0x5F, 0xFF, 0xFF, 0xFF, 0xFF, 0xFF, 0xFF, 0xD2, 0x00, 0x00, 0x00, 0x00, 0x00, 0x04, 0xFF,
    0xFF, 0xFF, 0xFF, 0xFF, 0xFF, 0xFF, 0xFD, 0x10, 0x00, 0x00, 0x00, 0x00, 0x1E, 0xFF, 0xFF, 0xFF,
    0xFF, 0xFF, 0xFF, 0xFF, 0xFF, 0xA0, 0x00, 0x00, 0x00, 0x00, 0x7F, 0xFF, 0xFF, 0xFF, 0xFF, 0xFF,
    0xFF, 0xFF, 0xFF, 0xF2, 0x00, 0x00, 0x00, 0x00, 0xCF, 0xFF, 0xFF, 0xFA, 0x30, 0x14, 0xCF, 0xFF,
    0xFF, 0xF7, 0x00, 0x00, 0x00, 0x01, 0xFF, 0xFF, 0xFF, 0x80, 0x00, 0x00, 0x1C, 0xFF, 0xFF, 0xFB,
    0x00, 0x00, 0x00, 0x02, 0xFF, 0xFF, 0xFE, 0x10, 0x00, 0x00, 0x04, 0xFF, 0xFF, 0xFD, 0x00, 0x00,
    0x00, 0x04, 0xFF, 0xFF, 0xFB, 0x00, 0x00, 0x00, 0x00, 0xFF, 0xFF, 0xFE, 0x00, 0x00, 0x00, 0x03,
    0xFF, 0xFF, 0xF9, 0x00, 0x00, 0x00, 0x00, 0xEF, 0xFF, 0xFE, 0x00, 0x00, 0x00, 0x02, 0xFF, 0xFF,
    0xFB, 0x00, 0x00, 0x00, 0x00, 0xFF, 0xFF, 0xFD, 0x00, 0x00, 0x00, 0x00, 0xEF, 0xFF, 0xFE, 0x10,
    0x00, 0x00, 0x04, 0xFF, 0xFF, 0xF9, 0x00, 0x00, 0x00, 0x00, 0x9F, 0xFF, 0xFF, 0x80, 0x00, 0x00,
    0x1C, 0xFF, 0xFF, 0xF5, 0x00, 0x00, 0x00, 0x00, 0x2F, 0xFF, 0xFF, 0xF9, 0x30, 0x14, 0xCF, 0xFF,
    0xFF, 0xC0, 0x00, 0x00, 0x00, 0x00, 0x06, 0xFF, 0xFF, 0xFF, 0xFF, 0xFF, 0xFF, 0xFF, 0xFE, 0x30,
    0x00, 0x00, 0x00, 0x00, 0x00, 0x6F, 0xFF, 0xFF, 0xFF, 0xFF, 0xFF, 0xFF, 0xD3, 0x00, 0x00, 0x00,
    0x00, 0x00, 0x00, 0x02, 0xAF, 0xFF, 0xFF, 0xFF, 0xFF, 0xF8, 0x10, 0x00, 0x00, 0x00, 0x00, 0x00,
    0x00, 0x2A, 0xFF, 0xFF, 0xFF, 0xFF, 0xFF, 0xFE, 0x81, 0x00, 0x00, 0x00, 0x00, 0x00, 0x06, 0xFF,
    0xFF, 0xFF, 0xFF, 0xFF, 0xFF, 0xFF, 0xFD, 0x30, 0x00, 0x00, 0x00, 0x00, 0x5F, 0xFF, 0xFF, 0xFF,
    0xFF, 0xFF, 0xFF, 0xFF, 0xFF, 0xE2, 0x00, 0x00, 0x00, 0x02, 0xEF, 0xFF, 0xFF, 0xD6, 0x20, 0x13,
    0x8F, 0xFF, 0xFF, 0xFB, 0x00, 0x00, 0x00, 0x08, 0xFF, 0xFF, 0xFC, 0x10, 0x00, 0x00, 0x03, 0xEF,
    0xFF, 0xFF, 0x30, 0x00, 0x00, 0x0D, 0xFF, 0xFF, 0xF3, 0x00, 0x00, 0x00, 0x00, 0x7F, 0xFF, 0xFF,
    0x80, 0x00, 0x00, 0x0F, 0xFF, 0xFF, 0xE0, 0x00, 0x00, 0x00, 0x00, 0x3F, 0xFF, 0xFF, 0xB0, 0x00,
    0x00, 0x1F, 0xFF, 0xFF, 0xE0, 0x00, 0x00, 0x00, 0x00, 0x3F, 0xFF, 0xFF, 0xC0, 0x00, 0x00, 0x1F,
    0xFF, 0xFF, 0xF3, 0x00, 0x00, 0x00, 0x00, 0x8F, 0xFF, 0xFF, 0xB0, 0x00, 0x00, 0x0E, 0xFF, 0xFF,
    0xFC, 0x10, 0x00, 0x00, 0x03, 0xEF, 0xFF, 0xFF, 0x90, 0x00, 0x00, 0x0B, 0xFF, 0xFF, 0xFF, 0xD6,
    0x20, 0x13, 0x8F, 0xFF, 0xFF, 0xFF, 0x60, 0x00, 0x00, 0x06, 0xFF, 0xFF, 0xFF, 0xFF, 0xFF, 0xFF,
    0xFF, 0xFF, 0xFF, 0xFF, 0x20, 0x00, 0x00, 0x00, 0xDF, 0xFF, 0xFF, 0xFF, 0xFF, 0xFF, 0xFF, 0xFF,
    0xFF, 0xF9, 0x00, 0x00, 0x00, 0x00, 0x4F, 0xFF, 0xFF, 0xFF, 0xFF, 0xFF, 0xFF, 0xFF, 0xFF, 0xC1,
    0x00, 0x00, 0x00, 0x00, 0x05, 0xEF, 0xFF, 0xFF, 0xFF, 0xFF, 0xFF, 0xFF, 0xFC, 0x20, 0x00, 0x00,
    0x00, 0x00, 0x00, 0x2A, 0xFF, 0xFF, 0xFF, 0xFF, 0xFF, 0xFE, 0x80, 0x00, 0x00, 0x00, 0x00, 0x00,
    0x00, 0x00, 0x27, 0xAD, 0xEF, 0xEE, 0xC9, 0x51, 0x00, 0x00, 0x00, 0x00, 0x00, 0x00, 0x00, 0x00,
    0x27, 0xBD, 0xEF, 0xEC, 0x94, 0x00, 0x00, 0x00, 0x00, 0x00, 0x00, 0x00, 0x00, 0x2A, 0xFF, 0xFF,
    0xFF, 0xFF, 0xFF, 0xD5, 0x00, 0x00, 0x00, 0x00, 0x00, 0x00, 0x03, 0xDF, 0xFF, 0xFF, 0xFF, 0xFF,
    0xFF, 0xFF, 0x80, 0x00, 0x00, 0x00, 0x00, 0x00, 0x1E, 0xFF, 0xFF, 0xFF, 0xFF, 0xFF, 0xFF, 0xFF,
    0xF7, 0x00, 0x00, 0x00, 0x00, 0x00, 0xBF, 0xFF, 0xFF, 0xFF, 0xFF, 0xFF, 0xFF, 0xFF, 0xFF, 0x30,
    0x00, 0x00, 0x00, 0x04, 0xFF, 0xFF, 0xFF, 0xFF, 0xFF, 0xFF, 0xFF, 0xFF, 0xFF, 0xB0, 0x00, 0x00,
    0x00, 0x0A, 0xFF, 0xFF, 0xFF, 0xD5, 0x10, 0x39, 0xFF, 0xFF, 0xFF, 0xF2, 0x00, 0x00, 0x00, 0x0E,
    0xFF, 0xFF, 0xFD, 0x10, 0x00, 0x00, 0x7F, 0xFF, 0xFF, 0xF8, 0x00, 0x00, 0x00, 0x3F, 0xFF, 0xFF,
    0xF5, 0x00, 0x00, 0x00, 0x0D, 0xFF, 0xFF, 0xFC, 0x00, 0x00, 0x00, 0x5F, 0xFF, 0xFF, 0xF0, 0x00,
    0x00, 0x00, 0x08, 0xFF, 0xFF, 0xFF, 0x10, 0x00, 0x00, 0x6F, 0xFF, 0xFF, 0xD0, 0x00, 0x00, 0x00,
    0x06, 0xFF, 0xFF, 0xFF, 0x30, 0x00, 0x00, 0x7F, 0xFF, 0xFF, 0xC0, 0x00, 0x00, 0x00, 0x05, 0xFF,
    0xFF, 0xFF, 0x60, 0x00, 0x00, 0x7F, 0xFF, 0xFF, 0xD0, 0x00, 0x00, 0x00, 0x06, 0xFF, 0xFF, 0xFF,
    0x70, 0x00, 0x00, 0x6F, 0xFF, 0xFF, 0xF0, 0x00, 0x00, 0x00, 0x08, 0xFF, 0xFF, 0xFF, 0x90, 0x00,
    0x00, 0x5F, 0xFF, 0xFF, 0xF5, 0x00, 0x00, 0x00, 0x0D, 0xFF, 0xFF, 0xFF, 0xA0, 0x00, 0x00, 0x2F,
    0xFF, 0xFF, 0xFD, 0x10, 0x00, 0x00, 0x7F, 0xFF, 0xFF, 0xFF, 0xB0, 0x00, 0x00, 0x0D, 0xFF, 0xFF,
    0xFF, 0xD5, 0x10, 0x29, 0xFF, 0xFF, 0xFF, 0xFF, 0xB0, 0x00, 0x00, 0x08, 0xFF, 0xFF, 0xFF, 0xFF,
    0xFF, 0xFF, 0xFF, 0xFF, 0xFF, 0xFF, 0xB0, 0x00, 0x00, 0x02, 0xEF, 0xFF, 0xFF, 0xFF, 0xFF, 0xFF,
    0xFF, 0xFF, 0xFF, 0xFF, 0xB0, 0x00, 0x00, 0x00, 0x7F, 0xFF, 0xFF, 0xFF, 0xFF, 0xFF, 0xFF, 0xFF,
    0xFF, 0xFF, 0xA0, 0x00, 0x00, 0x00, 0x09, 0xFF, 0xFF, 0xFF, 0xFF, 0xFF, 0xFD, 0x9F, 0xFF, 0xFF,
    0x90, 0x00, 0x00, 0x00, 0x00, 0x7E, 0xFF, 0xFF, 0xFF, 0xFF, 0xC2, 0x9F, 0xFF, 0xFF, 0x80, 0x00,
    0x00, 0x00, 0x00, 0x01, 0x7B, 0xDE, 0xED, 0xA5, 0x00, 0xBF, 0xFF, 0xFF, 0x60, 0x00, 0x00, 0x00,
    0x00, 0x00, 0x00, 0x00, 0x00, 0x00, 0x00, 0xEF, 0xFF, 0xFF, 0x40, 0x00, 0x00, 0x00, 0x00, 0x00,
    0x00, 0x00, 0x00, 0x00, 0x04, 0xFF, 0xFF, 0xFF, 0x10, 0x00, 0x00, 0x00, 0x00, 0x00, 0x00, 0x00,
    0x00, 0x00, 0x0B, 0xFF, 0xFF, 0xFC, 0x00, 0x00, 0x00, 0x00, 0x00, 0x00, 0x00, 0x00, 0x00, 0x00,
    0x5F, 0xFF, 0xFF, 0xF7, 0x00, 0x00, 0x00, 0x00, 0x00, 0x00, 0x00, 0x00, 0x00, 0x05, 0xFF, 0xFF,
    0xFF, 0xF2, 0x00, 0x00, 0x00, 0x00, 0x6B, 0x85, 0x32, 0x10, 0x25, 0xBF, 0xFF, 0xFF, 0xFF, 0xA0,
    0x00, 0x00, 0x00, 0x00, 0x7F, 0xFF, 0xFF, 0xFF, 0xFF, 0xFF, 0xFF, 0xFF, 0xFF, 0x20, 0x00, 0x00,
    0x00, 0x00, 0x7F, 0xFF, 0xFF, 0xFF, 0xFF, 0xFF, 0xFF, 0xFF, 0xF6, 0x00, 0x00, 0x00, 0x00, 0x00,
    0x7F, 0xFF, 0xFF, 0xFF, 0xFF, 0xFF, 0xFF, 0xFF, 0x90, 0x00, 0x00, 0x00, 0x00, 0x00, 0x7F, 0xFF,
    0xFF, 0xFF, 0xFF, 0xFF, 0xFF, 0xF7, 0x00, 0x00, 0x00, 0x00, 0x00, 0x00, 0x7F, 0xFF, 0xFF, 0xFF,
    0xFF, 0xFF, 0xFB, 0x30, 0x00, 0x00, 0x00, 0x00, 0x00, 0x00, 0x03, 0x6A, 0xCD, 0xEF, 0xED, 0xA7,
    0x20, 0x00, 0x00, 0x00, 0x00, 0x00, 0x00, 0x00, 0x00, 0x00, 0x00, 0xEF, 0xFF, 0xFF, 0xF8, 0x00,
    0x00, 0x00, 0x00, 0x00, 0x00, 0x00, 0x00, 0x00, 0x00, 0xEF, 0xFF, 0xFF, 0xF8, 0x00, 0x00, 0x00,
    0x00, 0x00, 0x00, 0x00, 0x00, 0x00, 0x00, 0xEF, 0xFF, 0xFF, 0xF8, 0x00, 0x00, 0x00, 0x00, 0x00,
    0x00, 0x00, 0x00, 0x00, 0x00, 0xEF, 0xFF, 0xFF, 0xF8, 0x00, 0x00, 0x00, 0x00, 0x00, 0x00, 0x00,
    0x00, 0x00, 0x00, 0xEF, 0xFF, 0xFF, 0xF8, 0x00, 0x00, 0x00, 0x00, 0x00, 0x00, 0x00, 0x00, 0x00,
    0x00, 0xEF, 0xFF, 0xFF, 0xF8, 0x00, 0x00, 0x00, 0x00, 0x00, 0x00, 0x00, 0x00, 0x00, 0x00, 0xEF,
    0xFF, 0xFF, 0xF8, 0x00, 0x00, 0x00, 0x00, 0x00, 0x00, 0x00, 0x00, 0x00, 0x00, 0xEF, 0xFF, 0xFF,
    0xF8, 0x00, 0x00, 0x00, 0x00, 0x00, 0x00, 0x00, 0x00, 0x00, 0x00, 0x00, 0x00, 0x00, 0x00, 0x00,
    0x00, 0x00, 0x00, 0x00, 0x00, 0x00, 0x00, 0x00, 0x00, 0x00, 0x00, 0x00, 0x00, 0x00, 0x00, 0x00,
    0x00, 0x00, 0x00, 0x00, 0x00, 0x00, 0x00, 0x00, 0x00, 0x00, 0x00, 0x00, 0x00, 0x00, 0x00, 0x00,
    0x00, 0x00, 0x00, 0x00, 0x00, 0x00, 0x00, 0x00, 0x00, 0x00, 0x00, 0x00, 0x00, 0x00, 0x00, 0x00,
    0x00, 0x00, 0x00, 0x00, 0x00, 0x00, 0x00, 0x00, 0x00, 0x00, 0x00, 0x00, 0x00, 0x00, 0x00, 0x00,
    0x00, 0x00, 0x00, 0x00, 0x00, 0x00, 0x00, 0x00, 0x00, 0x00, 0x00, 0x00, 0x00, 0x00, 0x00, 0x00,
    0x00, 0x00, 0x00, 0x00, 0x00, 0x00, 0x00, 0x00, 0x00, 0x00, 0x00, 0x00, 0x00, 0x00, 0x00, 0x00,
    0x00, 0x00, 0x00, 0x00, 0x00, 0x00, 0x00, 0x00, 0x00, 0x00, 0x00, 0xEF, 0xFF, 0xFF, 0xF8, 0x00,
    0x00, 0x00, 0x00, 0x00, 0x00, 0x00, 0x00, 0x00, 0x00, 0xEF, 0xFF, 0xFF, 0xF8, 0x00, 0x00, 0x00,
    0x00, 0x00, 0x00, 0x00, 0x00, 0x00, 0x00, 0xEF, 0xFF, 0xFF, 0xF8, 0x00, 0x00, 0x00, 0x00, 0x00,
    0x00, 0x00, 0x00, 0x00, 0x00, 0xEF, 0xFF, 0xFF, 0xF8, 0x00, 0x00, 0x00, 0x00, 0x00, 0x00, 0x00,
    0x00, 0x00, 0x00, 0xEF, 0xFF, 0xFF, 0xF8, 0x00, 0x00, 0x00, 0x00, 0x00, 0x00, 0x00, 0x00, 0x00,
    0x00, 0xEF, 0xFF, 0xFF, 0xF8, 0x00, 0x00, 0x00, 0x00, 0x00, 0x00, 0x00, 0x00, 0x00, 0x00, 0xEF,
    0xFF, 0xFF, 0xF8, 0x00, 0x00, 0x00, 0x00, 0x00, 0x00, 0x00, 0x00, 0x00, 0x00, 0xEF, 0xFF, 0xFF,
    0xF8, 0x00, 0x00, 0x00, 0x00, 0x00, 0x00, 0x3F, 0xFF, 0xFF, 0xFF, 0xFF, 0xFF, 0xEE, 0xCA, 0x72,
    0x00, 0x00, 0x00, 0x00, 0x00, 0x3F, 0xFF, 0xFF, 0xFF, 0xFF, 0xFF, 0xFF, 0xFF, 0xFF, 0xB3, 0x00,
    0x00, 0x00, 0x00, 0x3F, 0xFF, 0xFF, 0xFF, 0xFF, 0xFF, 0xFF, 0xFF, 0xFF, 0xFF, 0x70, 0x00, 0x00,
    0x00, 0x3F, 0xFF, 0xFF, 0xFF, 0xFF, 0xFF, 0xFF, 0xFF, 0xFF, 0xFF, 0xF6, 0x00, 0x00, 0x00, 0x3F,
    0xFF, 0xFF, 0xFF, 0xFF, 0xFF, 0xFF, 0xFF, 0xFF, 0xFF, 0xFE, 0x10, 0x00, 0x00, 0x3F, 0xFF, 0xFF,
    0xF3, 0x00, 0x00, 0x13, 0x8F, 0xFF, 0xFF, 0xFF, 0x60, 0x00, 0x00, 0x3F, 0xFF, 0xFF, 0xF3, 0x00,
    0x00, 0x00, 0x06, 0xFF, 0xFF, 0xFF, 0xA0, 0x00, 0x00, 0x3F, 0xFF, 0xFF, 0xF3, 0x00, 0x00, 0x00,
    0x00, 0xEF, 0xFF, 0xFF, 0xB0, 0x00, 0x00, 0x3F, 0xFF, 0xFF, 0xF3, 0x00, 0x00, 0x00, 0x00, 0xCF,
    0xFF, 0xFF, 0xC0, 0x00, 0x00, 0x3F, 0xFF, 0xFF, 0xF3, 0x00, 0x00, 0x00, 0x00, 0xCF, 0xFF, 0xFF,
    0xB0, 0x00, 0x00, 0x3F, 0xFF, 0xFF, 0xF3, 0x00, 0x00, 0x00, 0x00, 0xEF, 0xFF, 0xFF, 0x90, 0x00,
    0x00, 0x3F, 0xFF, 0xFF, 0xF3, 0x00, 0x00, 0x00, 0x05, 0xFF, 0xFF, 0xFF, 0x40, 0x00, 0x00, 0x3F,
    0xFF, 0xFF, 0xF3, 0x00, 0x00, 0x13, 0x8F, 0xFF, 0xFF, 0xFC, 0x00, 0x00, 0x00, 0x3F, 0xFF, 0xFF,
    0xFF, 0xFF, 0xFF, 0xFF, 0xFF, 0xFF, 0xFF, 0xD2, 0x00, 0x00, 0x00, 0x3F, 0xFF, 0xFF, 0xFF, 0xFF,
    0xFF, 0xFF, 0xFF, 0xFF, 0xE8, 0x10, 0x00, 0x00, 0x00, 0x3F, 0xFF, 0xFF, 0xFF, 0xFF, 0xFF, 0xFF,
    0xFF, 0xE9, 0x20, 0x00, 0x00, 0x00, 0x00, 0x3F, 0xFF, 0xFF, 0xFF, 0xFF, 0xFF, 0xFF, 0xFF, 0xFF,
    0xFB, 0x30, 0x00, 0x00, 0x00, 0x3F, 0xFF, 0xFF, 0xFF, 0xFF, 0xFF, 0xFF, 0xFF, 0xFF, 0xFF, 0xF7,
    0x00, 0x00, 0x00, 0x3F, 0xFF, 0xFF, 0xF3, 0x00, 0x00, 0x13, 0x7D, 0xFF, 0xFF, 0xFF, 0x50, 0x00,
    0x00, 0x3F, 0xFF, 0xFF, 0xF3, 0x00, 0x00, 0x00, 0x01, 0xDF, 0xFF, 0xFF, 0xE1, 0x00, 0x00, 0x3F,
    0xFF, 0xFF, 0xF3, 0x00, 0x00, 0x00, 0x00, 0x4F, 0xFF, 0xFF, 0xF6, 0x00, 0x00, 0x3F, 0xFF, 0xFF,
    0xF3, 0x00, 0x00, 0x00, 0x00, 0x0E, 0xFF, 0xFF, 0xFA, 0x00, 0x00, 0x3F, 0xFF, 0xFF, 0xF3, 0x00,
    0x00, 0x00, 0x00, 0x0B, 0xFF, 0xFF, 0xFD, 0x00, 0x00, 0x3F, 0xFF, 0xFF, 0xF3, 0x00, 0x00, 0x00,
    0x00, 0x0B, 0xFF, 0xFF, 0xFF, 0x00, 0x00, 0x3F, 0xFF, 0xFF, 0xF3, 0x00, 0x00, 0x00, 0x00, 0x0B,
    0xFF, 0xFF, 0xFF, 0x00, 0x00, 0x3F, 0xFF, 0xFF, 0xF3, 0x00, 0x00, 0x00, 0x00, 0x0D, 0xFF, 0xFF,
    0xFE, 0x00, 0x00, 0x3F, 0xFF, 0xFF, 0xF3, 0x00, 0x00, 0x00, 0x00, 0x2F, 0xFF, 0xFF, 0xFD, 0x00,
    0x00, 0x3F, 0xFF, 0xFF, 0xF3, 0x00, 0x00, 0x00, 0x00, 0xBF, 0xFF, 0xFF, 0xFA, 0x00, 0x00, 0x3F,
    0xFF, 0xFF, 0xF3, 0x00, 0x00, 0x12, 0x6C, 0xFF, 0xFF, 0xFF, 0xF6, 0x00, 0x00, 0x3F, 0xFF, 0xFF,
    0xFF, 0xFF, 0xFF, 0xFF, 0xFF, 0xFF, 0xFF, 0xFF, 0xD0, 0x00, 0x00, 0x3F, 0xFF, 0xFF, 0xFF, 0xFF,
    0xFF, 0xFF, 0xFF, 0xFF, 0xFF, 0xFF, 0x50, 0x00, 0x00, 0x3F, 0xFF, 0xFF, 0xFF, 0xFF, 0xFF, 0xFF,
    0xFF, 0xFF, 0xFF, 0xF5, 0x00, 0x00, 0x00, 0x3F, 0xFF, 0xFF, 0xFF, 0xFF, 0xFF, 0xFF, 0xFF, 0xFF,
    0xFA, 0x20, 0x00, 0x00, 0x00, 0x3F, 0xFF, 0xFF, 0xFF, 0xFF, 0xFF, 0xEE, 0xDB, 0x85, 0x10, 0x00,
    0x00, 0x00, 0x00, 0x0E, 0xFF, 0xFF, 0xFB, 0x00, 0x00, 0x00, 0x00, 0xFF, 0xFF, 0xFF, 0x90, 0x00,
    0x00, 0x0E, 0xFF, 0xFF, 0xFB, 0x00, 0x00, 0x00, 0x00, 0xFF, 0xFF, 0xFF, 0x90, 0x00, 0x00, 0x0E,
    0xFF, 0xFF, 0xFB, 0x00, 0x00, 0x00, 0x00, 0xFF, 0xFF, 0xFF, 0x90, 0x00, 0x00, 0x0E, 0xFF, 0xFF,
    0xFB, 0x00, 0x00, 0x00, 0x00, 0xFF, 0xFF, 0xFF, 0x90, 0x00, 0x00, 0x0E, 0xFF, 0xFF, 0xFB, 0x00,
    0x00, 0x00, 0x00, 0xFF, 0xFF, 0xFF, 0x90, 0x00, 0x00, 0x0E, 0xFF, 0xFF, 0xFB, 0x00, 0x00, 0x00,
    0x00, 0xFF, 0xFF, 0xFF, 0x90, 0x00, 0x00, 0x0E, 0xFF, 0xFF, 0xFB, 0x00, 0x00, 0x00, 0x00, 0xFF,
    0xFF, 0xFF, 0x90, 0x00, 0x00, 0x0E, 0xFF, 0xFF, 0xFB, 0x00, 0x00, 0x00, 0x00, 0xFF, 0xFF, 0xFF,
    0x90, 0x00, 0x00, 0x0E, 0xFF, 0xFF, 0xFB, 0x00, 0x00, 0x00, 0x00, 0xFF, 0xFF, 0xFF, 0x90, 0x00,
    0x00, 0x0E, 0xFF, 0xFF, 0xFB, 0x00, 0x00, 0x00, 0x00, 0xFF, 0xFF, 0xFF, 0x90, 0x00, 0x00, 0x0E,
    0xFF, 0xFF, 0xFB, 0x00, 0x00, 0x00, 0x00, 0xFF, 0xFF, 0xFF, 0x90, 0x00, 0x00, 0x0E, 0xFF, 0xFF,
    0xFB, 0x00, 0x00, 0x00, 0x00, 0xFF, 0xFF, 0xFF, 0x90, 0x00, 0x00, 0x0E, 0xFF, 0xFF, 0xFB, 0x00,
    0x00, 0x00, 0x00, 0xFF, 0xFF, 0xFF, 0x90, 0x00, 0x00, 0x0E, 0xFF, 0xFF, 0xFF, 0xFF, 0xFF, 0xFF,
    0xFF, 0xFF, 0xFF, 0xFF, 0x90, 0x00, 0x00, 0x0E, 0xFF, 0xFF, 0xFF, 0xFF, 0xFF, 0xFF, 0xFF, 0xFF,
    0xFF, 0xFF, 0x90, 0x00, 0x00, 0x0E, 0xFF, 0xFF, 0xFF, 0xFF, 0xFF, 0xFF, 0xFF, 0xFF, 0xFF, 0xFF,
    0x90, 0x00, 0x00, 0x0E, 0xFF, 0xFF, 0xFF, 0xFF, 0xFF, 0xFF, 0xFF, 0xFF, 0xFF, 0xFF, 0x90, 0x00,
    0x00, 0x0E, 0xFF, 0xFF, 0xFF, 0xFF, 0xFF, 0xFF, 0xFF, 0xFF, 0xFF, 0xFF, 0x90, 0x00, 0x00, 0x0E,
    0xFF, 0xFF, 0xFF, 0xFF, 0xFF, 0xFF, 0xFF, 0xFF, 0xFF, 0xFF, 0x90, 0x00, 0x00, 0x0E, 0xFF, 0xFF,
    0xFB, 0x00, 0x00, 0x00, 0x00, 0xFF, 0xFF, 0xFF, 0x90, 0x00, 0x00, 0x0E, 0xFF, 0xFF, 0xFB, 0x00,
    0x00, 0x00, 0x00, 0xFF, 0xFF, 0xFF, 0x90, 0x00, 0x00, 0x0E, 0xFF, 0xFF, 0xFB, 0x00, 0x00, 0x00,
    0x00, 0xFF, 0xFF, 0xFF, 0x90, 0x00, 0x00, 0x0E, 0xFF, 0xFF, 0xFB, 0x00, 0x00, 0x00, 0x00, 0xFF,
    0xFF, 0xFF, 0x90, 0x00, 0x00, 0x0E, 0xFF, 0xFF, 0xFB, 0x00, 0x00, 0x00, 0x00, 0xFF, 0xFF, 0xFF,
    0x90, 0x00, 0x00, 0x0E, 0xFF, 0xFF, 0xFB, 0x00, 0x00, 0x00, 0x00, 0xFF, 0xFF, 0xFF, 0x90, 0x00,
    0x00, 0x0E, 0xFF, 0xFF, 0xFB, 0x00, 0x00, 0x00, 0x00, 0xFF, 0xFF, 0xFF, 0x90, 0x00, 0x00, 0x0E,
    0xFF, 0xFF, 0xFB, 0x00, 0x00, 0x00, 0x00, 0xFF, 0xFF, 0xFF, 0x90, 0x00, 0x00, 0x0E, 0xFF, 0xFF,
    0xFB, 0x00, 0x00, 0x00, 0x00, 0xFF, 0xFF, 0xFF, 0x90, 0x00, 0x00, 0x0E, 0xFF, 0xFF, 0xFB, 0x00,
    0x00, 0x00, 0x00, 0xFF, 0xFF, 0xFF, 0x90, 0x00, 0x00, 0x0E, 0xFF, 0xFF, 0xFB, 0x00, 0x00, 0x00,
    0x00, 0xFF, 0xFF, 0xFF, 0x90, 0x00, 0x00, 0x0E, 0xFF, 0xFF, 0xFB, 0x00, 0x00, 0x00, 0x00, 0xFF,
    0xFF, 0xFF, 0x90, 0x00, 0x00, 0x0E, 0xFF, 0xFF, 0xFB, 0x00, 0x00, 0x00, 0x00, 0xFF, 0xFF, 0xFF,
    0x90, 0x00, 0x00, 0x0E, 0xFF, 0xFF, 0xFB, 0x00, 0x00, 0x00, 0x00, 0xFF, 0xFF, 0xFF, 0x90, 0x00,
    0x00, 0x0E, 0xFF, 0xFF, 0xFB, 0x00, 0x00, 0x00, 0x00, 0xFF, 0xFF, 0xFF, 0x90, 0x00, 0x01, 0xFF,
    0xFF, 0xFF, 0xFE, 0x00, 0x00, 0x00, 0x05, 0xFF, 0xFF, 0xFF, 0xFC, 0x00, 0x01, 0xFF, 0xFF, 0xFF,
    0xFF, 0x40, 0x00, 0x00, 0x09, 0xFF, 0xFF, 0xFF, 0xFC, 0x00, 0x01, 0xFF, 0xFF, 0xFF, 0xFF, 0x80,
    0x00, 0x00, 0x0D, 0xFF, 0xFF, 0xFF, 0xFC, 0x00, 0x01, 0xFF, 0xFF, 0xFF, 0xFF, 0xB0, 0x00, 0x00,
    0x2F, 0xFF, 0xFF, 0xFF, 0xFC, 0x00, 0x01, 0xFF, 0xFF, 0xFF, 0xFF, 0xF1, 0x00, 0x00, 0x5F, 0xFF,
    0xFF, 0xFF, 0xFC, 0x00, 0x01, 0xFF, 0xFF, 0xFF, 0xFF, 0xF4, 0x00, 0x00, 0x9F, 0xFF, 0xFF, 0xFF,
    0xFC, 0x00, 0x01, 0xFF, 0xFF, 0xFF, 0xFF, 0xF8, 0x00, 0x00, 0xDF, 0xFF, 0xFF, 0xFF, 0xFC, 0x00,
    0x01, 0xFF, 0xFF, 0xFD, 0xFF, 0xFC, 0x00, 0x02, 0xFF, 0xFE, 0xEF, 0xFF, 0xFC, 0x00, 0x01, 0xFF,
    0xFF, 0xFA, 0xEF, 0xFF, 0x10, 0x06, 0xFF, 0xFA, 0xEF, 0xFF, 0xFC, 0x00, 0x01, 0xFF, 0xFF, 0xFA,
    0xBF, 0xFF, 0x50, 0x0A, 0xFF, 0xF7, 0xEF, 0xFF, 0xFC, 0x00, 0x01, 0xFF, 0xFF, 0xFA, 0x8F, 0xFF,
    0x90, 0x0E, 0xFF, 0xF3, 0xEF, 0xFF, 0xFC, 0x00, 0x01, 0xFF, 0xFF, 0xFA, 0x4F, 0xFF, 0xD0, 0x3F,
    0xFF, 0xE0, 0xEF, 0xFF, 0xFC, 0x00, 0x01, 0xFF, 0xFF, 0xFA, 0x1F, 0xFF, 0xF2, 0x7F, 0xFF, 0xB0,
    0xEF, 0xFF, 0xFC, 0x00, 0x01, 0xFF, 0xFF, 0xFA, 0x0C, 0xFF, 0xF6, 0xBF, 0xFF, 0x80, 0xEF, 0xFF,
    0xFC, 0x00, 0x01, 0xFF, 0xFF, 0xFA, 0x08, 0xFF, 0xFA, 0xEF, 0xFF, 0x40, 0xEF, 0xFF, 0xFC, 0x00,
    0x01, 0xFF, 0xFF, 0xFA, 0x05, 0xFF, 0xFF, 0xFF, 0xFF, 0x10, 0xEF, 0xFF, 0xFC, 0x00, 0x01, 0xFF,
    0xFF, 0xFA, 0x01, 0xFF, 0xFF, 0xFF, 0xFC, 0x00, 0xEF, 0xFF, 0xFC, 0x00, 0x01, 0xFF, 0xFF, 0xFA,
    0x00, 0xDF, 0xFF, 0xFF, 0xF9, 0x00, 0xEF, 0xFF, 0xFC, 0x00, 0x01, 0xFF, 0xFF, 0xFA, 0x00, 0x9F,
    0xFF, 0xFF, 0xF5, 0x00, 0xEF, 0xFF, 0xFC, 0x00, 0x01, 0xFF, 0xFF, 0xFA, 0x00, 0x5F, 0xFF, 0xFF,
    0xF2, 0x00, 0xEF, 0xFF, 0xFC, 0x00, 0x01, 0xFF, 0xFF, 0xFA, 0x00, 0x2F, 0xFF, 0xFF, 0xD0, 0x00,
    0xEF, 0xFF, 0xFC, 0x00, 0x01, 0xFF, 0xFF, 0xFA, 0x00, 0x0D, 0xFF, 0xFF, 0xA0, 0x00, 0xEF, 0xFF,
    0xFC, 0x00, 0x01, 0xFF, 0xFF, 0xFA, 0x00, 0x00, 0x00, 0x00, 0x00, 0x00, 0xEF, 0xFF, 0xFC, 0x00,
    0x01, 0xFF, 0xFF, 0xFA, 0x00, 0x00, 0x00, 0x00, 0x00, 0x00, 0xEF, 0xFF, 0xFC, 0x00, 0x01, 0xFF,
    0xFF, 0xFA, 0x00, 0x00, 0x00, 0x00, 0x00, 0x00, 0xEF, 0xFF, 0xFC, 0x00, 0x01, 0xFF, 0xFF, 0xFA,
    0x00, 0x00, 0x00, 0x00, 0x00, 0x00, 0xEF, 0xFF, 0xFC, 0x00, 0x01, 0xFF, 0xFF, 0xFA, 0x00, 0x00,
    0x00, 0x00, 0x00, 0x00, 0xEF, 0xFF, 0xFC, 0x00, 0x01, 0xFF, 0xFF, 0xFA, 0x00, 0x00, 0x00, 0x00,
    0x00, 0x00, 0xEF, 0xFF, 0xFC, 0x00, 0x01, 0xFF, 0xFF, 0xFA, 0x00, 0x00, 0x00, 0x00, 0x00, 0x00,
    0xEF, 0xFF, 0xFC, 0x00, 0x01, 0xFF, 0xFF, 0xFA, 0x00, 0x00, 0x00, 0x00, 0x00, 0x00, 0xEF, 0xFF,
    0xFC, 0x00, 0x01, 0xFF, 0xFF, 0xFA, 0x00, 0x00, 0x00, 0x00, 0x00, 0x00, 0xEF, 0xFF, 0xFC, 0x00,
    0x01, 0xFF, 0xFF, 0xFA, 0x00, 0x00, 0x00, 0x00, 0x00, 0x00, 0xEF, 0xFF, 0xFC, 0x00, 0x01, 0xFF,
    0xFF, 0xFA, 0x00, 0x00, 0x00, 0x00, 0x00, 0x00, 0xEF, 0xFF, 0xFC, 0x00, 0x01, 0xFF, 0xFF, 0xFA,
    0x00, 0x00, 0x00, 0x00, 0x00, 0x00, 0xEF, 0xFF, 0xFC, 0x00, 0x00, 0x00, 0x00, 0x00, 0x00, 0x00,
    0x00, 0x00, 0x04, 0xFF, 0xFF, 0xFF, 0x50, 0x00, 0x00, 0x00, 0x00, 0x00, 0x00, 0x00, 0x00, 0x00,
    0x04, 0xFF, 0xFF, 0xFF, 0x50, 0x00, 0x00, 0x00, 0x00, 0x00, 0x00, 0x00, 0x00, 0x00, 0x04, 0xFF,
    0xFF, 0xFF, 0x50, 0x00, 0x00, 0x00, 0x00, 0x00, 0x00, 0x00, 0x00, 0x00, 0x04, 0xFF, 0xFF, 0xFF,
    0x50, 0x00, 0x00, 0x00, 0x00, 0x00, 0x00, 0x00, 0x00, 0x00, 0x04, 0xFF, 0xFF, 0xFF, 0x50, 0x00,
    0x00, 0x00, 0x00, 0x00, 0x00, 0x00, 0x00, 0x00, 0x04, 0xFF, 0xFF, 0xFF, 0x50, 0x00, 0x00, 0x00,
    0x00, 0x00, 0x00, 0x00, 0x00, 0x00, 0x04, 0xFF, 0xFF, 0xFF, 0x50, 0x00, 0x00, 0x00, 0x00, 0x00,
    0x00, 0x00, 0x00, 0x00, 0x04, 0xFF, 0xFF, 0xFF, 0x50, 0x00, 0x00, 0x00, 0x00, 0x00, 0x00, 0x00,
    0x00, 0x00, 0x04, 0xFF, 0xFF, 0xFF, 0x50, 0x00, 0x00, 0x00, 0x00, 0x03, 0x8C, 0xEF, 0xDA, 0x30,
    0x04, 0xFF, 0xFF, 0xFF, 0x50, 0x00, 0x00, 0x00, 0x01, 0x9F, 0xFF, 0xFF, 0xFF, 0xF9, 0x04, 0xFF,
    0xFF, 0xFF, 0x50, 0x00, 0x00, 0x00, 0x0B, 0xFF, 0xFF, 0xFF, 0xFF, 0xFF, 0xB4, 0xFF, 0xFF, 0xFF,
    0x50, 0x00, 0x00, 0x00, 0xAF, 0xFF, 0xFF, 0xFF, 0xFF, 0xFF, 0xFB, 0xFF, 0xFF, 0xFF, 0x50, 0x00,
    0x00, 0x03, 0xFF, 0xFF, 0xFF, 0xFF, 0xFF, 0xFF, 0xFF, 0xFF, 0xFF, 0xFF, 0x50, 0x00, 0x00, 0x0B,
    0xFF, 0xFF, 0xFF, 0xE7, 0x11, 0x4D, 0xFF, 0xFF, 0xFF, 0xFF, 0x50, 0x00, 0x00, 0x1F, 0xFF, 0xFF,
    0xFF, 0x40, 0x00, 0x01, 0xDF, 0xFF, 0xFF, 0xFF, 0x50, 0x00, 0x00, 0x6F, 0xFF, 0xFF, 0xFA, 0x00,
    0x00, 0x00, 0x4F, 0xFF, 0xFF, 0xFF, 0x50, 0x00, 0x00, 0x9F, 0xFF, 0xFF, 0xF3, 0x00, 0x00, 0x00,
    0x0D, 0xFF, 0xFF, 0xFF, 0x50, 0x00, 0x00, 0xBF, 0xFF, 0xFF, 0xE0, 0x00, 0x00, 0x00, 0x09, 0xFF,
    0xFF, 0xFF, 0x50, 0x00, 0x00, 0xDF, 0xFF, 0xFF, 0xC0, 0x00, 0x00, 0x00, 0x06, 0xFF, 0xFF, 0xFF,
    0x50, 0x00, 0x00, 0xEF, 0xFF, 0xFF, 0xA0, 0x00, 0x00, 0x00, 0x05, 0xFF, 0xFF, 0xFF, 0x50, 0x00,
    0x00, 0xEF, 0xFF, 0xFF, 0x90, 0x00, 0x00, 0x00, 0x04, 0xFF, 0xFF, 0xFF, 0x50, 0x00, 0x00, 0xEF,
    0xFF, 0xFF, 0x90, 0x00, 0x00, 0x00, 0x04, 0xFF, 0xFF, 0xFF, 0x50, 0x00, 0x00, 0xEF, 0xFF, 0xFF,
    0xA0, 0x00, 0x00, 0x00, 0x05, 0xFF, 0xFF, 0xFF, 0x50, 0x00, 0x00, 0xDF, 0xFF, 0xFF, 0xC0, 0x00,
    0x00, 0x00, 0x06, 0xFF, 0xFF, 0xFF, 0x50, 0x00, 0x00, 0xBF, 0xFF, 0xFF, 0xE0, 0x00, 0x00, 0x00,
    0x09, 0xFF, 0xFF, 0xFF, 0x50, 0x00, 0x00, 0x8F, 0xFF, 0xFF, 0xF3, 0x00, 0x00, 0x00, 0x0D, 0xFF,
    0xFF, 0xFF, 0x50, 0x00, 0x00, 0x6F, 0xFF, 0xFF, 0xFA, 0x00, 0x00, 0x00, 0x4F, 0xFF, 0xFF, 0xFF,
    0x50, 0x00, 0x00, 0x1F, 0xFF, 0xFF, 0xFF, 0x40, 0x00, 0x01, 0xDF, 0xFF, 0xFF, 0xFF, 0x50, 0x00,
    0x00, 0x0B, 0xFF, 0xFF, 0xFF, 0xE7, 0x11, 0x4D, 0xFF, 0xFF, 0xFF, 0xFF, 0x50, 0x00, 0x00, 0x03,
    0xFF, 0xFF, 0xFF, 0xFF, 0xFF, 0xFF, 0xFF, 0xFF, 0xFF, 0xFF, 0x50, 0x00, 0x00, 0x00, 0xAF, 0xFF,
    0xFF, 0xFF, 0xFF, 0xFF, 0xFA, 0xFF, 0xFF, 0xFF, 0x50, 0x00, 0x00, 0x00, 0x1C, 0xFF, 0xFF, 0xFF,
    0xFF, 0xFF, 0xB4, 0xFF, 0xFF, 0xFF, 0x50, 0x00, 0x00, 0x00, 0x01, 0x9F, 0xFF, 0xFF, 0xFF, 0xF9,
    0x04, 0xFF, 0xFF, 0xFF, 0x50, 0x00, 0x00, 0x00, 0x00, 0x03, 0x9D, 0xEE, 0xD9, 0x40, 0x04, 0xFF,
    0xFF, 0xFF, 0x50, 0x00, 0x00, 0x01, 0xFF, 0xFF, 0xFF, 0x70, 0x00, 0x00, 0x00, 0x00, 0x00, 0x00,
    0x00, 0x00, 0x00, 0x01, 0xFF, 0xFF, 0xFF, 0x70, 0x00, 0x00, 0x00, 0x00, 0x00, 0x00, 0x00, 0x00,
    0x00, 0x01, 0xFF, 0xFF, 0xFF, 0x70, 0x00, 0x00, 0x00, 0x00, 0x00, 0x00, 0x00, 0x00, 0x00, 0x01,
    0xFF, 0xFF, 0xFF, 0x70, 0x00, 0x00, 0x00, 0x00, 0x00, 0x00, 0x00, 0x00, 0x00, 0x01, 0xFF, 0xFF,
    0xFF, 0x70, 0x00, 0x00, 0x00, 0x00, 0x00, 0x00, 0x00, 0x00, 0x00, 0x01, 0xFF, 0xFF, 0xFF, 0x70,
    0x00, 0x00, 0x00, 0x00, 0x00, 0x00, 0x00, 0x00, 0x00, 0x01, 0xFF, 0xFF, 0xFF, 0x70, 0x00, 0x00,
    0x00, 0x00, 0x00, 0x00, 0x00, 0x00, 0x00, 0x01, 0xFF, 0xFF, 0xFF, 0x70, 0x00, 0x00, 0x00, 0x00,
    0x00, 0x00, 0x00, 0x00, 0x00, 0x01, 0xFF, 0xFF, 0xFF, 0x70, 0x00, 0x00, 0x00, 0x00, 0x00, 0x00,
    0x00, 0x00, 0x00, 0x01, 0xFF, 0xFF, 0xFF, 0x70, 0x00, 0x00, 0x00, 0x00, 0x00, 0x00, 0x00, 0x00,
    0x00, 0x01, 0xFF, 0xFF, 0xFF, 0x70, 0x00, 0x00, 0x02, 0xEF, 0xFF, 0xFF, 0xFC, 0x10, 0x00, 0x01,
    0xFF, 0xFF, 0xFF, 0x70, 0x00, 0x00, 0x2D, 0xFF, 0xFF, 0xFF, 0xC1, 0x00, 0x00, 0x01, 0xFF, 0xFF,
    0xFF, 0x70, 0x00, 0x01, 0xDF, 0xFF, 0xFF, 0xFC, 0x10, 0x00, 0x00, 0x01, 0xFF, 0xFF, 0xFF, 0x70,
    0x00, 0x1C, 0xFF, 0xFF, 0xFF, 0xB1, 0x00, 0x00, 0x00, 0x01, 0xFF, 0xFF, 0xFF, 0x70, 0x01, 0xBF,
    0xFF, 0xFF, 0xFB, 0x10, 0x00, 0x00, 0x00, 0x01, 0xFF, 0xFF, 0xFF, 0x70, 0x0B, 0xFF, 0xFF, 0xFF,
    0xB0, 0x00, 0x00, 0x00, 0x00, 0x01, 0xFF, 0xFF, 0xFF, 0x70, 0xAF, 0xFF, 0xFF, 0xFB, 0x00, 0x00,
    0x00, 0x00, 0x00, 0x01, 0xFF, 0xFF, 0xFF, 0x79, 0xFF, 0xFF, 0xFF, 0xA0, 0x00, 0x00, 0x00, 0x00,
    0x00, 0x01, 0xFF, 0xFF, 0xFF, 0xDF, 0xFF, 0xFF, 0xFA, 0x00, 0x00, 0x00, 0x00, 0x00, 0x00, 0x01,
    0xFF, 0xFF, 0xFF, 0xFF, 0xFF, 0xFF, 0xF1, 0x00, 0x00, 0x00, 0x00, 0x00, 0x00, 0x01, 0xFF, 0xFF,
    0xFF, 0xFF, 0xFF, 0xFF, 0xF9, 0x00, 0x00, 0x00, 0x00, 0x00, 0x00, 0x01, 0xFF, 0xFF, 0xFF, 0xFF,
    0xFF, 0xFF, 0xFF, 0x40, 0x00, 0x00, 0x00, 0x00, 0x00, 0x01, 0xFF, 0xFF, 0xFF, 0xFF, 0xFF, 0xFF,
    0xFF, 0xD0, 0x00, 0x00, 0x00, 0x00, 0x00, 0x01, 0xFF, 0xFF, 0xFF, 0xFF, 0x9F, 0xFF, 0xFF, 0xF8,
    0x00, 0x00, 0x00, 0x00, 0x00, 0x01, 0xFF, 0xFF, 0xFF, 0xF7, 0x08, 0xFF, 0xFF, 0xFF, 0x30, 0x00,
    0x00, 0x00, 0x00, 0x01, 0xFF, 0xFF, 0xFF, 0x90, 0x01, 0xEF, 0xFF, 0xFF, 0xC0, 0x00, 0x00, 0x00,
    0x00, 0x01, 0xFF, 0xFF, 0xFF, 0x70, 0x00, 0x6F, 0xFF, 0xFF, 0xF7, 0x00, 0x00, 0x00, 0x00, 0x01,
    0xFF, 0xFF, 0xFF, 0x70, 0x00, 0x0C, 0xFF, 0xFF, 0xFE, 0x20, 0x00, 0x00, 0x00, 0x01, 0xFF, 0xFF,
    0xFF, 0x70, 0x00, 0x03, 0xFF, 0xFF, 0xFF, 0xB0, 0x00, 0x00, 0x00, 0x01, 0xFF, 0xFF, 0xFF, 0x70,
    0x00, 0x00, 0x9F, 0xFF, 0xFF, 0xF6, 0x00, 0x00, 0x00, 0x01, 0xFF, 0xFF, 0xFF, 0x70, 0x00, 0x00,
    0x1E, 0xFF, 0xFF, 0xFE, 0x10, 0x00, 0x00, 0x01, 0xFF, 0xFF, 0xFF, 0x70, 0x00, 0x00, 0x07, 0xFF,
    0xFF, 0xFF, 0xA0, 0x00, 0x00, 0x01, 0xFF, 0xFF, 0xFF, 0x70, 0x00, 0x00, 0x00, 0xCF, 0xFF, 0xFF,
    0xF5, 0x00, 0x00, 0x01, 0xFF, 0xFF, 0xFF, 0x70, 0x00, 0x00, 0x00, 0x4F, 0xFF, 0xFF, 0xFD, 0x10,
    0x00, 0x01, 0xFF, 0xFF, 0xFF, 0x70, 0x00, 0x00, 0x00, 0x0A, 0xFF, 0xFF, 0xFF, 0x90, 0x00, 0x00,
    0x00, 0x00, 0x2A, 0xDE, 0xB4, 0x00, 0x03, 0xBE, 0xFD, 0x92, 0x00, 0x00, 0x02, 0xFF, 0xFF, 0x93,
    0xEF, 0xFF, 0xFF, 0x70, 0x5F, 0xFF, 0xFF, 0xFE, 0x20, 0x00, 0x02, 0xFF, 0xFF, 0xAD, 0xFF, 0xFF,
    0xFF, 0xF4, 0xEF, 0xFF, 0xFF, 0xFF, 0xC0, 0x00, 0x02, 0xFF, 0xFF, 0xEF, 0xFF, 0xFF, 0xFF, 0xFE,
    0xFF, 0xFF, 0xFF, 0xFF, 0xF2, 0x00, 0x02, 0xFF, 0xFF, 0xFF, 0xFF, 0xFF, 0xFF, 0xFF, 0xFF, 0xFF,
    0xFF, 0xFF, 0xF6, 0x00, 0x02, 0xFF, 0xFF, 0xFE, 0x31, 0xAF, 0xFF, 0xFF, 0xF7, 0x15, 0xFF, 0xFF,
    0xF9, 0x00, 0x02, 0xFF, 0xFF, 0xF7, 0x00, 0x1F, 0xFF, 0xFF, 0xD0, 0x00, 0xBF, 0xFF, 0xFB, 0x00,
    0x02, 0xFF, 0xFF, 0xF5, 0x00, 0x0D, 0xFF, 0xFF, 0xA0, 0x00, 0x8F, 0xFF, 0xFC, 0x00, 0x02, 0xFF,
    0xFF, 0xF4, 0x00, 0x0C, 0xFF, 0xFF, 0x90, 0x00, 0x7F, 0xFF, 0xFD, 0x00, 0x02, 0xFF, 0xFF, 0xF4,
    0x00, 0x0C, 0xFF, 0xFF, 0x80, 0x00, 0x7F, 0xFF, 0xFD, 0x00, 0x02, 0xFF, 0xFF, 0xF4, 0x00, 0x0C,
    0xFF, 0xFF, 0x80, 0x00, 0x7F, 0xFF, 0xFE, 0x00, 0x02, 0xFF, 0xFF, 0xF4, 0x00, 0x0C, 0xFF, 0xFF,
    0x80, 0x00, 0x7F, 0xFF, 0xFE, 0x00, 0x02, 0xFF, 0xFF, 0xF4, 0x00, 0x0C, 0xFF, 0xFF, 0x80, 0x00,
    0x7F, 0xFF, 0xFE, 0x00, 0x02, 0xFF, 0xFF, 0xF4, 0x00, 0x0C, 0xFF, 0xFF, 0x80, 0x00, 0x7F, 0xFF,
    0xFE, 0x00, 0x02, 0xFF, 0xFF, 0xF4, 0x00, 0x0C, 0xFF, 0xFF, 0x80, 0x00, 0x7F, 0xFF, 0xFE, 0x00,
    0x02, 0xFF, 0xFF, 0xF4, 0x00, 0x0C, 0xFF, 0xFF, 0x80, 0x00, 0x7F, 0xFF, 0xFE, 0x00, 0x02, 0xFF,
    0xFF, 0xF4, 0x00, 0x0C, 0xFF, 0xFF, 0x80, 0x00, 0x7F, 0xFF, 0xFE, 0x00, 0x02, 0xFF, 0xFF, 0xF4,
    0x00, 0x0C, 0xFF, 0xFF, 0x80, 0x00, 0x7F, 0xFF, 0xFE, 0x00, 0x02, 0xFF, 0xFF, 0xF4, 0x00, 0x0C,
    0xFF, 0xFF, 0x80, 0x00, 0x7F, 0xFF, 0xFE, 0x00, 0x02, 0xFF, 0xFF, 0xF4, 0x00, 0x0C, 0xFF, 0xFF,
    0x80, 0x00, 0x7F, 0xFF, 0xFE, 0x00, 0x02, 0xFF, 0xFF, 0xF4, 0x00, 0x0C, 0xFF, 0xFF, 0x80, 0x00,
    0x7F, 0xFF, 0xFE, 0x00, 0x02, 0xFF, 0xFF, 0xF4, 0x00, 0x0C, 0xFF, 0xFF, 0x80, 0x00, 0x7F, 0xFF,
    0xFE, 0x00, 0x02, 0xFF, 0xFF, 0xF4, 0x00, 0x0C, 0xFF, 0xFF, 0x80, 0x00, 0x7F, 0xFF, 0xFE, 0x00,
    0x02, 0xFF, 0xFF, 0xF4, 0x00, 0x0C, 0xFF, 0xFF, 0x80, 0x00, 0x7F, 0xFF, 0xFE, 0x00, 0x02, 0xFF,
    0xFF, 0xF4, 0x00, 0x0C, 0xFF, 0xFF, 0x80, 0x00, 0x7F, 0xFF, 0xFE, 0x00, 0x02, 0xFF, 0xFF, 0xF4,
    0x00, 0x0C, 0xFF, 0xFF, 0x80, 0x00, 0x7F, 0xFF, 0xFE, 0x00, 0x00, 0x00, 0xCF, 0xFF, 0xFF, 0xFF,
    0xFF, 0xFF, 0xFF, 0xFF, 0xFF, 0xFF, 0x40, 0x00, 0x00, 0x00, 0xCF, 0xFF, 0xFF, 0xFF, 0xFF, 0xFF,
    0xFF, 0xFF, 0xFF, 0xFF, 0x40, 0x00, 0x00, 0x00, 0xCF, 0xFF, 0xFF, 0xFF, 0xFF, 0xFF, 0xFF, 0xFF,
    0xFF, 0xFF, 0x40, 0x00, 0x00, 0x00, 0xCF, 0xFF, 0xFF, 0xFF, 0xFF, 0xFF, 0xFF, 0xFF, 0xFF, 0xFF,
    0x40, 0x00, 0x00, 0x00, 0xCF, 0xFF, 0xFF, 0xFF, 0xFF, 0xFF, 0xFF, 0xFF, 0xFF, 0xFF, 0x40, 0x00,
    0x00, 0x00, 0x00, 0x00, 0x00, 0x00, 0x00, 0x00, 0x8F, 0xFF, 0xFF, 0xFD, 0x10, 0x00, 0x00, 0x00,
    0x00, 0x00, 0x00, 0x00, 0x00, 0x07, 0xFF, 0xFF, 0xFF, 0xE2, 0x00, 0x00, 0x00, 0x00, 0x00, 0x00,
    0x00, 0x00, 0x00, 0x5F, 0xFF, 0xFF, 0xFE, 0x30, 0x00, 0x00, 0x00, 0x00, 0x00, 0x00, 0x00, 0x00,
    0x04, 0xFF, 0xFF, 0xFF, 0xF4, 0x00, 0x00, 0x00, 0x00, 0x00, 0x00, 0x00, 0x00, 0x00, 0x3E, 0xFF,
    0xFF, 0xFF, 0x50, 0x00, 0x00, 0x00, 0x00, 0x00, 0x00, 0x00, 0x00, 0x02, 0xDF, 0xFF, 0xFF, 0xF7,
    0x00, 0x00, 0x00, 0x00, 0x00, 0x00, 0x00, 0x00, 0x00, 0x1C, 0xFF, 0xFF, 0xFF, 0x90, 0x00, 0x00,
    0x00, 0x00, 0x00, 0x00, 0x00, 0x00, 0x00, 0xBF, 0xFF, 0xFF, 0xFA, 0x00, 0x00, 0x00, 0x00, 0x00,
    0x00, 0x00, 0x00, 0x00, 0x0A, 0xFF, 0xFF, 0xFF, 0xC1, 0x00, 0x00, 0x00, 0x00, 0x00, 0x00, 0x00,
    0x00, 0x00, 0x8F, 0xFF, 0xFF, 0xFD, 0x10, 0x00, 0x00, 0x00, 0x00, 0x00, 0x00, 0x00, 0x00, 0x06,
    0xFF, 0xFF, 0xFF, 0xE2, 0x00, 0x00, 0x00, 0x00, 0x00, 0x00, 0x00, 0x00, 0x00, 0x5F, 0xFF, 0xFF,
    0xFE, 0x30, 0x00, 0x00, 0x00, 0x00, 0x00, 0x00, 0x00, 0x00, 0x04, 0xFF, 0xFF, 0xFF, 0xF4, 0x00,
    0x00, 0x00, 0x00, 0x00, 0x00, 0x00, 0x00, 0x00, 0x2E, 0xFF, 0xFF, 0xFF, 0x60, 0x00, 0x00, 0x00,
    0x00, 0x00, 0x00, 0x00, 0x00, 0x01, 0xDF, 0xFF, 0xFF, 0xF7, 0x00, 0x00, 0x00, 0x00, 0x00, 0x00,
    0x00, 0x00, 0x00, 0x05, 0xFF, 0xFF, 0xFF, 0xFF, 0xFF, 0xFF, 0xFF, 0xFF, 0xFF, 0xFF, 0x40, 0x00,
    0x00, 0x05, 0xFF, 0xFF, 0xFF, 0xFF, 0xFF, 0xFF, 0xFF, 0xFF, 0xFF, 0xFF, 0x40, 0x00, 0x00, 0x05,
    0xFF, 0xFF, 0xFF, 0xFF, 0xFF, 0xFF, 0xFF, 0xFF, 0xFF, 0xFF, 0x40, 0x00, 0x00, 0x05, 0xFF, 0xFF,
    0xFF, 0xFF, 0xFF, 0xFF, 0xFF, 0xFF, 0xFF, 0xFF, 0x40, 0x00, 0x00, 0x05, 0xFF, 0xFF, 0xFF, 0xFF,
    0xFF, 0xFF, 0xFF, 0xFF, 0xFF, 0xFF, 0x40, 0x00,
};

const gfx2_glyph_t font_num_44_glyphs[23] = {
    {      0,   0,   0,    0,    0,  28 }, /* 'U+0020' */
    {      0,  28,  27,    0,   16,  28 }, /* '+' */
    {    378,  28,  15,    0,   35,  28 }, /* ',' */
    {    588,  28,  17,    0,   26,  28 }, /* '-' */
    {    826,  28,   8,    0,   35,  28 }, /* '.' */
    {    938,  28,  35,    0,    8,  28 }, /* '0' */
    {   1428,  28,  34,    0,    9,  28 }, /* '1' */
    {   1904,  28,  35,    0,    8,  28 }, /* '2' */
    {   2394,  28,  35,    0,    8,  28 }, /* '3' */
    {   2884,  28,  34,    0,    9,  28 }, /* '4' */
    {   3360,  28,  34,    0,    9,  28 }, /* '5' */
    {   3836,  28,  35,    0,    8,  28 }, /* '6' */
    {   4326,  28,  34,    0,    9,  28 }, /* '7' */
    {   4802,  28,  35,    0,    8,  28 }, /* '8' */
    {   5292,  28,  35,    0,    8,  28 }, /* '9' */
    {   5782,  28,  24,    0,   19,  28 }, /* ':' */
    {   6118,  28,  34,    0,    9,  28 }, /* 'B' */
    {   6594,  28,  34,    0,    9,  28 }, /* 'H' */
    {   7070,  28,  34,    0,    9,  28 }, /* 'M' */
    {   7546,  28,  35,    0,    8,  28 }, /* 'd' */
    {   8036,  28,  35,    0,    8,  28 }, /* 'k' */
    {   8526,  28,  26,    0,   17,  28 }, /* 'm' */
    {   8890,  28,  25,    0,   18,  28 }, /* 'z' */
};

const gfx2_range_t font_num_44_ranges[10] = {
    { 0x0020, 0x0020, 0 },
    { 0x002B, 0x002E, 1 },
    { 0x0030, 0x003A, 5 },
    { 0x0042, 0x0042, 16 },
    { 0x0048, 0x0048, 17 },
    { 0x004D, 0x004D, 18 },
    { 0x0064, 0x0064, 19 },
    { 0x006B, 0x006B, 20 },
    { 0x006D, 0x006D, 21 },
    { 0x007A, 0x007A, 22 },
};

const gfx2_font_t font_num_44 = {
    font_num_44_bitmap, font_num_44_glyphs, font_num_44_ranges,
    10, 43, 11, 54
};


/* ------------------------------------------------------------------ */
#include "font_rain_16.h"


const uint8_t font_rain_16_bitmap[4880] = {
    0x00, 0x5D, 0xEA, 0x10, 0x00, 0x03, 0xF5, 0x1B, 0xA0, 0x00, 0x09, 0xB0, 0x09, 0xF2, 0x00, 0x0D,
    0x80, 0x1B, 0xF5, 0x00, 0x0F, 0x60, 0x74, 0xE7, 0x00, 0x0F, 0x50, 0xB0, 0xD8, 0x00, 0x0F, 0x55,
    0x60, 0xD8, 0x00, 0x0F, 0x6A, 0x10, 0xE7, 0x00, 0x0D, 0xB8, 0x01, 0xF5, 0x00, 0x09, 0xF2, 0x04,
    0xF2, 0x00, 0x03, 0xF5, 0x1B, 0xA0, 0x00, 0x00, 0x5D, 0xEA, 0x10, 0x00, 0x00, 0x00, 0x00, 0x00,
    0x00, 0x00, 0x08, 0xF3, 0x00, 0x00, 0x00, 0xEE, 0xF3, 0x00, 0x00, 0x00, 0x74, 0xF3, 0x00, 0x00,
    0x00, 0x03, 0xF3, 0x00, 0x00, 0x00, 0x03, 0xF3, 0x00, 0x00, 0x00, 0x03, 0xF3, 0x00, 0x00, 0x00,
    0x03, 0xF3, 0x00, 0x00, 0x00, 0x03, 0xF3, 0x00, 0x00, 0x00, 0x03, 0xF3, 0x00, 0x00, 0x00, 0x03,
    0xF3, 0x00, 0x00, 0x00, 0x03, 0xF3, 0x00, 0x00, 0x00, 0x03, 0xF3, 0x00, 0x00, 0x00, 0x00, 0x00,
    0x00, 0x00, 0x00, 0x7D, 0xEC, 0x30, 0x00, 0x06, 0xE4, 0x17, 0xE2, 0x00, 0x0D, 0x70, 0x00, 0xE6,
    0x00, 0x1F, 0x40, 0x00, 0xE7, 0x00, 0x00, 0x00, 0x03, 0xF4, 0x00, 0x00, 0x00, 0x2D, 0xC0, 0x00,
    0x00, 0x03, 0xED, 0x20, 0x00, 0x00, 0x3E, 0xC1, 0x00, 0x00, 0x01, 0xDC, 0x10, 0x00, 0x00, 0x07,
    0xE2, 0x00, 0x00, 0x00, 0x0E, 0x90, 0x00, 0x00, 0x00, 0x3F, 0xFF, 0xFF, 0xFB, 0x00, 0x00, 0x00,
    0x00, 0x00, 0x00, 0x00, 0x8E, 0xEB, 0x30, 0x00, 0x09, 0xD2, 0x18, 0xE1, 0x00, 0x0E, 0x50, 0x00,
    0xF5, 0x00, 0x00, 0x00, 0x01, 0xF5, 0x00, 0x00, 0x00, 0x19, 0xD1, 0x00, 0x00, 0x1F, 0xFD, 0x20,
    0x00, 0x00, 0x00, 0x28, 0xD1, 0x00, 0x00, 0x00, 0x00, 0xC8, 0x00, 0x00, 0x00, 0x00, 0xAB, 0x00,
    0x2F, 0x30, 0x00, 0xC9, 0x00, 0x0B, 0xB2, 0x17, 0xF3, 0x00, 0x01, 0x9D, 0xFC, 0x40, 0x00, 0x00,
    0x00, 0x00, 0x00, 0x00, 0x00, 0x00, 0x2E, 0xA0, 0x00, 0x00, 0x00, 0xAF, 0xA0, 0x00, 0x00, 0x04,
    0xEA, 0xA0, 0x00, 0x00, 0x0D, 0x69, 0xA0, 0x00, 0x00, 0x7C, 0x09, 0xA0, 0x00, 0x02, 0xE3, 0x09,
    0xA0, 0x00, 0x0A, 0x90, 0x09, 0xA0, 0x00, 0x4E, 0x10, 0x09, 0xA0, 0x00, 0x9F, 0xFF, 0xFF, 0xFF,
    0x10, 0x00, 0x00, 0x09, 0xA0, 0x00, 0x00, 0x00, 0x09, 0xA0, 0x00, 0x00, 0x00, 0x09, 0xA0, 0x00,
    0x00, 0x00, 0x00, 0x00, 0x00, 0x08, 0xFF, 0xFF, 0xF2, 0x00, 0x08, 0xA0, 0x00, 0x00, 0x00, 0x09,
    0x90, 0x00, 0x00, 0x00, 0x0A, 0x90, 0x00, 0x00, 0x00, 0x0A, 0x9A, 0xFC, 0x40, 0x00, 0x0B, 0xE5,
    0x18, 0xE1, 0x00, 0x08, 0x60, 0x00, 0xD8, 0x00, 0x00, 0x00, 0x00, 0x9A, 0x00, 0x00, 0x00, 0x00,
    0x9A, 0x00, 0x0E, 0x50, 0x00, 0xC7, 0x00, 0x08, 0xD2, 0x18, 0xE1, 0x00, 0x00, 0x8D, 0xEB, 0x30,
    0x00, 0x00, 0x00, 0x00, 0x00, 0x00, 0x00, 0x3C, 0xEC, 0x40, 0x00, 0x01, 0xE7, 0x17, 0xE1, 0x00,
    0x08, 0xB0, 0x00, 0xE6, 0x00, 0x0C, 0x70, 0x00, 0x00, 0x00, 0x0F, 0x40, 0x00, 0x00, 0x00, 0x2F,
    0x6C, 0xFC, 0x40, 0x00, 0x2F, 0xE4, 0x16, 0xF3, 0x00, 0x2F, 0x80, 0x00, 0xB9, 0x00, 0x0E, 0x50,
    0x00, 0x9A, 0x00, 0x0A, 0x80, 0x00, 0xC8, 0x00, 0x03, 0xE4, 0x17, 0xE2, 0x00, 0x00, 0x5D, 0xFC,
    0x40, 0x00, 0x00, 0x00, 0x00, 0x00, 0x00, 0x2F, 0xFF, 0xFF, 0xF9, 0x00, 0x00, 0x00, 0x01, 0xE5,
    0x00, 0x00, 0x00, 0x06, 0xE1, 0x00, 0x00, 0x00, 0x0B, 0x90, 0x00, 0x00, 0x00, 0x2F, 0x40, 0x00,
    0x00, 0x00, 0x7E, 0x00, 0x00, 0x00, 0x00, 0xC9, 0x00, 0x00, 0x00, 0x02, 0xF4, 0x00, 0x00, 0x00,
    0x07, 0xE0, 0x00, 0x00, 0x00, 0x0B, 0xA0, 0x00, 0x00, 0x00, 0x1F, 0x70, 0x00, 0x00, 0x00, 0x5F,
    0x30, 0x00, 0x00, 0x00, 0x00, 0x00, 0x00, 0x00, 0x00, 0x8E, 0xEB, 0x30, 0x00, 0x07, 0xD3, 0x18,
    0xE1, 0x00, 0x0D, 0x70, 0x00, 0xE5, 0x00, 0x0D, 0x70, 0x00, 0xE5, 0x00, 0x07, 0xD3, 0x18, 0xD1,
    0x00, 0x00, 0xAF, 0xFE, 0x30, 0x00, 0x09, 0xC2, 0x18, 0xE3, 0x00, 0x3F, 0x20, 0x00, 0xBB, 0x00,
    0x6E, 0x00, 0x00, 0x7D, 0x00, 0x4F, 0x20, 0x00, 0x9B, 0x00, 0x0D, 0xC2, 0x16, 0xF5, 0x00, 0x01,
    0x9D, 0xFC, 0x50, 0x00, 0x00, 0x00, 0x00, 0x00, 0x00, 0x00, 0x7E, 0xEB, 0x20, 0x00, 0x06, 0xD2,
    0x19, 0xC0, 0x00, 0x0D, 0x50, 0x00, 0xE4, 0x00, 0x1F, 0x40, 0x00, 0xD7, 0x00, 0x0E, 0x60, 0x01,
    0xE9, 0x00, 0x09, 0xD3, 0x1A, 0xFA, 0x00, 0x01, 0x9E, 0xE9, 0xAA, 0x00, 0x00, 0x00, 0x00, 0x99,
    0x00, 0x00, 0x00, 0x00, 0xB6, 0x00, 0x0D, 0x80, 0x01, 0xF2, 0x00, 0x06, 0xE3, 0x1A, 0xB0, 0x00,
    0x00, 0x7E, 0xEA, 0x10, 0x00, 0x00, 0x00, 0x00, 0x00, 0x00, 0x00, 0x35, 0x55, 0x56, 0x66, 0x66,
    0x77, 0x40, 0x00, 0x00, 0xBE, 0xEE, 0xED, 0xDD, 0xCC, 0xCE, 0xF1, 0x00, 0x00, 0x00, 0x00, 0x00,
    0x00, 0x00, 0x2E, 0x90, 0x00, 0x00, 0x00, 0x00, 0x09, 0xC0, 0x00, 0xCD, 0x10, 0x00, 0x00, 0x00,
    0x00, 0x09, 0xB0, 0x1B, 0xE3, 0x00, 0x00, 0x00, 0x00, 0x00, 0x0A, 0xB1, 0xCE, 0x30, 0x00, 0x00,
    0x00, 0x00, 0x00, 0x0B, 0x90, 0x83, 0x00, 0x00, 0x00, 0x00, 0x00, 0x00, 0x0D, 0x70, 0x00, 0x00,
    0x00, 0x00, 0x00, 0x00, 0x00, 0x3F, 0x40, 0x00, 0x00, 0x00, 0x00, 0x00, 0x00, 0x00, 0xBD, 0x00,
    0x00, 0x00, 0x00, 0x00, 0x00, 0x00, 0x09, 0xF4, 0x00, 0x00, 0x00, 0x00, 0x00, 0x00, 0x03, 0xCF,
    0x60, 0x00, 0x00, 0x00, 0x00, 0x00, 0x00, 0x04, 0xD4, 0x00, 0x00, 0x00, 0x00, 0x00, 0x00, 0x00,
    0x00, 0x00, 0x00, 0x00, 0x00, 0x00, 0x00, 0x00, 0x00, 0x00, 0x00, 0x00, 0x00, 0x05, 0x30, 0x00,
    0x00, 0x00, 0x00, 0x00, 0x00, 0x00, 0x4F, 0x80, 0x00, 0x00, 0x00, 0x00, 0x00, 0x00, 0x03, 0xEA,
    0x00, 0x00, 0x00, 0x00, 0x00, 0x00, 0x00, 0x4E, 0xB0, 0x00, 0x00, 0x00, 0x00, 0x00, 0x00, 0x06,
    0xFC, 0x00, 0x00, 0x00, 0x00, 0x00, 0x00, 0x01, 0xAF, 0xF9, 0x00, 0x00, 0x00, 0x00, 0x00, 0x00,
    0x5E, 0xD3, 0xC9, 0x00, 0x00, 0x00, 0x00, 0x00, 0x5D, 0xF8, 0x10, 0xC9, 0x00, 0x00, 0x00, 0x00,
    0x00, 0x99, 0x20, 0x00, 0xC9, 0x00, 0x00, 0x00, 0x00, 0x00, 0x00, 0x00, 0x00, 0xC9, 0x00, 0x00,
    0x00, 0x00, 0x00, 0x00, 0x00, 0x00, 0xC9, 0x00, 0x00, 0x00, 0x00, 0x00, 0x00, 0x00, 0x00, 0xC9,
    0x00, 0x00, 0x00, 0x00, 0x00, 0x00, 0x00, 0x00, 0xC9, 0x00, 0x00, 0x00, 0x00, 0x00, 0x00, 0x00,
    0x00, 0xC9, 0x00, 0x00, 0x00, 0x00, 0x00, 0x00, 0x00, 0x06, 0xF0, 0x00, 0x00, 0x00, 0x00, 0x00,
    0x00, 0x00, 0x06, 0xF0, 0x00, 0x00, 0x00, 0x00, 0x00, 0x2F, 0xFF, 0xFF, 0xFF, 0xFF, 0xFC, 0x00,
    0x00, 0x00, 0x2F, 0x30, 0x00, 0x00, 0x00, 0x7E, 0x00, 0x00, 0x00, 0x2F, 0x30, 0x00, 0x00, 0x00,
    0x9C, 0x00, 0x00, 0x00, 0x2F, 0x30, 0x00, 0x00, 0x00, 0xD9, 0x00, 0x00, 0x00, 0x2F, 0x30, 0x00,
    0x00, 0x01, 0xF5, 0x00, 0x00, 0x00, 0x2F, 0x30, 0x00, 0x00, 0x06, 0xF1, 0x00, 0x00, 0x00, 0x00,
    0x00, 0x00, 0x00, 0x0D, 0xA0, 0x00, 0x00, 0x00, 0x00, 0x00, 0x00, 0x00, 0x8F, 0x20, 0x00, 0x00,
    0x00, 0x00, 0x00, 0x00, 0x06, 0xF7, 0x00, 0x00, 0x00, 0x00, 0x00, 0x00, 0x01, 0x9F, 0x90, 0x00,
    0x00, 0x00, 0x00, 0x00, 0x01, 0x7E, 0xF7, 0x00, 0x00, 0x00, 0x00, 0x00, 0x00, 0x00, 0xBA, 0x20,
    0x00, 0x00, 0x00, 0x00, 0x00, 0x00, 0x00, 0x00, 0x00, 0x00, 0x00, 0x00, 0x00, 0x00, 0x1F, 0xFF,
    0xFF, 0xFF, 0xFF, 0xFF, 0x10, 0x00, 0x00, 0x00, 0x00, 0x04, 0xF2, 0x00, 0x00, 0x00, 0x00, 0x00,
    0x00, 0x00, 0x04, 0xF2, 0x00, 0x00, 0x00, 0x00, 0x00, 0x00, 0x00, 0x04, 0xF2, 0x00, 0x00, 0x00,
    0x00, 0x00, 0x00, 0x00, 0x04, 0xF2, 0x00, 0x00, 0x00, 0x00, 0x00, 0x00, 0x00, 0x04, 0xF2, 0x00,
    0x00, 0x00, 0x00, 0x00, 0x00, 0x00, 0x04, 0xF2, 0x00, 0x00, 0x00, 0x00, 0x00, 0x00, 0x00, 0x04,
    0xF2, 0x00, 0x00, 0x00, 0x00, 0x00, 0x00, 0x00, 0x04, 0xF2, 0x00, 0x00, 0x00, 0x00, 0x04, 0xFF,
    0xFF, 0xFF, 0xFF, 0xFF, 0xFF, 0xF4, 0x00, 0x00, 0x00, 0x00, 0x00, 0x00, 0x00, 0x00, 0x00, 0x00,
    0x00, 0x00, 0x00, 0x00, 0x09, 0xB0, 0x00, 0x00, 0x00, 0x00, 0x00, 0x00, 0x00, 0x09, 0xB0, 0x00,
    0x00, 0x00, 0x00, 0x00, 0x00, 0x00, 0x09, 0xB0, 0x00, 0x00, 0x00, 0x00, 0xFF, 0xFF, 0xFF, 0xFF,
    0xFF, 0xFF, 0xC0, 0x00, 0x00, 0x00, 0x00, 0x00, 0xBF, 0xC0, 0x00, 0x00, 0x00, 0x00, 0x00, 0x00,
    0x06, 0xE9, 0xC0, 0x00, 0x00, 0x00, 0x00, 0x00, 0x00, 0x3E, 0x68, 0xC0, 0x00, 0x00, 0x00, 0x00,
    0x00, 0x02, 0xEA, 0x08, 0xC0, 0x00, 0x00, 0x00, 0x00, 0x00, 0x4E, 0xC0, 0x08, 0xC0, 0x00, 0x00,
    0x00, 0x00, 0x17, 0xFA, 0x10, 0x08, 0xC0, 0x00, 0x00, 0x00, 0x04, 0xDF, 0x80, 0x00, 0x08, 0xC0,
    0x00, 0x00, 0x00, 0x01, 0x92, 0x00, 0x22, 0x0A, 0xC0, 0x00, 0x00, 0x00, 0x00, 0x00, 0x00, 0x6F,
    0xFE, 0x80, 0x00, 0x00, 0x00, 0x00, 0x00, 0x00, 0x12, 0x10, 0x00, 0x00, 0x00, 0x00, 0x00, 0x00,
    0x00, 0x0B, 0x90, 0x00, 0x00, 0x00, 0x00, 0x00, 0x00, 0x00, 0x0B, 0x90, 0x00, 0x00, 0x00, 0x00,
    0x00, 0x00, 0x00, 0x0B, 0x90, 0x00, 0x00, 0x00, 0x00, 0x00, 0x8F, 0xFF, 0xFF, 0xFF, 0xFF, 0xFE,
    0x00, 0x00, 0x00, 0x00, 0x00, 0x0D, 0x70, 0x00, 0x7E, 0x00, 0x00, 0x00, 0x00, 0x00, 0x1F, 0x50,
    0x00, 0x7E, 0x00, 0x00, 0x00, 0x00, 0x00, 0x4F, 0x20, 0x00, 0x7D, 0x00, 0x00, 0x00, 0x00, 0x00,
    0x9D, 0x00, 0x00, 0x8D, 0x00, 0x00, 0x00, 0x00, 0x02, 0xF7, 0x00, 0x00, 0x9C, 0x00, 0x00, 0x00,
    0x00, 0x0B, 0xE1, 0x00, 0x00, 0xAA, 0x00, 0x00, 0x00, 0x00, 0x9F, 0x40, 0x00, 0x00, 0xC8, 0x00,
    0x00, 0x00, 0x1A, 0xF7, 0x00, 0x68, 0x23, 0xF4, 0x00, 0x00, 0x00, 0xAE, 0x50, 0x00, 0x3B, 0xEF,
    0xA0, 0x00, 0x00, 0x00, 0x12, 0x00, 0x00, 0x00, 0x00, 0x00, 0x00, 0x00, 0x00, 0x00, 0x00, 0x24,
    0x00, 0x00, 0x00, 0x00, 0x00, 0x00, 0x00, 0x00, 0x6E, 0x00, 0x00, 0x00, 0x00, 0x00, 0x00, 0x00,
    0x00, 0x3F, 0x20, 0x00, 0x00, 0x00, 0x00, 0x00, 0x00, 0x00, 0x0F, 0x76, 0x8B, 0xD2, 0x00, 0x00,
    0x00, 0x26, 0x8B, 0xDF, 0xFD, 0xA8, 0x51, 0x00, 0x00, 0x00, 0x5C, 0xA7, 0x5A, 0xB0, 0x00, 0x00,
    0x00, 0x00, 0x00, 0x00, 0x00, 0x06, 0xE0, 0x00, 0x00, 0x00, 0x00, 0x00, 0x00, 0x00, 0x03, 0xF4,
    0x47, 0x9C, 0xE1, 0x00, 0x00, 0x03, 0x57, 0xAC, 0xFF, 0xEC, 0x97, 0x41, 0x00, 0x00, 0xEF, 0xEC,
    0x97, 0xD9, 0x00, 0x00, 0x00, 0x00, 0x00, 0x32, 0x00, 0x00, 0x9B, 0x00, 0x00, 0x00, 0x00, 0x00,
    0x00, 0x00, 0x00, 0x6E, 0x00, 0x00, 0x00, 0x00, 0x00, 0x00, 0x00, 0x00, 0x3F, 0x20, 0x00, 0x00,
    0x00, 0x00, 0x00, 0x00, 0x00, 0x0F, 0x50, 0x00, 0x00, 0x00, 0x00, 0x00, 0x00, 0x00, 0x08, 0x30,
    0x00, 0x00, 0x00, 0x00, 0x00, 0x00, 0x01, 0x00, 0x00, 0x00, 0x00, 0x00, 0x00, 0x00, 0x00, 0x0D,
    0x90, 0x00, 0x00, 0x00, 0x00, 0x00, 0x00, 0x00, 0x4F, 0x30, 0x00, 0x00, 0x00, 0x00, 0x00, 0x00,
    0x00, 0xCF, 0xFF, 0xFF, 0xF7, 0x00, 0x00, 0x00, 0x00, 0x07, 0xE2, 0x00, 0x00, 0xE8, 0x00, 0x00,
    0x00, 0x00, 0x4F, 0x50, 0x00, 0x03, 0xF4, 0x00, 0x00, 0x00, 0x03, 0xEA, 0x00, 0x00, 0x08, 0xD0,
    0x00, 0x00, 0x00, 0x3E, 0xA0, 0x00, 0x00, 0x1E, 0x70, 0x00, 0x00, 0x00, 0x07, 0x00, 0x00, 0x00,
    0x9E, 0x10, 0x00, 0x00, 0x00, 0x00, 0x00, 0x00, 0x05, 0xF5, 0x00, 0x00, 0x00, 0x00, 0x00, 0x00,
    0x00, 0x4F, 0x90, 0x00, 0x00, 0x00, 0x00, 0x00, 0x00, 0x06, 0xFA, 0x00, 0x00, 0x00, 0x00, 0x00,
    0x00, 0x02, 0xAF, 0x90, 0x00, 0x00, 0x00, 0x00, 0x00, 0x00, 0x4F, 0xD4, 0x00, 0x00, 0x00, 0x00,
    0x00, 0x00, 0x00, 0x05, 0x00, 0x00, 0x00, 0x00, 0x00, 0x00, 0x00, 0x00, 0x00, 0x20, 0x00, 0x00,
    0x00, 0x00, 0x00, 0x00, 0x00, 0x05, 0xF1, 0x00, 0x00, 0x00, 0x00, 0x00, 0x00, 0x00, 0x09, 0xB0,
    0x00, 0x00, 0x00, 0x00, 0x00, 0x00, 0x00, 0x1E, 0x70, 0x00, 0x00, 0x00, 0x00, 0x00, 0x00, 0x00,
    0x7F, 0xFF, 0xFF, 0xFF, 0xFF, 0xF3, 0x00, 0x00, 0x02, 0xE7, 0x00, 0x02, 0xF4, 0x00, 0x00, 0x00,
    0x00, 0x0B, 0xD0, 0x00, 0x03, 0xF3, 0x00, 0x00, 0x00, 0x00, 0xAE, 0x30, 0x00, 0x06, 0xF1, 0x00,
    0x00, 0x00, 0x00, 0xA4, 0x00, 0x00, 0x09, 0xD0, 0x00, 0x00, 0x00, 0x00, 0x00, 0x00, 0x00, 0x1E,
    0x80, 0x00, 0x00, 0x00, 0x00, 0x00, 0x00, 0x00, 0x9E, 0x20, 0x00, 0x00, 0x00, 0x00, 0x00, 0x00,
    0x07, 0xF6, 0x00, 0x00, 0x00, 0x00, 0x00, 0x00, 0x01, 0x9F, 0x80, 0x00, 0x00, 0x00, 0x00, 0x00,
    0x00, 0x0C, 0xE5, 0x00, 0x00, 0x00, 0x00, 0x00, 0x00, 0x00, 0x01, 0x10, 0x00, 0x00, 0x00, 0x00,
    0x00, 0x00, 0x3F, 0xFF, 0xFF, 0xFF, 0xFF, 0xF8, 0x00, 0x00, 0x00, 0x00, 0x00, 0x00, 0x00, 0x00,
    0xD8, 0x00, 0x00, 0x00, 0x00, 0x00, 0x00, 0x00, 0x00, 0xD8, 0x00, 0x00, 0x00, 0x00, 0x00, 0x00,
    0x00, 0x00, 0xD8, 0x00, 0x00, 0x00, 0x00, 0x00, 0x00, 0x00, 0x00, 0xD8, 0x00, 0x00, 0x00, 0x00,
    0x00, 0x00, 0x00, 0x00, 0xD8, 0x00, 0x00, 0x00, 0x00, 0x00, 0x00, 0x00, 0x00, 0xD8, 0x00, 0x00,
    0x00, 0x00, 0x00, 0x00, 0x00, 0x00, 0xD8, 0x00, 0x00, 0x00, 0x6F, 0xFF, 0xFF, 0xFF, 0xFF, 0xF8,
    0x00, 0x00, 0x00, 0x00, 0x00, 0x00, 0x00, 0x00, 0xD8, 0x00, 0x00, 0x00, 0x00, 0x00, 0x00, 0x00,
    0x00, 0xD8, 0x00, 0x00, 0x00, 0x00, 0x3F, 0x30, 0x00, 0x6F, 0x00, 0x00, 0x00, 0x00, 0x00, 0x3F,
    0x30, 0x00, 0x6F, 0x00, 0x00, 0x00, 0x00, 0x00, 0x3F, 0x30, 0x00, 0x6F, 0x00, 0x00, 0x00, 0x00,
    0x00, 0x3F, 0x30, 0x00, 0x6F, 0x00, 0x00, 0x00, 0x0A, 0xFF, 0xFF, 0xFF, 0xFF, 0xFF, 0xFF, 0xFA,
    0x00, 0x00, 0x00, 0x3F, 0x30, 0x00, 0x6E, 0x00, 0x00, 0x00, 0x00, 0x00, 0x3F, 0x30, 0x00, 0x7D,
    0x00, 0x00, 0x00, 0x00, 0x00, 0x3F, 0x30, 0x00, 0x9C, 0x00, 0x00, 0x00, 0x00, 0x00, 0x3F, 0x30,
    0x00, 0xB9, 0x00, 0x00, 0x00, 0x00, 0x00, 0x00, 0x00, 0x02, 0xF5, 0x00, 0x00, 0x00, 0x00, 0x00,
    0x00, 0x00, 0x0A, 0xD1, 0x00, 0x00, 0x00, 0x00, 0x00, 0x00, 0x00, 0x8F, 0x40, 0x00, 0x00, 0x00,
    0x00, 0x00, 0x00, 0x3B, 0xE5, 0x00, 0x00, 0x00, 0x00, 0x00, 0x00, 0x00, 0x8B, 0x30, 0x00, 0x00,
    0x00, 0x00, 0x00, 0x00, 0x00, 0x00, 0x00, 0x00, 0x00, 0x00, 0x00, 0x00, 0x00, 0x45, 0x00, 0x00,
    0x00, 0x00, 0x00, 0x00, 0x00, 0x00, 0x9F, 0xB2, 0x00, 0x00, 0x00, 0x00, 0x00, 0x00, 0x00, 0x04,
    0xEE, 0x10, 0x00, 0x00, 0x00, 0x00, 0x00, 0x21, 0x00, 0x15, 0x00, 0x00, 0x01, 0x10, 0x00, 0x00,
    0xBE, 0x60, 0x00, 0x00, 0x00, 0x08, 0xA0, 0x00, 0x00, 0x19, 0xFB, 0x10, 0x00, 0x00, 0x4F, 0x60,
    0x00, 0x00, 0x00, 0x59, 0x00, 0x00, 0x02, 0xEB, 0x00, 0x00, 0x00, 0x00, 0x00, 0x00, 0x00, 0x2D,
    0xD1, 0x00, 0x00, 0x00, 0x00, 0x00, 0x00, 0x04, 0xED, 0x20, 0x00, 0x00, 0x00, 0x00, 0x00, 0x01,
    0x8F, 0xC2, 0x00, 0x00, 0x00, 0x00, 0x00, 0x01, 0x7E, 0xF8, 0x00, 0x00, 0x00, 0x00, 0x00, 0x07,
    0xBF, 0xFA, 0x20, 0x00, 0x00, 0x00, 0x00, 0x00, 0x08, 0xC7, 0x20, 0x00, 0x00, 0x00, 0x00, 0x00,
    0x00, 0x00, 0x00, 0x00, 0x00, 0x00, 0x00, 0x00, 0x00, 0x00, 0x09, 0xDD, 0xDD, 0xDD, 0xDC, 0x20,
    0x00, 0x00, 0x00, 0x05, 0x77, 0x66, 0x66, 0x8F, 0x40, 0x00, 0x00, 0x00, 0x00, 0x00, 0x00, 0x00,
    0xAD, 0x00, 0x00, 0x00, 0x00, 0x00, 0x00, 0x00, 0x03, 0xF6, 0x00, 0x00, 0x00, 0x00, 0x00, 0x00,
    0x00, 0x0A, 0xC0, 0x00, 0x00, 0x00, 0x00, 0x00, 0x00, 0x00, 0x6F, 0x30, 0x00, 0x00, 0x00, 0x00,
    0x00, 0x00, 0x03, 0xFD, 0x20, 0x00, 0x00, 0x00, 0x00, 0x00, 0x00, 0x3E, 0xBB, 0xE5, 0x00, 0x00,
    0x00, 0x00, 0x00, 0x05, 0xFB, 0x00, 0x9F, 0x80, 0x00, 0x00, 0x00, 0x01, 0x9F, 0xA0, 0x00, 0x08,
    0xF9, 0x00, 0x00, 0x01, 0x7E, 0xF7, 0x00, 0x00, 0x00, 0x7F, 0xA0, 0x00, 0x00, 0xBA, 0x20, 0x00,
    0x00, 0x00, 0x08, 0x50, 0x00, 0x00, 0x00, 0x00, 0x00, 0x00, 0x00, 0x00, 0x00, 0x00, 0x00, 0x00,
    0x08, 0xD0, 0x00, 0x00, 0x00, 0x00, 0x00, 0x00, 0x00, 0x08, 0xD0, 0x00, 0x00, 0x00, 0x00, 0x00,
    0x00, 0x00, 0x08, 0xD0, 0x00, 0x00, 0x00, 0x00, 0x00, 0x00, 0x00, 0x08, 0xD2, 0x46, 0x89, 0xBD,
    0x80, 0x00, 0x03, 0x8A, 0xCE, 0xFF, 0xED, 0xA8, 0xAF, 0x60, 0x00, 0x04, 0xB9, 0x7B, 0xD2, 0x00,
    0x02, 0xEA, 0x00, 0x00, 0x00, 0x00, 0x08, 0xD0, 0x00, 0x1C, 0xC1, 0x00, 0x00, 0x00, 0x00, 0x08,
    0xD0, 0x02, 0xDD, 0x20, 0x00, 0x00, 0x00, 0x00, 0x08, 0xD0, 0x01, 0x92, 0x00, 0x00, 0x00, 0x00,
    0x00, 0x08, 0xD0, 0x00, 0x00, 0x00, 0x00, 0x00, 0x00, 0x00, 0x08, 0xD0, 0x00, 0x00, 0x00, 0x00,
    0x00, 0x00, 0x00, 0x06, 0xF4, 0x10, 0x13, 0x69, 0x50, 0x00, 0x00, 0x00, 0x00, 0x9D, 0xEF, 0xFE,
    0xDA, 0x40, 0x00, 0x00, 0x00, 0x00, 0x00, 0x00, 0x00, 0x00, 0x00, 0x00, 0x00, 0x18, 0x50, 0x00,
    0x00, 0x00, 0x5C, 0x20, 0x00, 0x00, 0x0D, 0xD1, 0x00, 0x00, 0x00, 0x9E, 0x00, 0x00, 0x00, 0x04,
    0xF7, 0x00, 0x00, 0x00, 0xDB, 0x00, 0x00, 0x00, 0x00, 0xCE, 0x00, 0x00, 0x03, 0xF6, 0x00, 0x00,
    0x00, 0x00, 0x5D, 0x20, 0x00, 0x09, 0xE1, 0x00, 0x00, 0x00, 0x00, 0x00, 0x00, 0x00, 0x2F, 0x80,
    0x00, 0x00, 0x00, 0x00, 0x00, 0x00, 0x00, 0xAE, 0x10, 0x00, 0x00, 0x00, 0x00, 0x00, 0x00, 0x06,
    0xF6, 0x00, 0x00, 0x00, 0x00, 0x00, 0x00, 0x00, 0x5F, 0xA0, 0x00, 0x00, 0x00, 0x00, 0x00, 0x00,
    0x07, 0xFB, 0x00, 0x00, 0x00, 0x00, 0x00, 0x00, 0x04, 0xCF, 0x90, 0x00, 0x00, 0x00, 0x00, 0x00,
    0x00, 0x2E, 0xD5, 0x00, 0x00, 0x00, 0x00, 0x00, 0x00, 0x00, 0x02, 0x00, 0x00, 0x00, 0x00, 0x00,
    0x00, 0x00, 0x00, 0x00, 0x00, 0x00, 0x00, 0x00, 0x00, 0x00, 0x00, 0x00, 0x00, 0x1E, 0x40, 0x00,
    0x00, 0x00, 0x00, 0x00, 0x00, 0x00, 0x7F, 0x10, 0x00, 0x00, 0x00, 0x00, 0x00, 0x00, 0x00, 0xDF,
    0xFF, 0xFF, 0xF7, 0x00, 0x00, 0x00, 0x00, 0x07, 0xE1, 0x00, 0x00, 0xD8, 0x00, 0x00, 0x00, 0x00,
    0x2E, 0xB0, 0x00, 0x04, 0xF4, 0x00, 0x00, 0x00, 0x01, 0xDC, 0xEB, 0x10, 0x09, 0xD0, 0x00, 0x00,
    0x00, 0x2D, 0xC1, 0x2D, 0xC1, 0x2F, 0x70, 0x00, 0x00, 0x00, 0x7C, 0x10, 0x01, 0xDC, 0xAD, 0x10,
    0x00, 0x00, 0x00, 0x00, 0x00, 0x00, 0x2D, 0xF4, 0x00, 0x00, 0x00, 0x00, 0x00, 0x00, 0x00, 0x4E,
    0x80, 0x00, 0x00, 0x00, 0x00, 0x00, 0x00, 0x04, 0xEA, 0x00, 0x00, 0x00, 0x00, 0x00, 0x00, 0x01,
    0x8F, 0x90, 0x00, 0x00, 0x00, 0x00, 0x00, 0x00, 0x7E, 0xE6, 0x00, 0x00, 0x00, 0x00, 0x00, 0x00,
    0x00, 0x89, 0x10, 0x00, 0x00, 0x00, 0x00, 0x00, 0x00, 0x00, 0x00, 0x00, 0x00, 0x01, 0x00, 0x00,
    0x00, 0x00, 0x00, 0x00, 0x00, 0x26, 0xAE, 0xA0, 0x00, 0x00, 0x00, 0x04, 0x9A, 0xCF, 0xFE, 0xA6,
    0x10, 0x00, 0x00, 0x00, 0x01, 0x98, 0x64, 0xD9, 0x00, 0x00, 0x00, 0x00, 0x00, 0x00, 0x00, 0x00,
    0xC9, 0x00, 0x00, 0x00, 0x00, 0x00, 0x00, 0x00, 0x00, 0xC9, 0x00, 0x00, 0x00, 0x00, 0x06, 0xFF,
    0xFF, 0xFF, 0xFF, 0xFF, 0xFF, 0xF6, 0x00, 0x00, 0x00, 0x00, 0x00, 0xE8, 0x00, 0x00, 0x00, 0x00,
    0x00, 0x00, 0x00, 0x01, 0xF6, 0x00, 0x00, 0x00, 0x00, 0x00, 0x00, 0x00, 0x06, 0xF3, 0x00, 0x00,
    0x00, 0x00, 0x00, 0x00, 0x00, 0x0C, 0xC0, 0x00, 0x00, 0x00, 0x00, 0x00, 0x00, 0x01, 0xBF, 0x30,
    0x00, 0x00, 0x00, 0x00, 0x00, 0x01, 0x6E, 0xE4, 0x00, 0x00, 0x00, 0x00, 0x00, 0x00, 0x01, 0xCA,
    0x20, 0x00, 0x00, 0x00, 0x00, 0x00, 0x00, 0x00, 0x00, 0x00, 0x00, 0x00, 0x00, 0x00, 0x00, 0x00,
    0x00, 0x00, 0x24, 0x00, 0x00, 0x00, 0x00, 0x00, 0x00, 0x24, 0x00, 0xBE, 0x10, 0x00, 0x4D, 0x30,
    0x00, 0x00, 0xBE, 0x10, 0x4F, 0x60, 0x00, 0x6F, 0x20, 0x00, 0x00, 0x4F, 0x60, 0x0D, 0xC0, 0x00,
    0xAD, 0x00, 0x00, 0x00, 0x0D, 0xC0, 0x08, 0xC0, 0x00, 0xE9, 0x00, 0x00, 0x00, 0x08, 0xB1, 0x00,
    0x00, 0x04, 0xF5, 0x00, 0x00, 0x00, 0x00, 0x00, 0x00, 0x00, 0x0A, 0xD0, 0x00, 0x00, 0x00, 0x00,
    0x00, 0x00, 0x00, 0x4F, 0x70, 0x00, 0x00, 0x00, 0x00, 0x00, 0x00, 0x01, 0xDD, 0x00, 0x00, 0x00,
    0x00, 0x00, 0x00, 0x00, 0x1B, 0xF3, 0x00, 0x00, 0x00, 0x00, 0x00, 0x00, 0x03, 0xCF, 0x50, 0x00,
    0x00, 0x00, 0x00, 0x00, 0x01, 0x8F, 0xE4, 0x00, 0x00, 0x00, 0x00, 0x00, 0x00, 0x0C, 0xF9, 0x10,
    0x00, 0x00, 0x00, 0x00, 0x00, 0x00, 0x02, 0x20, 0x00, 0x00, 0x00, 0x00, 0x00, 0x00, 0x04, 0xFF,
    0xFF, 0xFF, 0xFF, 0xF2, 0x00, 0x00, 0x00, 0x00, 0x00, 0x00, 0x00, 0x00, 0x00, 0x00, 0x00, 0x00,
    0x00, 0x00, 0x00, 0x00, 0x00, 0x00, 0x00, 0x00, 0x00, 0x00, 0x00, 0x00, 0x00, 0x00, 0x00, 0x00,
    0x00, 0x08, 0xFF, 0xFF, 0xFF, 0xFF, 0xFF, 0xFF, 0xF4, 0x00, 0x00, 0x00, 0x00, 0x00, 0xF7, 0x00,
    0x00, 0x00, 0x00, 0x00, 0x00, 0x00, 0x01, 0xF5, 0x00, 0x00, 0x00, 0x00, 0x00, 0x00, 0x00, 0x04,
    0xF3, 0x00, 0x00, 0x00, 0x00, 0x00, 0x00, 0x00, 0x0A, 0xD0, 0x00, 0x00, 0x00, 0x00, 0x00, 0x00,
    0x00, 0x5F, 0x60, 0x00, 0x00, 0x00, 0x00, 0x00, 0x00, 0x07, 0xF9, 0x00, 0x00, 0x00, 0x00, 0x00,
    0x00, 0x03, 0xDF, 0x70, 0x00, 0x00, 0x00, 0x00, 0x00, 0x00, 0x00, 0x72, 0x00, 0x00, 0x00, 0x00,
    0x00, 0x00, 0x00, 0x00, 0x00, 0xE7, 0x00, 0x00, 0x00, 0x00, 0x00, 0x00, 0x00, 0x00, 0xE7, 0x00,
    0x00, 0x00, 0x00, 0x00, 0x00, 0x00, 0x00, 0xE7, 0x00, 0x00, 0x00, 0x00, 0x00, 0x00, 0x00, 0x00,
    0xE7, 0x00, 0x00, 0x00, 0x00, 0x00, 0x00, 0x00, 0x00, 0xEA, 0x10, 0x00, 0x00, 0x00, 0x00, 0x00,
    0x00, 0x00, 0xEE, 0xE8, 0x10, 0x00, 0x00, 0x00, 0x00, 0x00, 0x00, 0xE7, 0x5D, 0xF8, 0x10, 0x00,
    0x00, 0x00, 0x00, 0x00, 0xE7, 0x00, 0x7F, 0xE5, 0x00, 0x00, 0x00, 0x00, 0x00, 0xE7, 0x00, 0x03,
    0xC6, 0x00, 0x00, 0x00, 0x00, 0x00, 0xE7, 0x00, 0x00, 0x00, 0x00, 0x00, 0x00, 0x00, 0x00, 0xE7,
    0x00, 0x00, 0x00, 0x00, 0x00, 0x00, 0x00, 0x00, 0xE7, 0x00, 0x00, 0x00, 0x00, 0x00, 0x00, 0x00,
    0x00, 0xE7, 0x00, 0x00, 0x00, 0x00, 0x00, 0x00, 0x00, 0x00, 0x00, 0xBA, 0x00, 0x00, 0x00, 0x00,
    0x00, 0x00, 0x00, 0x00, 0xBA, 0x00, 0x00, 0x00, 0x00, 0x00, 0x00, 0x00, 0x00, 0xBA, 0x00, 0x00,
    0x00, 0x00, 0x00, 0x00, 0x00, 0x00, 0xBA, 0x00, 0x00, 0x00, 0x00, 0x03, 0xFF, 0xFF, 0xFF, 0xFF,
    0xFF, 0xFF, 0xF3, 0x00, 0x00, 0x00, 0x00, 0x00, 0xC9, 0x00, 0x00, 0x00, 0x00, 0x00, 0x00, 0x00,
    0x00, 0xD8, 0x00, 0x00, 0x00, 0x00, 0x00, 0x00, 0x00, 0x00, 0xF6, 0x00, 0x00, 0x00, 0x00, 0x00,
    0x00, 0x00, 0x04, 0xF3, 0x00, 0x00, 0x00, 0x00, 0x00, 0x00, 0x00, 0x0B, 0xD0, 0x00, 0x00, 0x00,
    0x00, 0x00, 0x00, 0x00, 0x7F, 0x50, 0x00, 0x00, 0x00, 0x00, 0x00, 0x00, 0x08, 0xF8, 0x00, 0x00,
    0x00, 0x00, 0x00, 0x00, 0x00, 0xAF, 0x70, 0x00, 0x00, 0x00, 0x00, 0x00, 0x00, 0x00, 0x13, 0x00,
    0x00, 0x00, 0x00, 0x00, 0x00, 0x00, 0x07, 0xFF, 0xFF, 0xFF, 0xFF, 0xF7, 0x00, 0x00, 0x00, 0x00,
    0x00, 0x00, 0x00, 0x00, 0x00, 0x00, 0x00, 0x00, 0x00, 0x00, 0x00, 0x00, 0x00, 0x00, 0x00, 0x00,
    0x00, 0x00, 0x00, 0x00, 0x00, 0x00, 0x00, 0x00, 0x00, 0x00, 0x00, 0x00, 0x00, 0x00, 0x00, 0x00,
    0x00, 0x00, 0x00, 0x00, 0x00, 0x00, 0x00, 0x00, 0x00, 0x00, 0x00, 0x00, 0x00, 0x00, 0x00, 0x00,
    0x00, 0x00, 0x00, 0x00, 0x04, 0xFF, 0xFF, 0xFF, 0xFF, 0xFF, 0xFF, 0xF4, 0x00, 0x00, 0x00, 0x00,
    0x00, 0x00, 0x00, 0x00, 0x00, 0x00, 0x00, 0x00, 0x00, 0x00, 0x00, 0x00, 0x00, 0x00, 0x00, 0x00,
    0x00, 0x00, 0x00, 0x11, 0x11, 0x10, 0x00, 0x00, 0x00, 0x08, 0xFF, 0xFF, 0xFF, 0xFF, 0xE2, 0x00,
    0x00, 0x00, 0x02, 0x54, 0x44, 0x43, 0x39, 0xF1, 0x00, 0x00, 0x00, 0x00, 0x00, 0x00, 0x00, 0x0C,
    0xB0, 0x00, 0x00, 0x00, 0x00, 0x00, 0x20, 0x00, 0x3F, 0x50, 0x00, 0x00, 0x00, 0x00, 0x08, 0xF7,
    0x00, 0xBD, 0x00, 0x00, 0x00, 0x00, 0x00, 0x00, 0x8F, 0xB6, 0xF5, 0x00, 0x00, 0x00, 0x00, 0x00,
    0x00, 0x04, 0xEF, 0xB0, 0x00, 0x00, 0x00, 0x00, 0x00, 0x00, 0x01, 0xCF, 0xE3, 0x00, 0x00, 0x00,
    0x00, 0x00, 0x00, 0x1C, 0xE4, 0xCE, 0x30, 0x00, 0x00, 0x00, 0x00, 0x04, 0xDD, 0x30, 0x1C, 0xE3,
    0x00, 0x00, 0x00, 0x02, 0xAF, 0xB2, 0x00, 0x02, 0xD5, 0x00, 0x00, 0x00, 0x1D, 0xE7, 0x00, 0x00,
    0x00, 0x10, 0x00, 0x00, 0x00, 0x02, 0x10, 0x00, 0x00, 0x00, 0x00, 0x00, 0x00, 0x00, 0x00, 0x00,
    0x20, 0x00, 0x00, 0x00, 0x00, 0x00, 0x00, 0x00, 0x01, 0xEC, 0x50, 0x00, 0x00, 0x00, 0x00, 0x00,
    0x00, 0x00, 0x19, 0xFB, 0x10, 0x00, 0x00, 0x00, 0x00, 0x00, 0x00, 0x00, 0x38, 0x00, 0x00, 0x00,
    0x00, 0x00, 0x09, 0xFF, 0xFF, 0xFF, 0xFF, 0xF3, 0x00, 0x00, 0x00, 0x00, 0x00, 0x00, 0x00, 0x4E,
    0x90, 0x00, 0x00, 0x00, 0x00, 0x00, 0x00, 0x05, 0xFA, 0x00, 0x00, 0x00, 0x00, 0x00, 0x00, 0x00,
    0x8F, 0x80, 0x00, 0x00, 0x00, 0x00, 0x00, 0x00, 0x3C, 0xF6, 0x49, 0x10, 0x00, 0x00, 0x00, 0x00,
    0x19, 0xFD, 0xF3, 0x4E, 0xE5, 0x00, 0x00, 0x00, 0x49, 0xFE, 0x62, 0xF3, 0x01, 0xBF, 0x90, 0x00,
    0x00, 0xAD, 0x71, 0x02, 0xF3, 0x00, 0x08, 0xE3, 0x00, 0x00, 0x10, 0x00, 0x02, 0xF3, 0x00, 0x00,
    0x20, 0x00, 0x00, 0x00, 0x00, 0x02, 0xF3, 0x00, 0x00, 0x00, 0x00, 0x00, 0x00, 0x00, 0x02, 0xF3,
    0x00, 0x00, 0x00, 0x00, 0x00, 0x00, 0x00, 0x02, 0xF3, 0x00, 0x00, 0x00, 0x00, 0x00, 0x00, 0x00,
    0x00, 0x00, 0x01, 0x00, 0x00, 0x00, 0x00, 0x00, 0x00, 0x00, 0x00, 0x0C, 0xA0, 0x00, 0x00, 0x00,
    0x00, 0x00, 0x00, 0x00, 0x1F, 0x70, 0x00, 0x00, 0x00, 0x00, 0x00, 0x00, 0x00, 0x6F, 0x30, 0x00,
    0x00, 0x00, 0x00, 0x00, 0x00, 0x00, 0xBC, 0x00, 0x00, 0x00, 0x00, 0x00, 0x00, 0x00, 0x03, 0xF6,
    0x00, 0x00, 0x00, 0x00, 0x00, 0x00, 0x00, 0x0B, 0xD0, 0x00, 0x00, 0x00, 0x00, 0x00, 0x00, 0x00,
    0x7F, 0x40, 0x00, 0x00, 0x00, 0x00, 0x00, 0x00, 0x04, 0xF8, 0x00, 0x00, 0x00, 0x00, 0x00, 0x00,
    0x00, 0x5F, 0xA0, 0x00, 0x00, 0x00, 0x00, 0x00, 0x00, 0x19, 0xFA, 0x00, 0x00, 0x00, 0x00, 0x00,
    0x00, 0x07, 0xEE, 0x60, 0x00, 0x00, 0x00, 0x00, 0x00, 0x00, 0x03, 0x92, 0x00, 0x00, 0x00, 0x00,
    0x00, 0x00, 0x00, 0x00, 0x03, 0x00, 0x00, 0x61, 0x00, 0x00, 0x00, 0x00, 0x00, 0x2F, 0x60, 0x01,
    0xEB, 0x00, 0x00, 0x00, 0x00, 0x00, 0x7F, 0x10, 0x00, 0x5F, 0x60, 0x00, 0x00, 0x00, 0x00, 0xDB,
    0x00, 0x00, 0x0B, 0xE1, 0x00, 0x00, 0x00, 0x05, 0xF4, 0x00, 0x00, 0x02, 0xEA, 0x00, 0x00, 0x00,
    0x0C, 0xD0, 0x00, 0x00, 0x00, 0x8F, 0x30, 0x00, 0x00, 0x7F, 0x50, 0x00, 0x00, 0x00, 0x1E, 0xC0,
    0x00, 0x03, 0xEB, 0x00, 0x00, 0x00, 0x00, 0x07, 0xF5, 0x00, 0x0B, 0xE2, 0x00, 0x00, 0x00, 0x00,
    0x01, 0xD5, 0x00, 0x01, 0x30, 0x00, 0x00, 0x00, 0x00, 0x00, 0x00, 0x00, 0x00, 0x00, 0x00, 0x00,
    0x00, 0x00, 0x00, 0x00, 0x00, 0x00, 0x05, 0xF1, 0x00, 0x00, 0x00, 0x00, 0x00, 0x00, 0x00, 0x05,
    0xF1, 0x00, 0x00, 0x00, 0x00, 0x00, 0x00, 0x00, 0x05, 0xF1, 0x00, 0x00, 0x01, 0x60, 0x00, 0x00,
    0x00, 0x05, 0xF1, 0x00, 0x01, 0x7E, 0xF5, 0x00, 0x00, 0x00, 0x05, 0xF1, 0x04, 0xAE, 0xE9, 0x20,
    0x00, 0x00, 0x00, 0x05, 0xFB, 0xEF, 0xB6, 0x10, 0x00, 0x00, 0x00, 0x00, 0x05, 0xF9, 0x51, 0x00,
    0x00, 0x00, 0x00, 0x00, 0x00, 0x05, 0xF1, 0x00, 0x00, 0x00, 0x00, 0x00, 0x00, 0x00, 0x05, 0xF1,
    0x00, 0x00, 0x00, 0x00, 0x00, 0x00, 0x00, 0x05, 0xF1, 0x00, 0x00, 0x00, 0x00, 0x00, 0x00, 0x00,
    0x05, 0xF1, 0x00, 0x00, 0x00, 0x00, 0x00, 0x00, 0x00, 0x02, 0xF8, 0x10, 0x01, 0x25, 0x8C, 0x50,
    0x00, 0x00, 0x00, 0x5C, 0xEF, 0xFE, 0xDC, 0xA8, 0x20, 0x00, 0x00, 0x14, 0x45, 0x55, 0x55, 0x66,
    0x62, 0x00, 0x00, 0x00, 0x4F, 0xFF, 0xEE, 0xEE, 0xDD, 0xED, 0x00, 0x00, 0x00, 0x00, 0x00, 0x00,
    0x00, 0x00, 0xBB, 0x00, 0x00, 0x00, 0x00, 0x00, 0x00, 0x00, 0x00, 0xE8, 0x00, 0x00, 0x00, 0x00,
    0x00, 0x00, 0x00, 0x05, 0xF3, 0x00, 0x00, 0x00, 0x00, 0x00, 0x00, 0x00, 0x0B, 0xC0, 0x00, 0x00,
    0x00, 0x00, 0x00, 0x00, 0x00, 0x5F, 0x50, 0x00, 0x00, 0x00, 0x00, 0x00, 0x00, 0x02, 0xEA, 0x00,
    0x00, 0x00, 0x00, 0x00, 0x00, 0x00, 0x2D, 0xD1, 0x00, 0x00, 0x00, 0x00, 0x00, 0x00, 0x06, 0xED,
    0x20, 0x00, 0x00, 0x00, 0x00, 0x00, 0x16, 0xDF, 0x91, 0x00, 0x00, 0x00, 0x00, 0x00, 0x00, 0x6F,
    0xB3, 0x00, 0x00, 0x00, 0x00, 0x00, 0x00, 0x00, 0x01, 0x00, 0x00, 0x00, 0x00, 0x00, 0x00, 0x00,
    0x00, 0x02, 0xDA, 0x10, 0x00, 0x00, 0x00, 0x00, 0x00, 0x00, 0x1D, 0xFF, 0xC1, 0x00, 0x00, 0x00,
    0x00, 0x00, 0x00, 0xBF, 0x57, 0xFC, 0x10, 0x00, 0x00, 0x00, 0x00, 0x0A, 0xF6, 0x00, 0x6F, 0xD2,
    0x00, 0x00, 0x00, 0x00, 0x9F, 0x80, 0x00, 0x05, 0xEE, 0x30, 0x00, 0x00, 0x08, 0xF8, 0x00, 0x00,
    0x00, 0x3E, 0xF6, 0x00, 0x00, 0x04, 0x80, 0x00, 0x00, 0x00, 0x02, 0xCF, 0x90, 0x00, 0x00, 0x00,
    0x00, 0x00, 0x00, 0x00, 0x1A, 0xF9, 0x00, 0x00, 0x00, 0x00, 0x00, 0x00, 0x00, 0x00, 0x61, 0x00,
    0x00, 0x00, 0x00, 0x00, 0x00, 0x00, 0x00, 0x00, 0x00, 0x00, 0x00, 0x00, 0x00, 0x00, 0x00, 0x00,
    0x00, 0x00, 0x00, 0x00, 0x00, 0x02, 0xF4, 0x00, 0x00, 0x00, 0x00, 0x00, 0x00, 0x00, 0x02, 0xF4,
    0x00, 0x00, 0x00, 0x00, 0x00, 0x00, 0x00, 0x02, 0xF4, 0x00, 0x00, 0x00, 0x00, 0x00, 0xCF, 0xFF,
    0xFF, 0xFF, 0xFF, 0xFF, 0xC0, 0x00, 0x00, 0x00, 0x00, 0x02, 0xF4, 0x00, 0x00, 0x00, 0x00, 0x00,
    0x00, 0x20, 0x02, 0xF4, 0x03, 0x30, 0x00, 0x00, 0x00, 0x00, 0xD8, 0x02, 0xF4, 0x0B, 0xD1, 0x00,
    0x00, 0x00, 0x04, 0xF3, 0x02, 0xF4, 0x02, 0xE9, 0x00, 0x00, 0x00, 0x0C, 0xB0, 0x02, 0xF4, 0x00,
    0x6F, 0x40, 0x00, 0x00, 0x7F, 0x40, 0x02, 0xF4, 0x00, 0x0D, 0xC0, 0x00, 0x02, 0xF8, 0x00, 0x02,
    0xF4, 0x00, 0x05, 0xD2, 0x00, 0x00, 0x60, 0x02, 0x13, 0xF3, 0x00, 0x00, 0x10, 0x00, 0x00, 0x00,
    0x0C, 0xFF, 0xC1, 0x00, 0x00, 0x00, 0x00, 0x00, 0x00, 0x02, 0x10, 0x00, 0x00, 0x00, 0x00, 0x00,
    0x03, 0xDD, 0xDD, 0xDD, 0xEE, 0xEE, 0xEE, 0x90, 0x00, 0x01, 0x66, 0x66, 0x66, 0x65, 0x55, 0xAF,
    0x60, 0x00, 0x00, 0x00, 0x00, 0x00, 0x00, 0x04, 0xF8, 0x00, 0x00, 0x00, 0x00, 0x00, 0x00, 0x00,
    0x3E, 0x90, 0x00, 0x00, 0x00, 0x00, 0x5C, 0x20, 0x03, 0xEA, 0x00, 0x00, 0x00, 0x00, 0x00, 0x2D,
    0xD3, 0x4E, 0x90, 0x00, 0x00, 0x00, 0x00, 0x00, 0x01, 0xCE, 0xF8, 0x00, 0x00, 0x00, 0x00, 0x00,
    0x00, 0x00, 0x1B, 0xE3, 0x00, 0x00, 0x00, 0x00, 0x00, 0x00, 0x00, 0x01, 0xDD, 0x20, 0x00, 0x00,
    0x00, 0x00, 0x00, 0x00, 0x00, 0x2E, 0xC0, 0x00, 0x00, 0x00, 0x00, 0x00, 0x00, 0x00, 0x04, 0x30,
    0x00, 0x00, 0x00, 0x00, 0x00, 0x39, 0x51, 0x00, 0x00, 0x00, 0x00, 0x00, 0x00, 0x00, 0x5B, 0xFF,
    0xB6, 0x10, 0x00, 0x00, 0x00, 0x00, 0x00, 0x00, 0x15, 0xAF, 0xFA, 0x50, 0x00, 0x00, 0x00, 0x00,
    0x00, 0x00, 0x01, 0x6C, 0x90, 0x00, 0x00, 0x00, 0x00, 0x05, 0x30, 0x00, 0x00, 0x00, 0x00, 0x00,
    0x00, 0x00, 0x2E, 0xFD, 0x82, 0x00, 0x00, 0x00, 0x00, 0x00, 0x00, 0x00, 0x48, 0xEF, 0xB4, 0x00,
    0x00, 0x00, 0x00, 0x00, 0x00, 0x00, 0x06, 0xC7, 0x00, 0x00, 0x00, 0x00, 0x03, 0x30, 0x00, 0x00,
    0x00, 0x00, 0x00, 0x00, 0x00, 0x0B, 0xFD, 0x83, 0x00, 0x00, 0x00, 0x00, 0x00, 0x00, 0x00, 0x38,
    0xDF, 0xD7, 0x10, 0x00, 0x00, 0x00, 0x00, 0x00, 0x00, 0x04, 0xAF, 0xE9, 0x20, 0x00, 0x00, 0x00,
    0x00, 0x00, 0x00, 0x02, 0x8E, 0xD0, 0x00, 0x00, 0x00, 0x00, 0x00, 0x00, 0x00, 0x01, 0x20, 0x00,
    0x00, 0x00, 0x00, 0x00, 0x03, 0x30, 0x00, 0x00, 0x00, 0x00, 0x00, 0x00, 0x00, 0x0B, 0xC0, 0x00,
    0x00, 0x00, 0x00, 0x00, 0x00, 0x00, 0x2F, 0x70, 0x00, 0x00, 0x00, 0x00, 0x00, 0x00, 0x00, 0x7F,
    0x20, 0x00, 0x00, 0x00, 0x00, 0x00, 0x00, 0x00, 0xCB, 0x00, 0x00, 0x00, 0x00, 0x00, 0x00, 0x00,
    0x02, 0xF6, 0x00, 0x41, 0x00, 0x00, 0x00, 0x00, 0x00, 0x08, 0xE1, 0x01, 0xDB, 0x00, 0x00, 0x00,
    0x00, 0x00, 0x0E, 0x80, 0x00, 0x4F, 0x80, 0x00, 0x00, 0x00, 0x00, 0x5F, 0x20, 0x00, 0x07, 0xF4,
    0x00, 0x00, 0x00, 0x00, 0xBB, 0x00, 0x00, 0x24, 0xDE, 0x10, 0x00, 0x02, 0x67, 0xFC, 0xBC, 0xEF,
    0xFE, 0xCE, 0x90, 0x00, 0x01, 0xFF, 0xDC, 0xA8, 0x64, 0x20, 0x07, 0xF2, 0x00, 0x00, 0x10, 0x00,
    0x00, 0x00, 0x00, 0x00, 0x30, 0x00, 0x00, 0x00, 0x00, 0x00, 0x00, 0x08, 0x40, 0x00, 0x00, 0x00,
    0x00, 0x00, 0x00, 0x00, 0x2F, 0x60, 0x00, 0x00, 0x00, 0x00, 0x00, 0x00, 0x00, 0x8E, 0x10, 0x00,
    0x00, 0x00, 0x00, 0x07, 0x10, 0x01, 0xE9, 0x00, 0x00, 0x00, 0x00, 0x00, 0x3D, 0xE5, 0x07, 0xF2,
    0x00, 0x00, 0x00, 0x00, 0x00, 0x01, 0x8F, 0x9E, 0x80, 0x00, 0x00, 0x00, 0x00, 0x00, 0x00, 0x04,
    0xEF, 0x30, 0x00, 0x00, 0x00, 0x00, 0x00, 0x00, 0x05, 0xFE, 0xD2, 0x00, 0x00, 0x00, 0x00, 0x00,
    0x00, 0x2E, 0x91, 0xDE, 0x30, 0x00, 0x00, 0x00, 0x00, 0x02, 0xDC, 0x00, 0x1C, 0xC0, 0x00, 0x00,
    0x00, 0x00, 0x3D, 0xC1, 0x00, 0x01, 0x20, 0x00, 0x00, 0x00, 0x05, 0xEC, 0x10, 0x00, 0x00, 0x00,
    0x00, 0x00, 0x00, 0x6F, 0x91, 0x00, 0x00, 0x00, 0x00, 0x00, 0x00, 0x00, 0x04, 0x00, 0x00, 0x00,
    0x00, 0x00, 0x00, 0x00, 0x00, 0x0C, 0xFF, 0xFF, 0xFF, 0xFF, 0xFA, 0x00, 0x00, 0x00, 0x00, 0x00,
    0x4F, 0x20, 0x00, 0x00, 0x00, 0x00, 0x00, 0x00, 0x00, 0x4F, 0x20, 0x00, 0x00, 0x00, 0x00, 0x00,
    0x00, 0x00, 0x4F, 0x20, 0x00, 0x00, 0x00, 0x00, 0x00, 0x00, 0x00, 0x4F, 0x20, 0x00, 0x00, 0x00,
    0x00, 0x00, 0xFF, 0xFF, 0xFF, 0xFF, 0xFF, 0xFF, 0xF0, 0x00, 0x00, 0x00, 0x00, 0x4F, 0x20, 0x00,
    0x00, 0x00, 0x00, 0x00, 0x00, 0x00, 0x4F, 0x20, 0x00, 0x00, 0x00, 0x00, 0x00, 0x00, 0x00, 0x4F,
    0x20, 0x00, 0x00, 0x00, 0x00, 0x00, 0x00, 0x00, 0x4F, 0x20, 0x00, 0x00, 0x00, 0x00, 0x00, 0x00,
    0x00, 0x2F, 0x71, 0x01, 0x36, 0x00, 0x00, 0x00, 0x00, 0x00, 0x07, 0xDE, 0xFE, 0xDC, 0x00, 0x00,
};

const gfx2_glyph_t font_rain_16_glyphs[45] = {
    {      0,   9,  13,    0,    2,   8 }, /* '0' */
    {     65,   9,  13,    0,    2,   8 }, /* '1' */
    {    130,   9,  13,    0,    2,   8 }, /* '2' */
    {    195,   9,  13,    0,    2,   8 }, /* '3' */
    {    260,   9,  13,    0,    2,   8 }, /* '4' */
    {    325,   9,  13,    0,    2,   8 }, /* '5' */
    {    390,   9,  13,    0,    2,   8 }, /* '6' */
    {    455,   9,  13,    0,    2,   8 }, /* '7' */
    {    520,   9,  13,    0,    2,   8 }, /* '8' */
    {    585,   9,  13,    0,    2,   8 }, /* '9' */
    {    650,  17,  14,    0,    2,  17 }, /* 'U+30A2' */
    {    776,  17,  14,    0,    2,  17 }, /* 'U+30A4' */
    {    902,  17,  15,    0,    2,  17 }, /* 'U+30A6' */
    {   1037,  17,  11,    0,    4,  17 }, /* 'U+30A8' */
    {   1136,  17,  14,    0,    2,  17 }, /* 'U+30AA' */
    {   1262,  17,  14,    0,    2,  17 }, /* 'U+30AB' */
    {   1388,  17,  15,    0,    1,  17 }, /* 'U+30AD' */
    {   1523,  17,  15,    0,    1,  17 }, /* 'U+30AF' */
    {   1658,  17,  15,    0,    1,  17 }, /* 'U+30B1' */
    {   1793,  17,  11,    0,    4,  17 }, /* 'U+30B3' */
    {   1892,  17,  15,    0,    2,  17 }, /* 'U+30B5' */
    {   2027,  17,  14,    0,    2,  17 }, /* 'U+30B7' */
    {   2153,  17,  13,    0,    3,  17 }, /* 'U+30B9' */
    {   2270,  17,  13,    0,    2,  17 }, /* 'U+30BB' */
    {   2387,  17,  14,    0,    2,  17 }, /* 'U+30BD' */
    {   2513,  17,  15,    0,    1,  17 }, /* 'U+30BF' */
    {   2648,  17,  15,    0,    1,  17 }, /* 'U+30C1' */
    {   2783,  17,  14,    0,    2,  17 }, /* 'U+30C4' */
    {   2909,  17,  13,    0,    3,  17 }, /* 'U+30C6' */
    {   3026,  17,  13,    0,    2,  17 }, /* 'U+30C8' */
    {   3143,  17,  14,    0,    2,  17 }, /* 'U+30CA' */
    {   3269,  17,  10,    0,    5,  17 }, /* 'U+30CB' */
    {   3359,  17,  14,    0,    2,  17 }, /* 'U+30CC' */
    {   3485,  17,  16,    0,    0,  17 }, /* 'U+30CD' */
    {   3629,  17,  13,    0,    2,  17 }, /* 'U+30CE' */
    {   3746,  17,  11,    0,    4,  17 }, /* 'U+30CF' */
    {   3845,  17,  13,    0,    2,  17 }, /* 'U+30D2' */
    {   3962,  17,  13,    0,    3,  17 }, /* 'U+30D5' */
    {   4079,  17,  11,    0,    4,  17 }, /* 'U+30D8' */
    {   4178,  17,  14,    0,    2,  17 }, /* 'U+30DB' */
    {   4304,  17,  11,    0,    4,  17 }, /* 'U+30DE' */
    {   4403,  17,  14,    0,    2,  17 }, /* 'U+30DF' */
    {   4529,  17,  13,    0,    2,  17 }, /* 'U+30E0' */
    {   4646,  17,  14,    0,    2,  17 }, /* 'U+30E1' */
    {   4772,  17,  12,    0,    3,  17 }, /* 'U+30E2' */
};

const gfx2_range_t font_rain_16_ranges[26] = {
    { 0x0030, 0x0039, 0 },
    { 0x30A2, 0x30A2, 10 },
    { 0x30A4, 0x30A4, 11 },
    { 0x30A6, 0x30A6, 12 },
    { 0x30A8, 0x30A8, 13 },
    { 0x30AA, 0x30AB, 14 },
    { 0x30AD, 0x30AD, 16 },
    { 0x30AF, 0x30AF, 17 },
    { 0x30B1, 0x30B1, 18 },
    { 0x30B3, 0x30B3, 19 },
    { 0x30B5, 0x30B5, 20 },
    { 0x30B7, 0x30B7, 21 },
    { 0x30B9, 0x30B9, 22 },
    { 0x30BB, 0x30BB, 23 },
    { 0x30BD, 0x30BD, 24 },
    { 0x30BF, 0x30BF, 25 },
    { 0x30C1, 0x30C1, 26 },
    { 0x30C4, 0x30C4, 27 },
    { 0x30C6, 0x30C6, 28 },
    { 0x30C8, 0x30C8, 29 },
    { 0x30CA, 0x30CF, 30 },
    { 0x30D2, 0x30D2, 36 },
    { 0x30D5, 0x30D5, 37 },
    { 0x30D8, 0x30D8, 38 },
    { 0x30DB, 0x30DB, 39 },
    { 0x30DE, 0x30E2, 40 },
};

const gfx2_font_t font_rain_16 = {
    font_rain_16_bitmap, font_rain_16_glyphs, font_rain_16_ranges,
    26, 15, 3, 18
};


/* ------------------------------------------------------------------ */
#include "font_title_60.h"


const uint8_t font_title_60_bitmap[8037] = {
    0x00, 0x00, 0xDF, 0xFF, 0xFF, 0xFF, 0xFF, 0xFE, 0xDC, 0xB8, 0x62, 0x00, 0x00, 0x00, 0x00, 0x00,
    0x00, 0x00, 0x00, 0x00, 0x00, 0xDF, 0xFF, 0xFF, 0xFF, 0xFF, 0xFF, 0xFF, 0xFF, 0xFF, 0xD9, 0x30,
    0x00, 0x00, 0x00, 0x00, 0x00, 0x00, 0x00, 0x00, 0xDF, 0xFF, 0xFF, 0xFF, 0xFF, 0xFF, 0xFF, 0xFF,
    0xFF, 0xFF, 0xFB, 0x30, 0x00, 0x00, 0x00, 0x00, 0x00, 0x00, 0x00, 0xDF, 0xFF, 0xFF, 0xFF, 0xFF,
    0xFF, 0xFF, 0xFF, 0xFF, 0xFF, 0xFF, 0xF9, 0x00, 0x00, 0x00, 0x00, 0x00, 0x00, 0x00, 0xDF, 0xFF,
    0xFF, 0xFF, 0xFF, 0xFF, 0xFF, 0xFF, 0xFF, 0xFF, 0xFF, 0xFF, 0xC1, 0x00, 0x00, 0x00, 0x00, 0x00,
    0x00, 0xDF, 0xFF, 0xFF, 0xFF, 0xFF, 0xFF, 0xFF, 0xFF, 0xFF, 0xFF, 0xFF, 0xFF, 0xFC, 0x10, 0x00,
    0x00, 0x00, 0x00, 0x00, 0xDF, 0xFF, 0xFF, 0xFF, 0xFF, 0xFF, 0xFF, 0xFF, 0xFF, 0xFF, 0xFF, 0xFF,
    0xFF, 0xA0, 0x00, 0x00, 0x00, 0x00, 0x00, 0xDF, 0xFF, 0xFF, 0xFF, 0xFF, 0xFF, 0xFF, 0xFF, 0xFF,
    0xFF, 0xFF, 0xFF, 0xFF, 0xF5, 0x00, 0x00, 0x00, 0x00, 0x00, 0xDF, 0xFF, 0xFF, 0xFF, 0xF1, 0x00,
    0x13, 0x6A, 0xFF, 0xFF, 0xFF, 0xFF, 0xFF, 0xFD, 0x00, 0x00, 0x00, 0x00, 0x00, 0xDF, 0xFF, 0xFF,
    0xFF, 0xF1, 0x00, 0x00, 0x00, 0x2B, 0xFF, 0xFF, 0xFF, 0xFF, 0xFF, 0x50, 0x00, 0x00, 0x00, 0x00,
    0xDF, 0xFF, 0xFF, 0xFF, 0xF1, 0x00, 0x00, 0x00, 0x00, 0xBF, 0xFF, 0xFF, 0xFF, 0xFF, 0xB0, 0x00,
    0x00, 0x00, 0x00, 0xDF, 0xFF, 0xFF, 0xFF, 0xF1, 0x00, 0x00, 0x00, 0x00, 0x1D, 0xFF, 0xFF, 0xFF,
    0xFF, 0xF2, 0x00, 0x00, 0x00, 0x00, 0xDF, 0xFF, 0xFF, 0xFF, 0xF1, 0x00, 0x00, 0x00, 0x00, 0x05,
    0xFF, 0xFF, 0xFF, 0xFF, 0xF6, 0x00, 0x00, 0x00, 0x00, 0xDF, 0xFF, 0xFF, 0xFF, 0xF1, 0x00, 0x00,
    0x00, 0x00, 0x00, 0xEF, 0xFF, 0xFF, 0xFF, 0xFA, 0x00, 0x00, 0x00, 0x00, 0xDF, 0xFF, 0xFF, 0xFF,
    0xF1, 0x00, 0x00, 0x00, 0x00, 0x00, 0x9F, 0xFF, 0xFF, 0xFF, 0xFD, 0x00, 0x00, 0x00, 0x00, 0xDF,
    0xFF, 0xFF, 0xFF, 0xF1, 0x00, 0x00, 0x00, 0x00, 0x00, 0x6F, 0xFF, 0xFF, 0xFF, 0xFF, 0x00, 0x00,
    0x00, 0x00, 0xDF, 0xFF, 0xFF, 0xFF, 0xF1, 0x00, 0x00, 0x00, 0x00, 0x00, 0x3F, 0xFF, 0xFF, 0xFF,
    0xFF, 0x30, 0x00, 0x00, 0x00, 0xDF, 0xFF, 0xFF, 0xFF, 0xF1, 0x00, 0x00, 0x00, 0x00, 0x00, 0x1F,
    0xFF, 0xFF, 0xFF, 0xFF, 0x40, 0x00, 0x00, 0x00, 0xDF, 0xFF, 0xFF, 0xFF, 0xF1, 0x00, 0x00, 0x00,
    0x00, 0x00, 0x0E, 0xFF, 0xFF, 0xFF, 0xFF, 0x60, 0x00, 0x00, 0x00, 0xDF, 0xFF, 0xFF, 0xFF, 0xF1,
    0x00, 0x00, 0x00, 0x00, 0x00, 0x0D, 0xFF, 0xFF, 0xFF, 0xFF, 0x70, 0x00, 0x00, 0x00, 0xDF, 0xFF,
    0xFF, 0xFF, 0xF1, 0x00, 0x00, 0x00, 0x00, 0x00, 0x0C, 0xFF, 0xFF, 0xFF, 0xFF, 0x70, 0x00, 0x00,
    0x00, 0xDF, 0xFF, 0xFF, 0xFF, 0xF1, 0x00, 0x00, 0x00, 0x00, 0x00, 0x0C, 0xFF, 0xFF, 0xFF, 0xFF,
    0x80, 0x00, 0x00, 0x00, 0xDF, 0xFF, 0xFF, 0xFF, 0xF1, 0x00, 0x00, 0x00, 0x00, 0x00, 0x0B, 0xFF,
    0xFF, 0xFF, 0xFF, 0x80, 0x00, 0x00, 0x00, 0xDF, 0xFF, 0xFF, 0xFF, 0xF1, 0x00, 0x00, 0x00, 0x00,
    0x00, 0x0C, 0xFF, 0xFF, 0xFF, 0xFF, 0x80, 0x00, 0x00, 0x00, 0xDF, 0xFF, 0xFF, 0xFF, 0xF1, 0x00,
    0x00, 0x00, 0x00, 0x00, 0x0C, 0xFF, 0xFF, 0xFF, 0xFF, 0x70, 0x00, 0x00, 0x00, 0xDF, 0xFF, 0xFF,
    0xFF, 0xF1, 0x00, 0x00, 0x00, 0x00, 0x00, 0x0D, 0xFF, 0xFF, 0xFF, 0xFF, 0x70, 0x00, 0x00, 0x00,
    0xDF, 0xFF, 0xFF, 0xFF, 0xF1, 0x00, 0x00, 0x00, 0x00, 0x00, 0x0E, 0xFF, 0xFF, 0xFF, 0xFF, 0x60,
    0x00, 0x00, 0x00, 0xDF, 0xFF, 0xFF, 0xFF, 0xF1, 0x00, 0x00, 0x00, 0x00, 0x00, 0x1F, 0xFF, 0xFF,
    0xFF, 0xFF, 0x40, 0x00, 0x00, 0x00, 0xDF, 0xFF, 0xFF, 0xFF, 0xF1, 0x00, 0x00, 0x00, 0x00, 0x00,
    0x3F, 0xFF, 0xFF, 0xFF, 0xFF, 0x20, 0x00, 0x00, 0x00, 0xDF, 0xFF, 0xFF, 0xFF, 0xF1, 0x00, 0x00,
    0x00, 0x00, 0x00, 0x6F, 0xFF, 0xFF, 0xFF, 0xFF, 0x00, 0x00, 0x00, 0x00, 0xDF, 0xFF, 0xFF, 0xFF,
    0xF1, 0x00, 0x00, 0x00, 0x00, 0x00, 0x9F, 0xFF, 0xFF, 0xFF, 0xFD, 0x00, 0x00, 0x00, 0x00, 0xDF,
    0xFF, 0xFF, 0xFF, 0xF1, 0x00, 0x00, 0x00, 0x00, 0x00, 0xEF, 0xFF, 0xFF, 0xFF, 0xF9, 0x00, 0x00,
    0x00, 0x00, 0xDF, 0xFF, 0xFF, 0xFF, 0xF1, 0x00, 0x00, 0x00, 0x00, 0x05, 0xFF, 0xFF, 0xFF, 0xFF,
    0xF6, 0x00, 0x00, 0x00, 0x00, 0xDF, 0xFF, 0xFF, 0xFF, 0xF1, 0x00, 0x00, 0x00, 0x00, 0x1D, 0xFF,
    0xFF, 0xFF, 0xFF, 0xF1, 0x00, 0x00, 0x00, 0x00, 0xDF, 0xFF, 0xFF, 0xFF, 0xF1, 0x00, 0x00, 0x00,
    0x00, 0xBF, 0xFF, 0xFF, 0xFF, 0xFF, 0xB0, 0x00, 0x00, 0x00, 0x00, 0xDF, 0xFF, 0xFF, 0xFF, 0xF1,
    0x00, 0x00, 0x00, 0x2B, 0xFF, 0xFF, 0xFF, 0xFF, 0xFF, 0x50, 0x00, 0x00, 0x00, 0x00, 0xDF, 0xFF,
    0xFF, 0xFF, 0xF1, 0x00, 0x12, 0x6A, 0xFF, 0xFF, 0xFF, 0xFF, 0xFF, 0xFD, 0x00, 0x00, 0x00, 0x00,
    0x00, 0xDF, 0xFF, 0xFF, 0xFF, 0xFF, 0xFF, 0xFF, 0xFF, 0xFF, 0xFF, 0xFF, 0xFF, 0xFF, 0xF4, 0x00,
    0x00, 0x00, 0x00, 0x00, 0xDF, 0xFF, 0xFF, 0xFF, 0xFF, 0xFF, 0xFF, 0xFF, 0xFF, 0xFF, 0xFF, 0xFF,
    0xFF, 0xA0, 0x00, 0x00, 0x00, 0x00, 0x00, 0xDF, 0xFF, 0xFF, 0xFF, 0xFF, 0xFF, 0xFF, 0xFF, 0xFF,
    0xFF, 0xFF, 0xFF, 0xFC, 0x10, 0x00, 0x00, 0x00, 0x00, 0x00, 0xDF, 0xFF, 0xFF, 0xFF, 0xFF, 0xFF,
    0xFF, 0xFF, 0xFF, 0xFF, 0xFF, 0xFF, 0xC1, 0x00, 0x00, 0x00, 0x00, 0x00, 0x00, 0xDF, 0xFF, 0xFF,
    0xFF, 0xFF, 0xFF, 0xFF, 0xFF, 0xFF, 0xFF, 0xFF, 0xF9, 0x00, 0x00, 0x00, 0x00, 0x00, 0x00, 0x00,
    0xDF, 0xFF, 0xFF, 0xFF, 0xFF, 0xFF, 0xFF, 0xFF, 0xFF, 0xFF, 0xFB, 0x30, 0x00, 0x00, 0x00, 0x00,
    0x00, 0x00, 0x00, 0xDF, 0xFF, 0xFF, 0xFF, 0xFF, 0xFF, 0xFF, 0xFF, 0xFF, 0xD9, 0x30, 0x00, 0x00,
    0x00, 0x00, 0x00, 0x00, 0x00, 0x00, 0xDF, 0xFF, 0xFF, 0xFF, 0xFF, 0xFE, 0xEC, 0xB8, 0x62, 0x00,
    0x00, 0x00, 0x00, 0x00, 0x00, 0x00, 0x00, 0x00, 0x00, 0xFF, 0xFF, 0xFF, 0xFF, 0xFF, 0xFF, 0xFF,
    0xEE, 0xDB, 0x96, 0x30, 0x00, 0x00, 0x00, 0x00, 0x00, 0x00, 0x00, 0x00, 0xFF, 0xFF, 0xFF, 0xFF,
    0xFF, 0xFF, 0xFF, 0xFF, 0xFF, 0xFF, 0xFE, 0x92, 0x00, 0x00, 0x00, 0x00, 0x00, 0x00, 0x00, 0xFF,
    0xFF, 0xFF, 0xFF, 0xFF, 0xFF, 0xFF, 0xFF, 0xFF, 0xFF, 0xFF, 0xFF, 0x91, 0x00, 0x00, 0x00, 0x00,
    0x00, 0x00, 0xFF, 0xFF, 0xFF, 0xFF, 0xFF, 0xFF, 0xFF, 0xFF, 0xFF, 0xFF, 0xFF, 0xFF, 0xFC, 0x10,
    0x00, 0x00, 0x00, 0x00, 0x00, 0xFF, 0xFF, 0xFF, 0xFF, 0xFF, 0xFF, 0xFF, 0xFF, 0xFF, 0xFF, 0xFF,
    0xFF, 0xFF, 0xC1, 0x00, 0x00, 0x00, 0x00, 0x00, 0xFF, 0xFF, 0xFF, 0xFF, 0xFF, 0xFF, 0xFF, 0xFF,
    0xFF, 0xFF, 0xFF, 0xFF, 0xFF, 0xF7, 0x00, 0x00, 0x00, 0x00, 0x00, 0xFF, 0xFF, 0xFF, 0xFF, 0xFF,
    0xFF, 0xFF, 0xFF, 0xFF, 0xFF, 0xFF, 0xFF, 0xFF, 0xFE, 0x10, 0x00, 0x00, 0x00, 0x00, 0xFF, 0xFF,
    0xFF, 0xFF, 0xFF, 0xFF, 0xFF, 0xFF, 0xFF, 0xFF, 0xFF, 0xFF, 0xFF, 0xFF, 0x60, 0x00, 0x00, 0x00,
    0x00, 0xFF, 0xFF, 0xFF, 0xFF, 0xE0, 0x00, 0x00, 0x13, 0x6B, 0xFF, 0xFF, 0xFF, 0xFF, 0xFF, 0xA0,
    0x00, 0x00, 0x00, 0x00, 0xFF, 0xFF, 0xFF, 0xFF, 0xE0, 0x00, 0x00, 0x00, 0x00, 0x6F, 0xFF, 0xFF,
    0xFF, 0xFF, 0xE0, 0x00, 0x00, 0x00, 0x00, 0xFF, 0xFF, 0xFF, 0xFF, 0xE0, 0x00, 0x00, 0x00, 0x00,
    0x0A, 0xFF, 0xFF, 0xFF, 0xFF, 0xF1, 0x00, 0x00, 0x00, 0x00, 0xFF, 0xFF, 0xFF, 0xFF, 0xE0, 0x00,
    0x00, 0x00, 0x00, 0x04, 0xFF, 0xFF, 0xFF, 0xFF, 0xF2, 0x00, 0x00, 0x00, 0x00, 0xFF, 0xFF, 0xFF,
    0xFF, 0xE0, 0x00, 0x00, 0x00, 0x00, 0x01, 0xFF, 0xFF, 0xFF, 0xFF, 0xF3, 0x00, 0x00, 0x00, 0x00,
    0xFF, 0xFF, 0xFF, 0xFF, 0xE0, 0x00, 0x00, 0x00, 0x00, 0x00, 0xFF, 0xFF, 0xFF, 0xFF, 0xF3, 0x00,
    0x00, 0x00, 0x00, 0xFF, 0xFF, 0xFF, 0xFF, 0xE0, 0x00, 0x00, 0x00, 0x00, 0x01, 0xFF, 0xFF, 0xFF,
    0xFF, 0xF2, 0x00, 0x00, 0x00, 0x00, 0xFF, 0xFF, 0xFF, 0xFF, 0xE0, 0x00, 0x00, 0x00, 0x00, 0x04,
    0xFF, 0xFF, 0xFF, 0xFF, 0xE0, 0x00, 0x00, 0x00, 0x00, 0xFF, 0xFF, 0xFF, 0xFF, 0xE0, 0x00, 0x00,
    0x00, 0x00, 0x0A, 0xFF, 0xFF, 0xFF, 0xFF, 0xB0, 0x00, 0x00, 0x00, 0x00, 0xFF, 0xFF, 0xFF, 0xFF,
    0xE0, 0x00, 0x00, 0x00, 0x00, 0x6F, 0xFF, 0xFF, 0xFF, 0xFF, 0x60, 0x00, 0x00, 0x00, 0x00, 0xFF,
    0xFF, 0xFF, 0xFF, 0xE0, 0x00, 0x00, 0x13, 0x6B, 0xFF, 0xFF, 0xFF, 0xFF, 0xFE, 0x10, 0x00, 0x00,
    0x00, 0x00, 0xFF, 0xFF, 0xFF, 0xFF, 0xFF, 0xFF, 0xFF, 0xFF, 0xFF, 0xFF, 0xFF, 0xFF, 0xFF, 0xF5,
    0x00, 0x00, 0x00, 0x00, 0x00, 0xFF, 0xFF, 0xFF, 0xFF, 0xFF, 0xFF, 0xFF, 0xFF, 0xFF, 0xFF, 0xFF,
    0xFF, 0xFF, 0x80, 0x00, 0x00, 0x00, 0x00, 0x00, 0xFF, 0xFF, 0xFF, 0xFF, 0xFF, 0xFF, 0xFF, 0xFF,
    0xFF, 0xFF, 0xFF, 0xFF, 0xE6, 0x00, 0x00, 0x00, 0x00, 0x00, 0x00, 0xFF, 0xFF, 0xFF, 0xFF, 0xFF,
    0xFF, 0xFF, 0xFF, 0xFF, 0xFF, 0xFF, 0xD7, 0x10, 0x00, 0x00, 0x00, 0x00, 0x00, 0x00, 0xFF, 0xFF,
    0xFF, 0xFF, 0xFF, 0xFF, 0xFF, 0xFF, 0xFF, 0xFF, 0xE6, 0x00, 0x00, 0x00, 0x00, 0x00, 0x00, 0x00,
    0x00, 0xFF, 0xFF, 0xFF, 0xFF, 0xFF, 0xFF, 0xFF, 0xFF, 0xFF, 0xFF, 0xFF, 0x90, 0x00, 0x00, 0x00,
    0x00, 0x00, 0x00, 0x00, 0xFF, 0xFF, 0xFF, 0xFF, 0xFF, 0xFF, 0xFF, 0xFF, 0xFF, 0xFF, 0xFF, 0xF6,
    0x00, 0x00, 0x00, 0x00, 0x00, 0x00, 0x00, 0xFF, 0xFF, 0xFF, 0xFF, 0xFF, 0xFF, 0xFF, 0xFF, 0xFF,
    0xFF, 0xFF, 0xFE, 0x10, 0x00, 0x00, 0x00, 0x00, 0x00, 0x00, 0xFF, 0xFF, 0xFF, 0xFF, 0xE0, 0x00,
    0x16, 0xEF, 0xFF, 0xFF, 0xFF, 0xFF, 0x90, 0x00, 0x00, 0x00, 0x00, 0x00, 0x00, 0xFF, 0xFF, 0xFF,
    0xFF, 0xE0, 0x00, 0x00, 0x2D, 0xFF, 0xFF, 0xFF, 0xFF, 0xF2, 0x00, 0x00, 0x00, 0x00, 0x00, 0x00,
    0xFF, 0xFF, 0xFF, 0xFF, 0xE0, 0x00, 0x00, 0x03, 0xEF, 0xFF, 0xFF, 0xFF, 0xF9, 0x00, 0x00, 0x00,
    0x00, 0x00, 0x00, 0xFF, 0xFF, 0xFF, 0xFF, 0xE0, 0x00, 0x00, 0x00, 0x7F, 0xFF, 0xFF, 0xFF, 0xFF,
    0x20, 0x00, 0x00, 0x00, 0x00, 0x00, 0xFF, 0xFF, 0xFF, 0xFF, 0xE0, 0x00, 0x00, 0x00, 0x0D, 0xFF,
    0xFF, 0xFF, 0xFF, 0x90, 0x00, 0x00, 0x00, 0x00, 0x00, 0xFF, 0xFF, 0xFF, 0xFF, 0xE0, 0x00, 0x00,
    0x00, 0x06, 0xFF, 0xFF, 0xFF, 0xFF, 0xF2, 0x00, 0x00, 0x00, 0x00, 0x00, 0xFF, 0xFF, 0xFF, 0xFF,
    0xE0, 0x00, 0x00, 0x00, 0x00, 0xEF, 0xFF, 0xFF, 0xFF, 0xF9, 0x00, 0x00, 0x00, 0x00, 0x00, 0xFF,
    0xFF, 0xFF, 0xFF, 0xE0, 0x00, 0x00, 0x00, 0x00, 0x7F, 0xFF, 0xFF, 0xFF, 0xFF, 0x20, 0x00, 0x00,
    0x00, 0x00, 0xFF, 0xFF, 0xFF, 0xFF, 0xE0, 0x00, 0x00, 0x00, 0x00, 0x1E, 0xFF, 0xFF, 0xFF, 0xFF,
    0x90, 0x00, 0x00, 0x00, 0x00, 0xFF, 0xFF, 0xFF, 0xFF, 0xE0, 0x00, 0x00, 0x00, 0x00, 0x08, 0xFF,
    0xFF, 0xFF, 0xFF, 0xF2, 0x00, 0x00, 0x00, 0x00, 0xFF, 0xFF, 0xFF, 0xFF, 0xE0, 0x00, 0x00, 0x00,
    0x00, 0x01, 0xEF, 0xFF, 0xFF, 0xFF, 0xF9, 0x00, 0x00, 0x00, 0x00, 0xFF, 0xFF, 0xFF, 0xFF, 0xE0,
    0x00, 0x00, 0x00, 0x00, 0x00, 0x9F, 0xFF, 0xFF, 0xFF, 0xFF, 0x20, 0x00, 0x00, 0x00, 0xFF, 0xFF,
    0xFF, 0xFF, 0xE0, 0x00, 0x00, 0x00, 0x00, 0x00, 0x2F, 0xFF, 0xFF, 0xFF, 0xFF, 0x90, 0x00, 0x00,
    0x00, 0xFF, 0xFF, 0xFF, 0xFF, 0xE0, 0x00, 0x00, 0x00, 0x00, 0x00, 0x09, 0xFF, 0xFF, 0xFF, 0xFF,
    0xF2, 0x00, 0x00, 0x00, 0xFF, 0xFF, 0xFF, 0xFF, 0xE0, 0x00, 0x00, 0x00, 0x00, 0x00, 0x02, 0xFF,
    0xFF, 0xFF, 0xFF, 0xF9, 0x00, 0x00, 0x00, 0xFF, 0xFF, 0xFF, 0xFF, 0xE0, 0x00, 0x00, 0x00, 0x00,
    0x00, 0x00, 0xAF, 0xFF, 0xFF, 0xFF, 0xFF, 0x20, 0x00, 0x00, 0xFF, 0xFF, 0xFF, 0xFF, 0xE0, 0x00,
    0x00, 0x00, 0x00, 0x00, 0x00, 0x3F, 0xFF, 0xFF, 0xFF, 0xFF, 0x90, 0x00, 0x00, 0xFF, 0xFF, 0xFF,
    0xFF, 0xE0, 0x00, 0x00, 0x00, 0x00, 0x00, 0x00, 0x0B, 0xFF, 0xFF, 0xFF, 0xFF, 0xF2, 0x00, 0x00,
    0x00, 0x00, 0x00, 0x00, 0x15, 0x8C, 0xDE, 0xFE, 0xDC, 0xA7, 0x51, 0x00, 0x00, 0x00, 0x00, 0x00,
    0x00, 0x00, 0x00, 0x00, 0x00, 0x00, 0x3A, 0xFF, 0xFF, 0xFF, 0xFF, 0xFF, 0xFF, 0xFF, 0xB7, 0x20,
    0x00, 0x00, 0x00, 0x00, 0x00, 0x00, 0x00, 0x00, 0x19, 0xFF, 0xFF, 0xFF, 0xFF, 0xFF, 0xFF, 0xFF,
    0xFF, 0xFF, 0xFA, 0x40, 0x00, 0x00, 0x00, 0x00, 0x00, 0x00, 0x02, 0xDF, 0xFF, 0xFF, 0xFF, 0xFF,
    0xFF, 0xFF, 0xFF, 0xFF, 0xFF, 0xFF, 0xF1, 0x00, 0x00, 0x00, 0x00, 0x00, 0x00, 0x1D, 0xFF, 0xFF,
    0xFF, 0xFF, 0xFF, 0xFF, 0xFF, 0xFF, 0xFF, 0xFF, 0xFF, 0xF1, 0x00, 0x00, 0x00, 0x00, 0x00, 0x00,
    0xCF, 0xFF, 0xFF, 0xFF, 0xFF, 0xFF, 0xFF, 0xFF, 0xFF, 0xFF, 0xFF, 0xFF, 0xF1, 0x00, 0x00, 0x00,
    0x00, 0x00, 0x06, 0xFF, 0xFF, 0xFF, 0xFF, 0xFF, 0xFF, 0xFF, 0xFF, 0xFF, 0xFF, 0xFF, 0xFF, 0xF1,
    0x00, 0x00, 0x00, 0x00, 0x00, 0x0D, 0xFF, 0xFF, 0xFF, 0xFF, 0xFF, 0xFF, 0xFF, 0xFF, 0xFF, 0xFF,
    0xFF, 0xFF, 0xF1, 0x00, 0x00, 0x00, 0x00, 0x00, 0x5F, 0xFF, 0xFF, 0xFF, 0xFF, 0xFA, 0x52, 0x10,
    0x12, 0x58, 0xCF, 0xFF, 0xFF, 0xF1, 0x00, 0x00, 0x00, 0x00, 0x00, 0x9F, 0xFF, 0xFF, 0xFF, 0xFE,
    0x40, 0x00, 0x00, 0x00, 0x00, 0x02, 0x9E, 0xFF, 0xF1, 0x00, 0x00, 0x00, 0x00, 0x00, 0xCF, 0xFF,
    0xFF, 0xFF, 0xF5, 0x00, 0x00, 0x00, 0x00, 0x00, 0x00, 0x01, 0x7E, 0xF1, 0x00, 0x00, 0x00, 0x00,
    0x00, 0xEF, 0xFF, 0xFF, 0xFF, 0xD0, 0x00, 0x00, 0x00, 0x00, 0x00, 0x00, 0x00, 0x02, 0xA1, 0x00,
    0x00, 0x00, 0x00, 0x00, 0xFF, 0xFF, 0xFF, 0xFF, 0xB0, 0x00, 0x00, 0x00, 0x00, 0x00, 0x00, 0x00,
    0x00, 0x00, 0x00, 0x00, 0x00, 0x00, 0x01, 0xFF, 0xFF, 0xFF, 0xFF, 0xB0, 0x00, 0x00, 0x00, 0x00,
    0x00, 0x00, 0x00, 0x00, 0x00, 0x00, 0x00, 0x00, 0x00, 0x00, 0xFF, 0xFF, 0xFF, 0xFF, 0xE0, 0x00,
    0x00, 0x00, 0x00, 0x00, 0x00, 0x00, 0x00, 0x00, 0x00, 0x00, 0x00, 0x00, 0x00, 0xEF, 0xFF, 0xFF,
    0xFF, 0xF7, 0x00, 0x00, 0x00, 0x00, 0x00, 0x00, 0x00, 0x00, 0x00, 0x00, 0x00, 0x00, 0x00, 0x00,
    0xCF, 0xFF, 0xFF, 0xFF, 0xFF, 0x80, 0x00, 0x00, 0x00, 0x00, 0x00, 0x00, 0x00, 0x00, 0x00, 0x00,
    0x00, 0x00, 0x00, 0x8F, 0xFF, 0xFF, 0xFF, 0xFF, 0xFD, 0x60, 0x00, 0x00, 0x00, 0x00, 0x00, 0x00,
    0x00, 0x00, 0x00, 0x00, 0x00, 0x00, 0x3F, 0xFF, 0xFF, 0xFF, 0xFF, 0xFF, 0xFE, 0x82, 0x00, 0x00,
    0x00, 0x00, 0x00, 0x00, 0x00, 0x00, 0x00, 0x00, 0x00, 0x0C, 0xFF, 0xFF, 0xFF, 0xFF, 0xFF, 0xFF,
    0xFF, 0xC6, 0x10, 0x00, 0x00, 0x00, 0x00, 0x00, 0x00, 0x00, 0x00, 0x00, 0x03, 0xFF, 0xFF, 0xFF,
    0xFF, 0xFF, 0xFF, 0xFF, 0xFF, 0xFA, 0x30, 0x00, 0x00, 0x00, 0x00, 0x00, 0x00, 0x00, 0x00, 0x00,
    0x6F, 0xFF, 0xFF, 0xFF, 0xFF, 0xFF, 0xFF, 0xFF, 0xFF, 0xFC, 0x40, 0x00, 0x00, 0x00, 0x00, 0x00,
    0x00, 0x00, 0x00, 0x06, 0xFF, 0xFF, 0xFF, 0xFF, 0xFF, 0xFF, 0xFF, 0xFF, 0xFF, 0xFA, 0x10, 0x00,
    0x00, 0x00, 0x00, 0x00, 0x00, 0x00, 0x00, 0x3C, 0xFF, 0xFF, 0xFF, 0xFF, 0xFF, 0xFF, 0xFF, 0xFF,
    0xFF, 0xD3, 0x00, 0x00, 0x00, 0x00, 0x00, 0x00, 0x00, 0x00, 0x00, 0x6E, 0xFF, 0xFF, 0xFF, 0xFF,
    0xFF, 0xFF, 0xFF, 0xFF, 0xFE, 0x30, 0x00, 0x00, 0x00, 0x00, 0x00, 0x00, 0x00, 0x00, 0x01, 0x6D,
    0xFF, 0xFF, 0xFF, 0xFF, 0xFF, 0xFF, 0xFF, 0xFF, 0xE2, 0x00, 0x00, 0x00, 0x00, 0x00, 0x00, 0x00,
    0x00, 0x00, 0x00, 0x5B, 0xFF, 0xFF, 0xFF, 0xFF, 0xFF, 0xFF, 0xFF, 0xFB, 0x00, 0x00, 0x00, 0x00,
    0x00, 0x00, 0x00, 0x00, 0x00, 0x00, 0x00, 0x27, 0xDF, 0xFF, 0xFF, 0xFF, 0xFF, 0xFF, 0xFF, 0x50,
    0x00, 0x00, 0x00, 0x00, 0x00, 0x00, 0x00, 0x00, 0x00, 0x00, 0x00, 0x04, 0xAF, 0xFF, 0xFF, 0xFF,
    0xFF, 0xFF, 0xB0, 0x00, 0x00, 0x00, 0x00, 0x00, 0x00, 0x00, 0x00, 0x00, 0x00, 0x00, 0x00, 0x02,
    0xCF, 0xFF, 0xFF, 0xFF, 0xFF, 0xF1, 0x00, 0x00, 0x00, 0x00, 0x00, 0x00, 0x00, 0x00, 0x00, 0x00,
    0x00, 0x00, 0x00, 0x0B, 0xFF, 0xFF, 0xFF, 0xFF, 0xF4, 0x00, 0x00, 0x00, 0x00, 0x00, 0x00, 0x00,
    0x00, 0x00, 0x00, 0x00, 0x00, 0x00, 0x01, 0xEF, 0xFF, 0xFF, 0xFF, 0xF7, 0x00, 0x00, 0x00, 0x00,
    0x00, 0x00, 0x00, 0x00, 0x00, 0x00, 0x00, 0x00, 0x00, 0x00, 0xAF, 0xFF, 0xFF, 0xFF, 0xF8, 0x00,
    0x00, 0x00, 0x00, 0x00, 0x00, 0x00, 0x00, 0x00, 0x00, 0x00, 0x00, 0x00, 0x00, 0x7F, 0xFF, 0xFF,
    0xFF, 0xF9, 0x00, 0x00, 0x00, 0x00, 0x00, 0x00, 0x00, 0x00, 0x00, 0x00, 0x00, 0x00, 0x00, 0x00,
    0x8F, 0xFF, 0xFF, 0xFF, 0xF8, 0x00, 0x00, 0x00, 0x00, 0xA4, 0x00, 0x00, 0x00, 0x00, 0x00, 0x00,
    0x00, 0x00, 0x00, 0xBF, 0xFF, 0xFF, 0xFF, 0xF7, 0x00, 0x00, 0x00, 0x00, 0xEF, 0xB4, 0x00, 0x00,
    0x00, 0x00, 0x00, 0x00, 0x00, 0x04, 0xFF, 0xFF, 0xFF, 0xFF, 0xF6, 0x00, 0x00, 0x00, 0x00, 0xEF,
    0xFF, 0xD7, 0x20, 0x00, 0x00, 0x00, 0x00, 0x00, 0x4E, 0xFF, 0xFF, 0xFF, 0xFF, 0xF2, 0x00, 0x00,
    0x00, 0x00, 0xEF, 0xFF, 0xFF, 0xFD, 0xA6, 0x42, 0x10, 0x12, 0x5A, 0xFF, 0xFF, 0xFF, 0xFF, 0xFF,
    0xD0, 0x00, 0x00, 0x00, 0x00, 0xEF, 0xFF, 0xFF, 0xFF, 0xFF, 0xFF, 0xFF, 0xFF, 0xFF, 0xFF, 0xFF,
    0xFF, 0xFF, 0xFF, 0x80, 0x00, 0x00, 0x00, 0x00, 0xEF, 0xFF, 0xFF, 0xFF, 0xFF, 0xFF, 0xFF, 0xFF,
    0xFF, 0xFF, 0xFF, 0xFF, 0xFF, 0xFE, 0x10, 0x00, 0x00, 0x00, 0x00, 0xEF, 0xFF, 0xFF, 0xFF, 0xFF,
    0xFF, 0xFF, 0xFF, 0xFF, 0xFF, 0xFF, 0xFF, 0xFF, 0xF7, 0x00, 0x00, 0x00, 0x00, 0x00, 0xEF, 0xFF,
    0xFF, 0xFF, 0xFF, 0xFF, 0xFF, 0xFF, 0xFF, 0xFF, 0xFF, 0xFF, 0xFF, 0xA0, 0x00, 0x00, 0x00, 0x00,
    0x00, 0xEF, 0xFF, 0xFF, 0xFF, 0xFF, 0xFF, 0xFF, 0xFF, 0xFF, 0xFF, 0xFF, 0xFF, 0xFA, 0x00, 0x00,
    0x00, 0x00, 0x00, 0x00, 0x39, 0xEF, 0xFF, 0xFF, 0xFF, 0xFF, 0xFF, 0xFF, 0xFF, 0xFF, 0xFF, 0xFE,
    0x60, 0x00, 0x00, 0x00, 0x00, 0x00, 0x00, 0x00, 0x15, 0xAE, 0xFF, 0xFF, 0xFF, 0xFF, 0xFF, 0xFF,
    0xFF, 0xFD, 0x71, 0x00, 0x00, 0x00, 0x00, 0x00, 0x00, 0x00, 0x00, 0x00, 0x00, 0x36, 0x9B, 0xDE,
    0xEF, 0xFE, 0xDB, 0x96, 0x20, 0x00, 0x00, 0x00, 0x00, 0x00, 0x00, 0x00, 0x00, 0x00, 0x00, 0x00,
    0x36, 0x8A, 0xCD, 0xEE, 0xFF, 0xED, 0xB9, 0x62, 0x00, 0x00, 0x00, 0x00, 0x00, 0x00, 0x00, 0x00,
    0x00, 0x16, 0xAE, 0xFF, 0xFF, 0xFF, 0xFF, 0xFF, 0xFF, 0xFF, 0xFF, 0xC6, 0x00, 0x00, 0x00, 0x00,
    0x00, 0x00, 0x00, 0x00, 0xCF, 0xFF, 0xFF, 0xFF, 0xFF, 0xFF, 0xFF, 0xFF, 0xFF, 0xFF, 0xFF, 0xD3,
    0x00, 0x00, 0x00, 0x00, 0x00, 0x00, 0x00, 0xCF, 0xFF, 0xFF, 0xFF, 0xFF, 0xFF, 0xFF, 0xFF, 0xFF,
    0xFF, 0xFF, 0xFE, 0x40, 0x00, 0x00, 0x00, 0x00, 0x00, 0x00, 0xCF, 0xFF, 0xFF, 0xFF, 0xFF, 0xFF,
    0xFF, 0xFF, 0xFF, 0xFF, 0xFF, 0xFF, 0xE1, 0x00, 0x00, 0x00, 0x00, 0x00, 0x00, 0xCF, 0xFF, 0xFF,
    0xFF, 0xFF, 0xFF, 0xFF, 0xFF, 0xFF, 0xFF, 0xFF, 0xFF, 0xFA, 0x00, 0x00, 0x00, 0x00, 0x00, 0x00,
    0xCF, 0xFF, 0xFE, 0xB8, 0x53, 0x21, 0x01, 0x26, 0xCF, 0xFF, 0xFF, 0xFF, 0xFF, 0x20, 0x00, 0x00,
    0x00, 0x00, 0x00, 0xCF, 0xE9, 0x51, 0x00, 0x00, 0x00, 0x00, 0x00, 0x07, 0xFF, 0xFF, 0xFF, 0xFF,
    0x70, 0x00, 0x00, 0x00, 0x00, 0x00, 0xA7, 0x10, 0x00, 0x00, 0x00, 0x00, 0x00, 0x00, 0x00, 0xBF,
    0xFF, 0xFF, 0xFF, 0xB0, 0x00, 0x00, 0x00, 0x00, 0x00, 0x00, 0x00, 0x00, 0x00, 0x00, 0x00, 0x00,
    0x00, 0x00, 0x6F, 0xFF, 0xFF, 0xFF, 0xF0, 0x00, 0x00, 0x00, 0x00, 0x00, 0x00, 0x00, 0x00, 0x00,
    0x00, 0x00, 0x00, 0x00, 0x00, 0x4F, 0xFF, 0xFF, 0xFF, 0xF2, 0x00, 0x00, 0x00, 0x00, 0x00, 0x00,
    0x00, 0x00, 0x00, 0x00, 0x00, 0x00, 0x00, 0x00, 0x4F, 0xFF, 0xFF, 0xFF, 0xF5, 0x00, 0x00, 0x00,
    0x00, 0x00, 0x00, 0x00, 0x00, 0x00, 0x00, 0x00, 0x00, 0x00, 0x00, 0x4F, 0xFF, 0xFF, 0xFF, 0xF6,
    0x00, 0x00, 0x00, 0x00, 0x00, 0x00, 0x00, 0x04, 0x7A, 0xCD, 0xEF, 0xFF, 0xFF, 0xFF, 0xFF, 0xFF,
    0xFF, 0xFF, 0xF7, 0x00, 0x00, 0x00, 0x00, 0x00, 0x00, 0x3A, 0xEF, 0xFF, 0xFF, 0xFF, 0xFF, 0xFF,
    0xFF, 0xFF, 0xFF, 0xFF, 0xFF, 0xF8, 0x00, 0x00, 0x00, 0x00, 0x00, 0x2B, 0xFF, 0xFF, 0xFF, 0xFF,
    0xFF, 0xFF, 0xFF, 0xFF, 0xFF, 0xFF, 0xFF, 0xFF, 0xF8, 0x00, 0x00, 0x00, 0x00, 0x02, 0xDF, 0xFF,
    0xFF, 0xFF, 0xFF, 0xFF, 0xFF, 0xFF, 0xFF, 0xFF, 0xFF, 0xFF, 0xFF, 0xF8, 0x00, 0x00, 0x00, 0x00,
    0x2E, 0xFF, 0xFF, 0xFF, 0xFF, 0xFF, 0xFF, 0xFF, 0xFF, 0xFF, 0xFF, 0xFF, 0xFF, 0xFF, 0xF8, 0x00,
    0x00, 0x00, 0x00, 0xAF, 0xFF, 0xFF, 0xFF, 0xFF, 0xFF, 0xFF, 0xFF, 0xFF, 0xFF, 0xFF, 0xFF, 0xFF,
    0xFF, 0xF8, 0x00, 0x00, 0x00, 0x03, 0xFF, 0xFF, 0xFF, 0xFF, 0xFF, 0xFB, 0x74, 0x21, 0x00, 0x00,
    0x4F, 0xFF, 0xFF, 0xFF, 0xF8, 0x00, 0x00, 0x00, 0x08, 0xFF, 0xFF, 0xFF, 0xFF, 0xFD, 0x30, 0x00,
    0x00, 0x00, 0x00, 0x5F, 0xFF, 0xFF, 0xFF, 0xF8, 0x00, 0x00, 0x00, 0x0D, 0xFF, 0xFF, 0xFF, 0xFF,
    0xF3, 0x00, 0x00, 0x00, 0x00, 0x00, 0x5F, 0xFF, 0xFF, 0xFF, 0xF8, 0x00, 0x00, 0x00, 0x0F, 0xFF,
    0xFF, 0xFF, 0xFF, 0xA0, 0x00, 0x00, 0x00, 0x00, 0x00, 0x7F, 0xFF, 0xFF, 0xFF, 0xF8, 0x00, 0x00,
    0x00, 0x1F, 0xFF, 0xFF, 0xFF, 0xFF, 0x60, 0x00, 0x00, 0x00, 0x00, 0x00, 0xAF, 0xFF, 0xFF, 0xFF,
    0xF8, 0x00, 0x00, 0x00, 0x2F, 0xFF, 0xFF, 0xFF, 0xFF, 0x50, 0x00, 0x00, 0x00, 0x00, 0x00, 0xEF,
    0xFF, 0xFF, 0xFF, 0xF8, 0x00, 0x00, 0x00, 0x1F, 0xFF, 0xFF, 0xFF, 0xFF, 0x50, 0x00, 0x00, 0x00,
    0x00, 0x04, 0xFF, 0xFF, 0xFF, 0xFF, 0xF8, 0x00, 0x00, 0x00, 0x0F, 0xFF, 0xFF, 0xFF, 0xFF, 0x80,
    0x00, 0x00, 0x00, 0x00, 0x0C, 0xFF, 0xFF, 0xFF, 0xFF, 0xF8, 0x00, 0x00, 0x00, 0x0D, 0xFF, 0xFF,
    0xFF, 0xFF, 0xD0, 0x00, 0x00, 0x00, 0x00, 0x6F, 0xFF, 0xFF, 0xFF, 0xFF, 0xF8, 0x00, 0x00, 0x00,
    0x09, 0xFF, 0xFF, 0xFF, 0xFF, 0xF9, 0x00, 0x00, 0x00, 0x06, 0xFF, 0xFF, 0xFF, 0xFF, 0xFF, 0xF8,
    0x00, 0x00, 0x00, 0x04, 0xFF, 0xFF, 0xFF, 0xFF, 0xFF, 0xB4, 0x10, 0x25, 0xBF, 0xFF, 0xFF, 0xFF,
    0xFF, 0xFF, 0xF8, 0x00, 0x00, 0x00, 0x00, 0xBF, 0xFF, 0xFF, 0xFF, 0xFF, 0xFF, 0xFF, 0xFF, 0xFF,
    0xFF, 0xFF, 0xFF, 0xFF, 0xFF, 0xF8, 0x00, 0x00, 0x00, 0x00, 0x3F, 0xFF, 0xFF, 0xFF, 0xFF, 0xFF,
    0xFF, 0xFF, 0xFF, 0xFF, 0xDF, 0xFF, 0xFF, 0xFF, 0xF8, 0x00, 0x00, 0x00, 0x00, 0x05, 0xFF, 0xFF,
    0xFF, 0xFF, 0xFF, 0xFF, 0xFF, 0xFF, 0xFA, 0x4F, 0xFF, 0xFF, 0xFF, 0xF8, 0x00, 0x00, 0x00, 0x00,
    0x00, 0x5E, 0xFF, 0xFF, 0xFF, 0xFF, 0xFF, 0xFF, 0xFF, 0x90, 0x4F, 0xFF, 0xFF, 0xFF, 0xF8, 0x00,
    0x00, 0x00, 0x00, 0x00, 0x02, 0x9F, 0xFF, 0xFF, 0xFF, 0xFF, 0xFF, 0xD4, 0x00, 0x4F, 0xFF, 0xFF,
    0xFF, 0xF8, 0x00, 0x00, 0x00, 0x00, 0x00, 0x00, 0x01, 0x69, 0xCD, 0xEF, 0xEC, 0x84, 0x00, 0x00,
    0x00, 0x00, 0x00, 0x00, 0x00, 0x00, 0x00, 0x00, 0x00, 0x00, 0x00, 0x00, 0x00, 0x00, 0x00, 0x00,
    0x00, 0x00, 0x01, 0xFF, 0xFF, 0xFF, 0xFF, 0xC0, 0x00, 0x00, 0x00, 0x00, 0x00, 0x00, 0x00, 0x00,
    0x00, 0x00, 0x00, 0x00, 0x00, 0x01, 0xFF, 0xFF, 0xFF, 0xFF, 0xC0, 0x00, 0x00, 0x00, 0x00, 0x00,
    0x00, 0x00, 0x00, 0x00, 0x00, 0x00, 0x00, 0x00, 0x01, 0xFF, 0xFF, 0xFF, 0xFF, 0xC0, 0x00, 0x00,
    0x00, 0x00, 0x00, 0x00, 0x00, 0x00, 0x00, 0x00, 0x00, 0x00, 0x00, 0x01, 0xFF, 0xFF, 0xFF, 0xFF,
    0xC0, 0x00, 0x00, 0x00, 0x00, 0x00, 0x00, 0x00, 0x00, 0x00, 0x00, 0x00, 0x00, 0x00, 0x01, 0xFF,
    0xFF, 0xFF, 0xFF, 0xC0, 0x00, 0x00, 0x00, 0x00, 0x00, 0x00, 0x00, 0x00, 0x00, 0x00, 0x00, 0x00,
    0x00, 0x01, 0xFF, 0xFF, 0xFF, 0xFF, 0xC0, 0x00, 0x00, 0x00, 0x00, 0x00, 0x00, 0x00, 0x00, 0x00,
    0x00, 0x00, 0x00, 0x00, 0x01, 0xFF, 0xFF, 0xFF, 0xFF, 0xC0, 0x00, 0x00, 0x00, 0x00, 0x00, 0x00,
    0x00, 0x00, 0x00, 0x00, 0x00, 0x00, 0x00, 0x01, 0xFF, 0xFF, 0xFF, 0xFF, 0xC0, 0x00, 0x00, 0x00,
    0x00, 0x00, 0x00, 0x00, 0x00, 0x00, 0x00, 0x00, 0x00, 0x00, 0x01, 0xFF, 0xFF, 0xFF, 0xFF, 0xC0,
    0x00, 0x00, 0x00, 0x00, 0x00, 0x00, 0x00, 0x00, 0x00, 0x00, 0x00, 0x00, 0x00, 0x01, 0xFF, 0xFF,
    0xFF, 0xFF, 0xC0, 0x00, 0x00, 0x00, 0x00, 0x00, 0x00, 0x00, 0x00, 0x00, 0x00, 0x00, 0x00, 0x00,
    0x01, 0xFF, 0xFF, 0xFF, 0xFF, 0xC0, 0x00, 0x00, 0x00, 0x00, 0x00, 0x00, 0x00, 0x00, 0x00, 0x00,
    0x00, 0x00, 0x00, 0x01, 0xFF, 0xFF, 0xFF, 0xFF, 0xC0, 0x00, 0x00, 0x00, 0x00, 0x00, 0x00, 0x00,
    0x17, 0xBD, 0xEF, 0xEB, 0x61, 0x00, 0x01, 0xFF, 0xFF, 0xFF, 0xFF, 0xC0, 0x00, 0x00, 0x00, 0x00,
    0x00, 0x00, 0x19, 0xFF, 0xFF, 0xFF, 0xFF, 0xFE, 0x60, 0x01, 0xFF, 0xFF, 0xFF, 0xFF, 0xC0, 0x00,
    0x00, 0x00, 0x00, 0x00, 0x03, 0xDF, 0xFF, 0xFF, 0xFF, 0xFF, 0xFF, 0xF9, 0x01, 0xFF, 0xFF, 0xFF,
    0xFF, 0xC0, 0x00, 0x00, 0x00, 0x00, 0x00, 0x2E, 0xFF, 0xFF, 0xFF, 0xFF, 0xFF, 0xFF, 0xFF, 0x91,
    0xFF, 0xFF, 0xFF, 0xFF, 0xC0, 0x00, 0x00, 0x00, 0x00, 0x01, 0xDF, 0xFF, 0xFF, 0xFF, 0xFF, 0xFF,
    0xFF, 0xFF, 0xF6, 0xFF, 0xFF, 0xFF, 0xFF, 0xC0, 0x00, 0x00, 0x00, 0x00, 0x07, 0xFF, 0xFF, 0xFF,
    0xFF, 0xFF, 0xFF, 0xFF, 0xFF, 0xFE, 0xFF, 0xFF, 0xFF, 0xFF, 0xC0, 0x00, 0x00, 0x00, 0x00, 0x1E,
    0xFF, 0xFF, 0xFF, 0xFF, 0xFF, 0xFF, 0xFF, 0xFF, 0xFF, 0xFF, 0xFF, 0xFF, 0xFF, 0xC0, 0x00, 0x00,
    0x00, 0x00, 0x8F, 0xFF, 0xFF, 0xFF, 0xFF, 0xF9, 0x31, 0x25, 0xDF, 0xFF, 0xFF, 0xFF, 0xFF, 0xFF,
    0xC0, 0x00, 0x00, 0x00, 0x00, 0xDF, 0xFF, 0xFF, 0xFF, 0xFF, 0x50, 0x00, 0x00, 0x1B, 0xFF, 0xFF,
    0xFF, 0xFF, 0xFF, 0xC0, 0x00, 0x00, 0x00, 0x03, 0xFF, 0xFF, 0xFF, 0xFF, 0xF8, 0x00, 0x00, 0x00,
    0x01, 0xEF, 0xFF, 0xFF, 0xFF, 0xFF, 0xC0, 0x00, 0x00, 0x00, 0x07, 0xFF, 0xFF, 0xFF, 0xFF, 0xE1,
    0x00, 0x00, 0x00, 0x00, 0x7F, 0xFF, 0xFF, 0xFF, 0xFF, 0xC0, 0x00, 0x00, 0x00, 0x0A, 0xFF, 0xFF,
    0xFF, 0xFF, 0x80, 0x00, 0x00, 0x00, 0x00, 0x1E, 0xFF, 0xFF, 0xFF, 0xFF, 0xC0, 0x00, 0x00, 0x00,
    0x0D, 0xFF, 0xFF, 0xFF, 0xFF, 0x40, 0x00, 0x00, 0x00, 0x00, 0x0B, 0xFF, 0xFF, 0xFF, 0xFF, 0xC0,
    0x00, 0x00, 0x00, 0x0F, 0xFF, 0xFF, 0xFF, 0xFF, 0x00, 0x00, 0x00, 0x00, 0x00, 0x07, 0xFF, 0xFF,
    0xFF, 0xFF, 0xC0, 0x00, 0x00, 0x00, 0x2F, 0xFF, 0xFF, 0xFF, 0xFD, 0x00, 0x00, 0x00, 0x00, 0x00,
    0x05, 0xFF, 0xFF, 0xFF, 0xFF, 0xC0, 0x00, 0x00, 0x00, 0x2F, 0xFF, 0xFF, 0xFF, 0xFB, 0x00, 0x00,
    0x00, 0x00, 0x00, 0x03, 0xFF, 0xFF, 0xFF, 0xFF, 0xC0, 0x00, 0x00, 0x00, 0x3F, 0xFF, 0xFF, 0xFF,
    0xFA, 0x00, 0x00, 0x00, 0x00, 0x00, 0x02, 0xFF, 0xFF, 0xFF, 0xFF, 0xC0, 0x00, 0x00, 0x00, 0x4F,
    0xFF, 0xFF, 0xFF, 0xF9, 0x00, 0x00, 0x00, 0x00, 0x00, 0x01, 0xFF, 0xFF, 0xFF, 0xFF, 0xC0, 0x00,
    0x00, 0x00, 0x4F, 0xFF, 0xFF, 0xFF, 0xF9, 0x00, 0x00, 0x00, 0x00, 0x00, 0x01, 0xFF, 0xFF, 0xFF,
    0xFF, 0xC0, 0x00, 0x00, 0x00, 0x3F, 0xFF, 0xFF, 0xFF, 0xFA, 0x00, 0x00, 0x00, 0x00, 0x00, 0x02,
    0xFF, 0xFF, 0xFF, 0xFF, 0xC0, 0x00, 0x00, 0x00, 0x2F, 0xFF, 0xFF, 0xFF, 0xFB, 0x00, 0x00, 0x00,
    0x00, 0x00, 0x03, 0xFF, 0xFF, 0xFF, 0xFF, 0xC0, 0x00, 0x00, 0x00, 0x2F, 0xFF, 0xFF, 0xFF, 0xFD,
    0x00, 0x00, 0x00, 0x00, 0x00, 0x05, 0xFF, 0xFF, 0xFF, 0xFF, 0xC0, 0x00, 0x00, 0x00, 0x0F, 0xFF,
    0xFF, 0xFF, 0xFF, 0x00, 0x00, 0x00, 0x00, 0x00, 0x07, 0xFF, 0xFF, 0xFF, 0xFF, 0xC0, 0x00, 0x00,
    0x00, 0x0D, 0xFF, 0xFF, 0xFF, 0xFF, 0x40, 0x00, 0x00, 0x00, 0x00, 0x0B, 0xFF, 0xFF, 0xFF, 0xFF,
    0xC0, 0x00, 0x00, 0x00, 0x0A, 0xFF, 0xFF, 0xFF, 0xFF, 0x80, 0x00, 0x00, 0x00, 0x00, 0x1E, 0xFF,
    0xFF, 0xFF, 0xFF, 0xC0, 0x00, 0x00, 0x00, 0x07, 0xFF, 0xFF, 0xFF, 0xFF, 0xE1, 0x00, 0x00, 0x00,
    0x00, 0x7F, 0xFF, 0xFF, 0xFF, 0xFF, 0xC0, 0x00, 0x00, 0x00, 0x03, 0xFF, 0xFF, 0xFF, 0xFF, 0xF8,
    0x00, 0x00, 0x00, 0x01, 0xEF, 0xFF, 0xFF, 0xFF, 0xFF, 0xC0, 0x00, 0x00, 0x00, 0x00, 0xDF, 0xFF,
    0xFF, 0xFF, 0xFF, 0x50, 0x00, 0x00, 0x1B, 0xFF, 0xFF, 0xFF, 0xFF, 0xFF, 0xC0, 0x00, 0x00, 0x00,
    0x00, 0x8F, 0xFF, 0xFF, 0xFF, 0xFF, 0xF9, 0x31, 0x15, 0xDF, 0xFF, 0xFF, 0xFF, 0xFF, 0xFF, 0xC0,
    0x00, 0x00, 0x00, 0x00, 0x1E, 0xFF, 0xFF, 0xFF, 0xFF, 0xFF, 0xFF, 0xFF, 0xFF, 0xFF, 0xFF, 0xFF,
    0xFF, 0xFF, 0xC0, 0x00, 0x00, 0x00, 0x00, 0x08, 0xFF, 0xFF, 0xFF, 0xFF, 0xFF, 0xFF, 0xFF, 0xFF,
    0xFD, 0xFF, 0xFF, 0xFF, 0xFF, 0xC0, 0x00, 0x00, 0x00, 0x00, 0x01, 0xDF, 0xFF, 0xFF, 0xFF, 0xFF,
    0xFF, 0xFF, 0xFF, 0xF4, 0xFF, 0xFF, 0xFF, 0xFF, 0xC0, 0x00, 0x00, 0x00, 0x00, 0x00, 0x3E, 0xFF,
    0xFF, 0xFF, 0xFF, 0xFF, 0xFF, 0xFF, 0x81, 0xFF, 0xFF, 0xFF, 0xFF, 0xC0, 0x00, 0x00, 0x00, 0x00,
    0x00, 0x03, 0xEF, 0xFF, 0xFF, 0xFF, 0xFF, 0xFF, 0xF9, 0x01, 0xFF, 0xFF, 0xFF, 0xFF, 0xC0, 0x00,
    0x00, 0x00, 0x00, 0x00, 0x00, 0x1A, 0xFF, 0xFF, 0xFF, 0xFF, 0xFE, 0x60, 0x01, 0xFF, 0xFF, 0xFF,
    0xFF, 0xC0, 0x00, 0x00, 0x00, 0x00, 0x00, 0x00, 0x00, 0x28, 0xBE, 0xFF, 0xDB, 0x61, 0x00, 0x00,
    0x00, 0x00, 0x00, 0x00, 0x00, 0x00, 0x00, 0x00, 0x00, 0x00, 0x00, 0x00, 0x00, 0x03, 0x7B, 0xDE,
    0xFF, 0xED, 0xA7, 0x30, 0x00, 0x00, 0x00, 0x00, 0x00, 0x00, 0x00, 0x00, 0x00, 0x00, 0x00, 0x16,
    0xDF, 0xFF, 0xFF, 0xFF, 0xFF, 0xFF, 0xFD, 0x71, 0x00, 0x00, 0x00, 0x00, 0x00, 0x00, 0x00, 0x00,
    0x00, 0x04, 0xDF, 0xFF, 0xFF, 0xFF, 0xFF, 0xFF, 0xFF, 0xFF, 0xFD, 0x50, 0x00, 0x00, 0x00, 0x00,
    0x00, 0x00, 0x00, 0x00, 0x7F, 0xFF, 0xFF, 0xFF, 0xFF, 0xFF, 0xFF, 0xFF, 0xFF, 0xFF, 0xF8, 0x00,
    0x00, 0x00, 0x00, 0x00, 0x00, 0x00, 0x08, 0xFF, 0xFF, 0xFF, 0xFF, 0xFF, 0xFF, 0xFF, 0xFF, 0xFF,
    0xFF, 0xFF, 0x90, 0x00, 0x00, 0x00, 0x00, 0x00, 0x00, 0x6F, 0xFF, 0xFF, 0xFF, 0xFF, 0xFF, 0xFF,
    0xFF, 0xFF, 0xFF, 0xFF, 0xFF, 0xF6, 0x00, 0x00, 0x00, 0x00, 0x00, 0x02, 0xFF, 0xFF, 0xFF, 0xFF,
    0xFF, 0xFF, 0xFF, 0xFF, 0xFF, 0xFF, 0xFF, 0xFF, 0xFE, 0x20, 0x00, 0x00, 0x00, 0x00, 0x0B, 0xFF,
    0xFF, 0xFF, 0xFF, 0xFC, 0x62, 0x01, 0x25, 0xBF, 0xFF, 0xFF, 0xFF, 0xFF, 0xA0, 0x00, 0x00, 0x00,
    0x00, 0x4F, 0xFF, 0xFF, 0xFF, 0xFF, 0x70, 0x00, 0x00, 0x00, 0x05, 0xFF, 0xFF, 0xFF, 0xFF, 0xF3,
    0x00, 0x00, 0x00, 0x00, 0xBF, 0xFF, 0xFF, 0xFF, 0xF7, 0x00, 0x00, 0x00, 0x00, 0x00, 0x6F, 0xFF,
    0xFF, 0xFF, 0xF8, 0x00, 0x00, 0x00, 0x01, 0xFF, 0xFF, 0xFF, 0xFF, 0xD0, 0x00, 0x00, 0x00, 0x00,
    0x00, 0x0D, 0xFF, 0xFF, 0xFF, 0xFD, 0x00, 0x00, 0x00, 0x06, 0xFF, 0xFF, 0xFF, 0xFF, 0x70, 0x00,
    0x00, 0x00, 0x00, 0x00, 0x07, 0xFF, 0xFF, 0xFF, 0xFF, 0x20, 0x00, 0x00, 0x0A, 0xFF, 0xFF, 0xFF,
    0xFF, 0x20, 0x00, 0x00, 0x00, 0x00, 0x00, 0x04, 0xFF, 0xFF, 0xFF, 0xFF, 0x50, 0x00, 0x00, 0x0C,
    0xFF, 0xFF, 0xFF, 0xFF, 0x00, 0x00, 0x00, 0x00, 0x00, 0x00, 0x03, 0xFF, 0xFF, 0xFF, 0xFF, 0x80,
    0x00, 0x00, 0x0F, 0xFF, 0xFF, 0xFF, 0xFF, 0xFF, 0xFF, 0xFF, 0xFF, 0xFF, 0xFF, 0xFF, 0xFF, 0xFF,
    0xFF, 0xFF, 0xA0, 0x00, 0x00, 0x1F, 0xFF, 0xFF, 0xFF, 0xFF, 0xFF, 0xFF, 0xFF, 0xFF, 0xFF, 0xFF,
    0xFF, 0xFF, 0xFF, 0xFF, 0xFF, 0xB0, 0x00, 0x00, 0x2F, 0xFF, 0xFF, 0xFF, 0xFF, 0xFF, 0xFF, 0xFF,
    0xFF, 0xFF, 0xFF, 0xFF, 0xFF, 0xFF, 0xFF, 0xFF, 0xB0, 0x00, 0x00, 0x3F, 0xFF, 0xFF, 0xFF, 0xFF,
    0xFF, 0xFF, 0xFF, 0xFF, 0xFF, 0xFF, 0xFF, 0xFF, 0xFF, 0xFF, 0xFF, 0xC0, 0x00, 0x00, 0x3F, 0xFF,
    0xFF, 0xFF, 0xFF, 0xFF, 0xFF, 0xFF, 0xFF, 0xFF, 0xFF, 0xFF, 0xFF, 0xFF, 0xFF, 0xFF, 0xC0, 0x00,
    0x00, 0x3F, 0xFF, 0xFF, 0xFF, 0xFF, 0xFF, 0xFF, 0xFF, 0xFF, 0xFF, 0xFF, 0xFF, 0xFF, 0xFF, 0xFF,
    0xFF, 0xC0, 0x00, 0x00, 0x2F, 0xFF, 0xFF, 0xFF, 0xFF, 0xFF, 0xFF, 0xFF, 0xFF, 0xFF, 0xFF, 0xFF,
    0xFF, 0xFF, 0xFF, 0xFF, 0xC0, 0x00, 0x00, 0x0F, 0xFF, 0xFF, 0xFF, 0xFD, 0x00, 0x00, 0x00, 0x00,
    0x00, 0x00, 0x00, 0x00, 0x00, 0x00, 0x00, 0x00, 0x00, 0x00, 0x0D, 0xFF, 0xFF, 0xFF, 0xFE, 0x00,
    0x00, 0x00, 0x00, 0x00, 0x00, 0x00, 0x00, 0x00, 0x00, 0x00, 0x00, 0x00, 0x00, 0x0A, 0xFF, 0xFF,
    0xFF, 0xFF, 0x20, 0x00, 0x00, 0x00, 0x00, 0x00, 0x00, 0x00, 0x00, 0x00, 0x00, 0x00, 0x00, 0x00,
    0x07, 0xFF, 0xFF, 0xFF, 0xFF, 0x70, 0x00, 0x00, 0x00, 0x00, 0x00, 0x00, 0x00, 0x00, 0x00, 0x00,
    0x00, 0x00, 0x00, 0x03, 0xFF, 0xFF, 0xFF, 0xFF, 0xD1, 0x00, 0x00, 0x00, 0x00, 0x00, 0x00, 0x00,
    0x00, 0x00, 0x75, 0x00, 0x00, 0x00, 0x00, 0xCF, 0xFF, 0xFF, 0xFF, 0xFA, 0x00, 0x00, 0x00, 0x00,
    0x00, 0x00, 0x00, 0x00, 0x5D, 0xF5, 0x00, 0x00, 0x00, 0x00, 0x6F, 0xFF, 0xFF, 0xFF, 0xFF, 0xB2,
    0x00, 0x00, 0x00, 0x00, 0x00, 0x01, 0x7D, 0xFF, 0xF5, 0x00, 0x00, 0x00, 0x00, 0x0D, 0xFF, 0xFF,
    0xFF, 0xFF, 0xFF, 0xB6, 0x31, 0x10, 0x23, 0x58, 0xCF, 0xFF, 0xFF, 0xF5, 0x00, 0x00, 0x00, 0x00,
    0x04, 0xFF, 0xFF, 0xFF, 0xFF, 0xFF, 0xFF, 0xFF, 0xFF, 0xFF, 0xFF, 0xFF, 0xFF, 0xFF, 0xF5, 0x00,
    0x00, 0x00, 0x00, 0x00, 0x8F, 0xFF, 0xFF, 0xFF, 0xFF, 0xFF, 0xFF, 0xFF, 0xFF, 0xFF, 0xFF, 0xFF,
    0xFF, 0xF5, 0x00, 0x00, 0x00, 0x00, 0x00, 0x09, 0xFF, 0xFF, 0xFF, 0xFF, 0xFF, 0xFF, 0xFF, 0xFF,
    0xFF, 0xFF, 0xFF, 0xFF, 0xF5, 0x00, 0x00, 0x00, 0x00, 0x00, 0x00, 0x7F, 0xFF, 0xFF, 0xFF, 0xFF,
    0xFF, 0xFF, 0xFF, 0xFF, 0xFF, 0xFF, 0xFF, 0xF5, 0x00, 0x00, 0x00, 0x00, 0x00, 0x00, 0x03, 0xCF,
    0xFF, 0xFF, 0xFF, 0xFF, 0xFF, 0xFF, 0xFF, 0xFF, 0xFF, 0xFC, 0x50, 0x00, 0x00, 0x00, 0x00, 0x00,
    0x00, 0x00, 0x05, 0xBF, 0xFF, 0xFF, 0xFF, 0xFF, 0xFF, 0xFF, 0xFF, 0xC8, 0x30, 0x00, 0x00, 0x00,
    0x00, 0x00, 0x00, 0x00, 0x00, 0x00, 0x01, 0x58, 0xBD, 0xEF, 0xFE, 0xDC, 0xA8, 0x52, 0x00, 0x00,
    0x00, 0x00, 0x00, 0x00, 0x4F, 0xFF, 0xFF, 0xFF, 0xFF, 0xFF, 0xFF, 0xFF, 0xFF, 0x90, 0x00, 0x00,
    0x00, 0x00, 0x00, 0x00, 0x00, 0x00, 0x00, 0x4F, 0xFF, 0xFF, 0xFF, 0xFF, 0xFF, 0xFF, 0xFF, 0xFF,
    0x90, 0x00, 0x00, 0x00, 0x00, 0x00, 0x00, 0x00, 0x00, 0x00, 0x4F, 0xFF, 0xFF, 0xFF, 0xFF, 0xFF,
    0xFF, 0xFF, 0xFF, 0x90, 0x00, 0x00, 0x00, 0x00, 0x00, 0x00, 0x00, 0x00, 0x00, 0x4F, 0xFF, 0xFF,
    0xFF, 0xFF, 0xFF, 0xFF, 0xFF, 0xFF, 0x90, 0x00, 0x00, 0x00, 0x00, 0x00, 0x00, 0x00, 0x00, 0x00,
    0x4F, 0xFF, 0xFF, 0xFF, 0xFF, 0xFF, 0xFF, 0xFF, 0xFF, 0x90, 0x00, 0x00, 0x00, 0x00, 0x00, 0x00,
    0x00, 0x00, 0x00, 0x4F, 0xFF, 0xFF, 0xFF, 0xFF, 0xFF, 0xFF, 0xFF, 0xFF, 0x90, 0x00, 0x00, 0x00,
    0x00, 0x00, 0x00, 0x00, 0x00, 0x00, 0x4F, 0xFF, 0xFF, 0xFF, 0xFF, 0xFF, 0xFF, 0xFF, 0xFF, 0x90,
    0x00, 0x00, 0x00, 0x00, 0x00, 0x00, 0x00, 0x00, 0x00, 0x00, 0x00, 0x00, 0x00, 0x04, 0xFF, 0xFF,
    0xFF, 0xFF, 0x90, 0x00, 0x00, 0x00, 0x00, 0x00, 0x00, 0x00, 0x00, 0x00, 0x00, 0x00, 0x00, 0x00,
    0x04, 0xFF, 0xFF, 0xFF, 0xFF, 0x90, 0x00, 0x00, 0x00, 0x00, 0x00, 0x00, 0x00, 0x00, 0x00, 0x00,
    0x00, 0x00, 0x00, 0x04, 0xFF, 0xFF, 0xFF, 0xFF, 0x90, 0x00, 0x00, 0x00, 0x00, 0x00, 0x00, 0x00,
    0x00, 0x00, 0x00, 0x00, 0x00, 0x00, 0x04, 0xFF, 0xFF, 0xFF, 0xFF, 0x90, 0x00, 0x00, 0x00, 0x00,
    0x00, 0x00, 0x00, 0x00, 0x00, 0x00, 0x00, 0x00, 0x00, 0x04, 0xFF, 0xFF, 0xFF, 0xFF, 0x90, 0x00,
    0x00, 0x00, 0x00, 0x00, 0x00, 0x00, 0x00, 0x00, 0x00, 0x00, 0x00, 0x00, 0x04, 0xFF, 0xFF, 0xFF,
    0xFF, 0x90, 0x00, 0x00, 0x00, 0x00, 0x00, 0x00, 0x00, 0x00, 0x00, 0x00, 0x00, 0x00, 0x00, 0x04,
    0xFF, 0xFF, 0xFF, 0xFF, 0x90, 0x00, 0x00, 0x00, 0x00, 0x00, 0x00, 0x00, 0x00, 0x00, 0x00, 0x00,
    0x00, 0x00, 0x04, 0xFF, 0xFF, 0xFF, 0xFF, 0x90, 0x00, 0x00, 0x00, 0x00, 0x00, 0x00, 0x00, 0x00,
    0x00, 0x00, 0x00, 0x00, 0x00, 0x04, 0xFF, 0xFF, 0xFF, 0xFF, 0x90, 0x00, 0x00, 0x00, 0x00, 0x00,
    0x00, 0x00, 0x00, 0x00, 0x00, 0x00, 0x00, 0x00, 0x04, 0xFF, 0xFF, 0xFF, 0xFF, 0x90, 0x00, 0x00,
    0x00, 0x00, 0x00, 0x00, 0x00, 0x00, 0x00, 0x00, 0x00, 0x00, 0x00, 0x04, 0xFF, 0xFF, 0xFF, 0xFF,
    0x90, 0x00, 0x00, 0x00, 0x00, 0x00, 0x00, 0x00, 0x00, 0x00, 0x00, 0x00, 0x00, 0x00, 0x04, 0xFF,
    0xFF, 0xFF, 0xFF, 0x90, 0x00, 0x00, 0x00, 0x00, 0x00, 0x00, 0x00, 0x00, 0x00, 0x00, 0x00, 0x00,
    0x00, 0x04, 0xFF, 0xFF, 0xFF, 0xFF, 0x90, 0x00, 0x00, 0x00, 0x00, 0x00, 0x00, 0x00, 0x00, 0x00,
    0x00, 0x00, 0x00, 0x00, 0x04, 0xFF, 0xFF, 0xFF, 0xFF, 0x90, 0x00, 0x00, 0x00, 0x00, 0x00, 0x00,
    0x00, 0x00, 0x00, 0x00, 0x00, 0x00, 0x00, 0x04, 0xFF, 0xFF, 0xFF, 0xFF, 0x90, 0x00, 0x00, 0x00,
    0x00, 0x00, 0x00, 0x00, 0x00, 0x00, 0x00, 0x00, 0x00, 0x00, 0x04, 0xFF, 0xFF, 0xFF, 0xFF, 0x90,
    0x00, 0x00, 0x00, 0x00, 0x00, 0x00, 0x00, 0x00, 0x00, 0x00, 0x00, 0x00, 0x00, 0x04, 0xFF, 0xFF,
    0xFF, 0xFF, 0x90, 0x00, 0x00, 0x00, 0x00, 0x00, 0x00, 0x00, 0x00, 0x00, 0x00, 0x00, 0x00, 0x00,
    0x04, 0xFF, 0xFF, 0xFF, 0xFF, 0x90, 0x00, 0x00, 0x00, 0x00, 0x00, 0x00, 0x00, 0x00, 0x00, 0x00,
    0x00, 0x00, 0x00, 0x04, 0xFF, 0xFF, 0xFF, 0xFF, 0x90, 0x00, 0x00, 0x00, 0x00, 0x00, 0x00, 0x00,
    0x00, 0x00, 0x00, 0x00, 0x00, 0x00, 0x04, 0xFF, 0xFF, 0xFF, 0xFF, 0x90, 0x00, 0x00, 0x00, 0x00,
    0x00, 0x00, 0x00, 0x00, 0x00, 0x00, 0x00, 0x00, 0x00, 0x04, 0xFF, 0xFF, 0xFF, 0xFF, 0x90, 0x00,
    0x00, 0x00, 0x00, 0x00, 0x00, 0x00, 0x00, 0x00, 0x00, 0x00, 0x00, 0x00, 0x04, 0xFF, 0xFF, 0xFF,
    0xFF, 0x90, 0x00, 0x00, 0x00, 0x00, 0x00, 0x00, 0x00, 0x00, 0x00, 0x00, 0x00, 0x00, 0x00, 0x04,
    0xFF, 0xFF, 0xFF, 0xFF, 0x90, 0x00, 0x00, 0x00, 0x00, 0x00, 0x00, 0x00, 0x00, 0x00, 0x00, 0x00,
    0x00, 0x00, 0x04, 0xFF, 0xFF, 0xFF, 0xFF, 0x90, 0x00, 0x00, 0x00, 0x00, 0x00, 0x00, 0x00, 0x00,
    0x00, 0x00, 0x00, 0x00, 0x00, 0x04, 0xFF, 0xFF, 0xFF, 0xFF, 0x90, 0x00, 0x00, 0x00, 0x00, 0x00,
    0x00, 0x00, 0x00, 0x00, 0x00, 0x00, 0x00, 0x00, 0x04, 0xFF, 0xFF, 0xFF, 0xFF, 0x90, 0x00, 0x00,
    0x00, 0x00, 0x00, 0x00, 0x00, 0x00, 0x00, 0x00, 0x00, 0x00, 0x00, 0x04, 0xFF, 0xFF, 0xFF, 0xFF,
    0x90, 0x00, 0x00, 0x00, 0x00, 0x00, 0x00, 0x00, 0x00, 0x00, 0x00, 0x00, 0x00, 0x00, 0x04, 0xFF,
    0xFF, 0xFF, 0xFF, 0xA0, 0x00, 0x00, 0x00, 0x00, 0x00, 0x00, 0x00, 0x00, 0x00, 0x00, 0x00, 0x00,
    0x00, 0x03, 0xFF, 0xFF, 0xFF, 0xFF, 0xC0, 0x00, 0x00, 0x00, 0x00, 0x00, 0x00, 0x00, 0x00, 0x00,
    0x00, 0x00, 0x00, 0x00, 0x01, 0xFF, 0xFF, 0xFF, 0xFF, 0xF1, 0x00, 0x00, 0x00, 0x00, 0x00, 0x00,
    0x00, 0x00, 0x00, 0x00, 0x00, 0x00, 0x00, 0x00, 0xEF, 0xFF, 0xFF, 0xFF, 0xF5, 0x00, 0x00, 0x00,
    0x00, 0x00, 0x00, 0x00, 0x00, 0x00, 0x00, 0x00, 0x00, 0x00, 0x00, 0xCF, 0xFF, 0xFF, 0xFF, 0xFD,
    0x20, 0x00, 0x00, 0x00, 0x00, 0x00, 0x00, 0x00, 0x00, 0x00, 0x00, 0x00, 0x00, 0x00, 0x8F, 0xFF,
    0xFF, 0xFF, 0xFF, 0xE7, 0x21, 0x00, 0x00, 0x00, 0x00, 0x00, 0x00, 0x00, 0x00, 0x00, 0x00, 0x00,
    0x00, 0x4F, 0xFF, 0xFF, 0xFF, 0xFF, 0xFF, 0xFF, 0xFF, 0xFF, 0xFF, 0xF2, 0x00, 0x00, 0x00, 0x00,
    0x00, 0x00, 0x00, 0x00, 0x0D, 0xFF, 0xFF, 0xFF, 0xFF, 0xFF, 0xFF, 0xFF, 0xFF, 0xFF, 0xF2, 0x00,
    0x00, 0x00, 0x00, 0x00, 0x00, 0x00, 0x00, 0x05, 0xFF, 0xFF, 0xFF, 0xFF, 0xFF, 0xFF, 0xFF, 0xFF,
    0xFF, 0xF2, 0x00, 0x00, 0x00, 0x00, 0x00, 0x00, 0x00, 0x00, 0x00, 0xAF, 0xFF, 0xFF, 0xFF, 0xFF,
    0xFF, 0xFF, 0xFF, 0xFF, 0xF2, 0x00, 0x00, 0x00, 0x00, 0x00, 0x00, 0x00, 0x00, 0x00, 0x0A, 0xFF,
    0xFF, 0xFF, 0xFF, 0xFF, 0xFF, 0xFF, 0xFF, 0xF2, 0x00, 0x00, 0x00, 0x00, 0x00, 0x00, 0x00, 0x00,
    0x00, 0x00, 0x6D, 0xFF, 0xFF, 0xFF, 0xFF, 0xFF, 0xFF, 0xFF, 0xF2, 0x00, 0x00, 0x00, 0x00, 0x00,
    0x00, 0x00, 0x00, 0x00, 0x00, 0x00, 0x48, 0xBD, 0xEF, 0xFF, 0xFF, 0xFF, 0xFF, 0xF2, 0x00, 0x00,
    0x00, 0x00, 0x00, 0x00, 0x00, 0x00, 0x04, 0x8B, 0xDE, 0xFE, 0xEC, 0x95, 0x10, 0x00, 0x00, 0x00,
    0x00, 0x00, 0x00, 0x00, 0x00, 0x00, 0x00, 0x00, 0x07, 0xDF, 0xFF, 0xFF, 0xFF, 0xFF, 0xFF, 0xE9,
    0x20, 0x00, 0x00, 0x00, 0x00, 0x00, 0x00, 0x00, 0x00, 0x00, 0x04, 0xDF, 0xFF, 0xFF, 0xFF, 0xFF,
    0xFF, 0xFF, 0xFF, 0xE7, 0x00, 0x00, 0x00, 0x00, 0x00, 0x00, 0x00, 0x00, 0x00, 0x6F, 0xFF, 0xFF,
    0xFF, 0xFF, 0xFF, 0xFF, 0xFF, 0xFF, 0xFF, 0xA1, 0x00, 0x00, 0x00, 0x00, 0x00, 0x00, 0x00, 0x06,
    0xFF, 0xFF, 0xFF, 0xFF, 0xFF, 0xFF, 0xFF, 0xFF, 0xFF, 0xFF, 0xFB, 0x00, 0x00, 0x00, 0x00, 0x00,
    0x00, 0x00, 0x4F, 0xFF, 0xFF, 0xFF, 0xFF, 0xFF, 0xFF, 0xFF, 0xFF, 0xFF, 0xFF, 0xFF, 0x90, 0x00,
    0x00, 0x00, 0x00, 0x00, 0x01, 0xEF, 0xFF, 0xFF, 0xFF, 0xFF, 0xFF, 0xFF, 0xFF, 0xFF, 0xFF, 0xFF,
    0xFF, 0xF5, 0x00, 0x00, 0x00, 0x00, 0x00, 0x09, 0xFF, 0xFF, 0xFF, 0xFF, 0xFD, 0x72, 0x02, 0x5B,
    0xFF, 0xFF, 0xFF, 0xFF, 0xFE, 0x10, 0x00, 0x00, 0x00, 0x00, 0x2F, 0xFF, 0xFF, 0xFF, 0xFF, 0xC1,
    0x00, 0x00, 0x00, 0x8F, 0xFF, 0xFF, 0xFF, 0xFF, 0x70, 0x00, 0x00, 0x00, 0x00, 0x9F, 0xFF, 0xFF,
    0xFF, 0xFD, 0x10, 0x00, 0x00, 0x00, 0x0A, 0xFF, 0xFF, 0xFF, 0xFF, 0xD0, 0x00, 0x00, 0x00, 0x00,
    0xEF, 0xFF, 0xFF, 0xFF, 0xF5, 0x00, 0x00, 0x00, 0x00, 0x01, 0xEF, 0xFF, 0xFF, 0xFF, 0xF4, 0x00,
    0x00, 0x00, 0x03, 0xFF, 0xFF, 0xFF, 0xFF, 0xD0, 0x00, 0x00, 0x00, 0x00, 0x00, 0x8F, 0xFF, 0xFF,
    0xFF, 0xF8, 0x00, 0x00, 0x00, 0x07, 0xFF, 0xFF, 0xFF, 0xFF, 0x80, 0x00, 0x00, 0x00, 0x00, 0x00,
    0x4F, 0xFF, 0xFF, 0xFF, 0xFC, 0x00, 0x00, 0x00, 0x0A, 0xFF, 0xFF, 0xFF, 0xFF, 0x40, 0x00, 0x00,
    0x00, 0x00, 0x00, 0x0E, 0xFF, 0xFF, 0xFF, 0xFF, 0x00, 0x00, 0x00, 0x0C, 0xFF, 0xFF, 0xFF, 0xFF,
    0x20, 0x00, 0x00, 0x00, 0x00, 0x00, 0x0C, 0xFF, 0xFF, 0xFF, 0xFF, 0x20, 0x00, 0x00, 0x0E, 0xFF,
    0xFF, 0xFF, 0xFF, 0x00, 0x00, 0x00, 0x00, 0x00, 0x00, 0x0A, 0xFF, 0xFF, 0xFF, 0xFF, 0x40, 0x00,
    0x00, 0x0F, 0xFF, 0xFF, 0xFF, 0xFE, 0x00, 0x00, 0x00, 0x00, 0x00, 0x00, 0x09, 0xFF, 0xFF, 0xFF,
    0xFF, 0x50, 0x00, 0x00, 0x0F, 0xFF, 0xFF, 0xFF, 0xFD, 0x00, 0x00, 0x00, 0x00, 0x00, 0x00, 0x08,
    0xFF, 0xFF, 0xFF, 0xFF, 0x50, 0x00, 0x00, 0x0F, 0xFF, 0xFF, 0xFF, 0xFD, 0x00, 0x00, 0x00, 0x00,
    0x00, 0x00, 0x08, 0xFF, 0xFF, 0xFF, 0xFF, 0x50, 0x00, 0x00, 0x0F, 0xFF, 0xFF, 0xFF, 0xFE, 0x00,
    0x00, 0x00, 0x00, 0x00, 0x00, 0x09, 0xFF, 0xFF, 0xFF, 0xFF, 0x50, 0x00, 0x00, 0x0E, 0xFF, 0xFF,
    0xFF, 0xFF, 0x00, 0x00, 0x00, 0x00, 0x00, 0x00, 0x0A, 0xFF, 0xFF, 0xFF, 0xFF, 0x40, 0x00, 0x00,
    0x0C, 0xFF, 0xFF, 0xFF, 0xFF, 0x20, 0x00, 0x00, 0x00, 0x00, 0x00, 0x0C, 0xFF, 0xFF, 0xFF, 0xFF,
    0x20, 0x00, 0x00, 0x0A, 0xFF, 0xFF, 0xFF, 0xFF, 0x40, 0x00, 0x00, 0x00, 0x00, 0x00, 0x0E, 0xFF,
    0xFF, 0xFF, 0xFF, 0x00, 0x00, 0x00, 0x07, 0xFF, 0xFF, 0xFF, 0xFF, 0x80, 0x00, 0x00, 0x00, 0x00,
    0x00, 0x4F, 0xFF, 0xFF, 0xFF, 0xFC, 0x00, 0x00, 0x00, 0x03, 0xFF, 0xFF, 0xFF, 0xFF, 0xD0, 0x00,
    0x00, 0x00, 0x00, 0x00, 0x8F, 0xFF, 0xFF, 0xFF, 0xF8, 0x00, 0x00, 0x00, 0x00, 0xEF, 0xFF, 0xFF,
    0xFF, 0xF5, 0x00, 0x00, 0x00, 0x00, 0x01, 0xEF, 0xFF, 0xFF, 0xFF, 0xF4, 0x00, 0x00, 0x00, 0x00,
    0x9F, 0xFF, 0xFF, 0xFF, 0xFD, 0x10, 0x00, 0x00, 0x00, 0x0A, 0xFF, 0xFF, 0xFF, 0xFF, 0xD0, 0x00,
    0x00, 0x00, 0x00, 0x2F, 0xFF, 0xFF, 0xFF, 0xFF, 0xC1, 0x00, 0x00, 0x00, 0x8F, 0xFF, 0xFF, 0xFF,
    0xFF, 0x70, 0x00, 0x00, 0x00, 0x00, 0x09, 0xFF, 0xFF, 0xFF, 0xFF, 0xFD, 0x72, 0x01, 0x5B, 0xFF,
    0xFF, 0xFF, 0xFF, 0xFE, 0x10, 0x00, 0x00, 0x00, 0x00, 0x01, 0xEF, 0xFF, 0xFF, 0xFF, 0xFF, 0xFF,
    0xFF, 0xFF, 0xFF, 0xFF, 0xFF, 0xFF, 0xF5, 0x00, 0x00, 0x00, 0x00, 0x00, 0x00, 0x5F, 0xFF, 0xFF,
    0xFF, 0xFF, 0xFF, 0xFF, 0xFF, 0xFF, 0xFF, 0xFF, 0xFF, 0x90, 0x00, 0x00, 0x00, 0x00, 0x00, 0x00,
    0x07, 0xFF, 0xFF, 0xFF, 0xFF, 0xFF, 0xFF, 0xFF, 0xFF, 0xFF, 0xFF, 0xFB, 0x00, 0x00, 0x00, 0x00,
    0x00, 0x00, 0x00, 0x00, 0x6F, 0xFF, 0xFF, 0xFF, 0xFF, 0xFF, 0xFF, 0xFF, 0xFF, 0xFF, 0xA1, 0x00,
    0x00, 0x00, 0x00, 0x00, 0x00, 0x00, 0x00, 0x04, 0xDF, 0xFF, 0xFF, 0xFF, 0xFF, 0xFF, 0xFF, 0xFF,
    0xF7, 0x00, 0x00, 0x00, 0x00, 0x00, 0x00, 0x00, 0x00, 0x00, 0x00, 0x17, 0xDF, 0xFF, 0xFF, 0xFF,
    0xFF, 0xFF, 0xE9, 0x20, 0x00, 0x00, 0x00, 0x00, 0x00, 0x00, 0x00, 0x00, 0x00, 0x00, 0x00, 0x04,
    0x8B, 0xDE, 0xFF, 0xEC, 0x95, 0x10, 0x00, 0x00, 0x00, 0x00, 0x00, 0x00, 0x00, 0x00, 0x00, 0x00,
    0x00, 0x00, 0x00, 0x00, 0x00, 0x49, 0xDE, 0xFE, 0xC9, 0x40, 0x00, 0x00, 0x00, 0x00, 0x00, 0x00,
    0x00, 0x7F, 0xFF, 0xFF, 0xFF, 0xF6, 0x00, 0x3C, 0xFF, 0xFF, 0xFF, 0xFF, 0xFC, 0x30, 0x00, 0x00,
    0x00, 0x00, 0x00, 0x00, 0x7F, 0xFF, 0xFF, 0xFF, 0xF6, 0x05, 0xFF, 0xFF, 0xFF, 0xFF, 0xFF, 0xFF,
    0xF6, 0x00, 0x00, 0x00, 0x00, 0x00, 0x00, 0x7F, 0xFF, 0xFF, 0xFF, 0xF6, 0x3F, 0xFF, 0xFF, 0xFF,
    0xFF, 0xFF, 0xFF, 0xFF, 0x60, 0x00, 0x00, 0x00, 0x00, 0x00, 0x7F, 0xFF, 0xFF, 0xFF, 0xF6, 0xDF,
    0xFF, 0xFF, 0xFF, 0xFF, 0xFF, 0xFF, 0xFF, 0xF3, 0x00, 0x00, 0x00, 0x00, 0x00, 0x7F, 0xFF, 0xFF,
    0xFF, 0xFD, 0xFF, 0xFF, 0xFF, 0xFF, 0xFF, 0xFF, 0xFF, 0xFF, 0xFC, 0x00, 0x00, 0x00, 0x00, 0x00,
    0x7F, 0xFF, 0xFF, 0xFF, 0xFF, 0xFF, 0xFF, 0xFF, 0xFF, 0xFF, 0xFF, 0xFF, 0xFF, 0xFF, 0x50, 0x00,
    0x00, 0x00, 0x00, 0x7F, 0xFF, 0xFF, 0xFF, 0xFF, 0xFF, 0xE8, 0x20, 0x27, 0xEF, 0xFF, 0xFF, 0xFF,
    0xFF, 0xD0, 0x00, 0x00, 0x00, 0x00, 0x7F, 0xFF, 0xFF, 0xFF, 0xFF, 0xFE, 0x30, 0x00, 0x00, 0x2D,
    0xFF, 0xFF, 0xFF, 0xFF, 0xF3, 0x00, 0x00, 0x00, 0x00, 0x7F, 0xFF, 0xFF, 0xFF, 0xFF, 0xF5, 0x00,
    0x00, 0x00, 0x03, 0xFF, 0xFF, 0xFF, 0xFF, 0xF8, 0x00, 0x00, 0x00, 0x00, 0x7F, 0xFF, 0xFF, 0xFF,
    0xFF, 0xC0, 0x00, 0x00, 0x00, 0x00, 0xAF, 0xFF, 0xFF, 0xFF, 0xFC, 0x00, 0x00, 0x00, 0x00, 0x7F,
    0xFF, 0xFF, 0xFF, 0xFF, 0x50, 0x00, 0x00, 0x00, 0x00, 0x3F, 0xFF, 0xFF, 0xFF, 0xFF, 0x00, 0x00,
    0x00, 0x00, 0x7F, 0xFF, 0xFF, 0xFF, 0xFF, 0x10, 0x00, 0x00, 0x00, 0x00, 0x0E, 0xFF, 0xFF, 0xFF,
    0xFF, 0x20, 0x00, 0x00, 0x00, 0x7F, 0xFF, 0xFF, 0xFF, 0xFC, 0x00, 0x00, 0x00, 0x00, 0x00, 0x0A,
    0xFF, 0xFF, 0xFF, 0xFF, 0x50, 0x00, 0x00, 0x00, 0x7F, 0xFF, 0xFF, 0xFF, 0xF9, 0x00, 0x00, 0x00,
    0x00, 0x00, 0x08, 0xFF, 0xFF, 0xFF, 0xFF, 0x60, 0x00, 0x00, 0x00, 0x7F, 0xFF, 0xFF, 0xFF, 0xF7,
    0x00, 0x00, 0x00, 0x00, 0x00, 0x06, 0xFF, 0xFF, 0xFF, 0xFF, 0x70, 0x00, 0x00, 0x00, 0x7F, 0xFF,
    0xFF, 0xFF, 0xF7, 0x00, 0x00, 0x00, 0x00, 0x00, 0x05, 0xFF, 0xFF, 0xFF, 0xFF, 0x80, 0x00, 0x00,
    0x00, 0x7F, 0xFF, 0xFF, 0xFF, 0xF6, 0x00, 0x00, 0x00, 0x00, 0x00, 0x04, 0xFF, 0xFF, 0xFF, 0xFF,
    0x90, 0x00, 0x00, 0x00, 0x7F, 0xFF, 0xFF, 0xFF, 0xF6, 0x00, 0x00, 0x00, 0x00, 0x00, 0x04, 0xFF,
    0xFF, 0xFF, 0xFF, 0x90, 0x00, 0x00, 0x00, 0x7F, 0xFF, 0xFF, 0xFF, 0xF7, 0x00, 0x00, 0x00, 0x00,
    0x00, 0x05, 0xFF, 0xFF, 0xFF, 0xFF, 0x80, 0x00, 0x00, 0x00, 0x7F, 0xFF, 0xFF, 0xFF, 0xF7, 0x00,
    0x00, 0x00, 0x00, 0x00, 0x06, 0xFF, 0xFF, 0xFF, 0xFF, 0x70, 0x00, 0x00, 0x00, 0x7F, 0xFF, 0xFF,
    0xFF, 0xF9, 0x00, 0x00, 0x00, 0x00, 0x00, 0x08, 0xFF, 0xFF, 0xFF, 0xFF, 0x60, 0x00, 0x00, 0x00,
    0x7F, 0xFF, 0xFF, 0xFF, 0xFC, 0x00, 0x00, 0x00, 0x00, 0x00, 0x0A, 0xFF, 0xFF, 0xFF, 0xFF, 0x50,
    0x00, 0x00, 0x00, 0x7F, 0xFF, 0xFF, 0xFF, 0xFF, 0x10, 0x00, 0x00, 0x00, 0x00, 0x0E, 0xFF, 0xFF,
    0xFF, 0xFF, 0x20, 0x00, 0x00, 0x00, 0x7F, 0xFF, 0xFF, 0xFF, 0xFF, 0x50, 0x00, 0x00, 0x00, 0x00,
    0x3F, 0xFF, 0xFF, 0xFF, 0xFF, 0x00, 0x00, 0x00, 0x00, 0x7F, 0xFF, 0xFF, 0xFF, 0xFF, 0xC0, 0x00,
    0x00, 0x00, 0x00, 0xAF, 0xFF, 0xFF, 0xFF, 0xFC, 0x00, 0x00, 0x00, 0x00, 0x7F, 0xFF, 0xFF, 0xFF,
    0xFF, 0xF5, 0x00, 0x00, 0x00, 0x03, 0xFF, 0xFF, 0xFF, 0xFF, 0xF8, 0x00, 0x00, 0x00, 0x00, 0x7F,
    0xFF, 0xFF, 0xFF, 0xFF, 0xFE, 0x30, 0x00, 0x00, 0x2D, 0xFF, 0xFF, 0xFF, 0xFF, 0xF3, 0x00, 0x00,
    0x00, 0x00, 0x7F, 0xFF, 0xFF, 0xFF, 0xFF, 0xFF, 0xE8, 0x20, 0x26, 0xEF, 0xFF, 0xFF, 0xFF, 0xFF,
    0xD0, 0x00, 0x00, 0x00, 0x00, 0x7F, 0xFF, 0xFF, 0xFF, 0xFF, 0xFF, 0xFF, 0xFF, 0xFF, 0xFF, 0xFF,
    0xFF, 0xFF, 0xFF, 0x50, 0x00, 0x00, 0x00, 0x00, 0x7F, 0xFF, 0xFF, 0xFF, 0xFE, 0xFF, 0xFF, 0xFF,
    0xFF, 0xFF, 0xFF, 0xFF, 0xFF, 0xFC, 0x00, 0x00, 0x00, 0x00, 0x00, 0x7F, 0xFF, 0xFF, 0xFF, 0xF7,
    0xEF, 0xFF, 0xFF, 0xFF, 0xFF, 0xFF, 0xFF, 0xFF, 0xF3, 0x00, 0x00, 0x00, 0x00, 0x00, 0x7F, 0xFF,
    0xFF, 0xFF, 0xF6, 0x4F, 0xFF, 0xFF, 0xFF, 0xFF, 0xFF, 0xFF, 0xFF, 0x60, 0x00, 0x00, 0x00, 0x00,
    0x00, 0x7F, 0xFF, 0xFF, 0xFF, 0xF6, 0x05, 0xFF, 0xFF, 0xFF, 0xFF, 0xFF, 0xFF, 0xF6, 0x00, 0x00,
    0x00, 0x00, 0x00, 0x00, 0x7F, 0xFF, 0xFF, 0xFF, 0xF6, 0x00, 0x3C, 0xFF, 0xFF, 0xFF, 0xFF, 0xFB,
    0x30, 0x00, 0x00, 0x00, 0x00, 0x00, 0x00, 0x7F, 0xFF, 0xFF, 0xFF, 0xF6, 0x00, 0x00, 0x5A, 0xDF,
    0xFE, 0xC8, 0x30, 0x00, 0x00, 0x00, 0x00, 0x00, 0x00, 0x00, 0x7F, 0xFF, 0xFF, 0xFF, 0xF6, 0x00,
    0x00, 0x00, 0x00, 0x00, 0x00, 0x00, 0x00, 0x00, 0x00, 0x00, 0x00, 0x00, 0x00, 0x7F, 0xFF, 0xFF,
    0xFF, 0xF6, 0x00, 0x00, 0x00, 0x00, 0x00, 0x00, 0x00, 0x00, 0x00, 0x00, 0x00, 0x00, 0x00, 0x00,
    0x7F, 0xFF, 0xFF, 0xFF, 0xF6, 0x00, 0x00, 0x00, 0x00, 0x00, 0x00, 0x00, 0x00, 0x00, 0x00, 0x00,
    0x00, 0x00, 0x00, 0x7F, 0xFF, 0xFF, 0xFF, 0xF6, 0x00, 0x00, 0x00, 0x00, 0x00, 0x00, 0x00, 0x00,
    0x00, 0x00, 0x00, 0x00, 0x00, 0x00, 0x7F, 0xFF, 0xFF, 0xFF, 0xF6, 0x00, 0x00, 0x00, 0x00, 0x00,
    0x00, 0x00, 0x00, 0x00, 0x00, 0x00, 0x00, 0x00, 0x00, 0x7F, 0xFF, 0xFF, 0xFF, 0xF6, 0x00, 0x00,
    0x00, 0x00, 0x00, 0x00, 0x00, 0x00, 0x00, 0x00, 0x00, 0x00, 0x00, 0x00, 0x7F, 0xFF, 0xFF, 0xFF,
    0xF6, 0x00, 0x00, 0x00, 0x00, 0x00, 0x00, 0x00, 0x00, 0x00, 0x00, 0x00, 0x00, 0x00, 0x00, 0x7F,
    0xFF, 0xFF, 0xFF, 0xF6, 0x00, 0x00, 0x00, 0x00, 0x00, 0x00, 0x00, 0x00, 0x00, 0x00, 0x00, 0x00,
    0x00, 0x00, 0x7F, 0xFF, 0xFF, 0xFF, 0xF6, 0x00, 0x00, 0x00, 0x00, 0x00, 0x00, 0x00, 0x00, 0x00,
    0x00, 0x00, 0x00, 0x00, 0x00, 0x7F, 0xFF, 0xFF, 0xFF, 0xF6, 0x00, 0x00, 0x00, 0x00, 0x00, 0x00,
    0x00, 0x00, 0x00, 0x00, 0x00, 0x00, 0x00, 0x00, 0x7F, 0xFF, 0xFF, 0xFF, 0xF6, 0x00, 0x00, 0x00,
    0x00, 0x00, 0x00, 0x00, 0x00, 0x00, 0x00, 0x00, 0x00, 0x00, 0x00, 0x7F, 0xFF, 0xFF, 0xFF, 0xF6,
    0x00, 0x00, 0x00, 0x00, 0x00, 0x00, 0x00, 0x00, 0x00, 0x00, 0x00, 0x00, 0x00, 0x00, 0x00, 0x00,
    0x00, 0x00, 0x00, 0x00, 0x00, 0x00, 0x00, 0x04, 0x9C, 0xEF, 0xED, 0xB7, 0x20, 0x00, 0x00, 0x00,
    0x00, 0x00, 0x00, 0x3F, 0xFF, 0xFF, 0xFF, 0xFA, 0x00, 0x05, 0xDF, 0xFF, 0xFF, 0xFF, 0xFF, 0xFB,
    0x30, 0x00, 0x00, 0x00, 0x00, 0x00, 0x3F, 0xFF, 0xFF, 0xFF, 0xFA, 0x01, 0xAF, 0xFF, 0xFF, 0xFF,
    0xFF, 0xFF, 0xFF, 0xD0, 0x00, 0x00, 0x00, 0x00, 0x00, 0x3F, 0xFF, 0xFF, 0xFF, 0xFA, 0x0B, 0xFF,
    0xFF, 0xFF, 0xFF, 0xFF, 0xFF, 0xFF, 0xD0, 0x00, 0x00, 0x00, 0x00, 0x00, 0x3F, 0xFF, 0xFF, 0xFF,
    0xFA, 0x9F, 0xFF, 0xFF, 0xFF, 0xFF, 0xFF, 0xFF, 0xFF, 0xD0, 0x00, 0x00, 0x00, 0x00, 0x00, 0x3F,
    0xFF, 0xFF, 0xFF, 0xFD, 0xFF, 0xFF, 0xFF, 0xFF, 0xFF, 0xFF, 0xFF, 0xFF, 0xD0, 0x00, 0x00, 0x00,
    0x00, 0x00, 0x3F, 0xFF, 0xFF, 0xFF, 0xFF, 0xFF, 0xFF, 0xFF, 0xFF, 0xFF, 0xFF, 0xFF, 0xFF, 0xD0,
    0x00, 0x00, 0x00, 0x00, 0x00, 0x3F, 0xFF, 0xFF, 0xFF, 0xFF, 0xFF, 0xFF, 0xE8, 0x42, 0x00, 0x23,
    0x7C, 0xFF, 0xD0, 0x00, 0x00, 0x00, 0x00, 0x00, 0x3F, 0xFF, 0xFF, 0xFF, 0xFF, 0xFF, 0xF8, 0x00,
    0x00, 0x00, 0x00, 0x00, 0x4D, 0xD0, 0x00, 0x00, 0x00, 0x00, 0x00, 0x3F, 0xFF, 0xFF, 0xFF, 0xFF,
    0xFF, 0x40, 0x00, 0x00, 0x00, 0x00, 0x00, 0x01, 0x80, 0x00, 0x00, 0x00, 0x00, 0x00, 0x3F, 0xFF,
    0xFF, 0xFF, 0xFF, 0xF6, 0x00, 0x00, 0x00, 0x00, 0x00, 0x00, 0x00, 0x00, 0x00, 0x00, 0x00, 0x00,
    0x00, 0x3F, 0xFF, 0xFF, 0xFF, 0xFF, 0xB0, 0x00, 0x00, 0x00, 0x00, 0x00, 0x00, 0x00, 0x00, 0x00,
    0x00, 0x00, 0x00, 0x00, 0x3F, 0xFF, 0xFF, 0xFF, 0xFF, 0x50, 0x00, 0x00, 0x00, 0x00, 0x00, 0x00,
    0x00, 0x00, 0x00, 0x00, 0x00, 0x00, 0x00, 0x3F, 0xFF, 0xFF, 0xFF, 0xFF, 0x10, 0x00, 0x00, 0x00,
    0x00, 0x00, 0x00, 0x00, 0x00, 0x00, 0x00, 0x00, 0x00, 0x00, 0x3F, 0xFF, 0xFF, 0xFF, 0xFD, 0x00,
    0x00, 0x00, 0x00, 0x00, 0x00, 0x00, 0x00, 0x00, 0x00, 0x00, 0x00, 0x00, 0x00, 0x3F, 0xFF, 0xFF,
    0xFF, 0xFC, 0x00, 0x00, 0x00, 0x00, 0x00, 0x00, 0x00, 0x00, 0x00, 0x00, 0x00, 0x00, 0x00, 0x00,
    0x3F, 0xFF, 0xFF, 0xFF, 0xFB, 0x00, 0x00, 0x00, 0x00, 0x00, 0x00, 0x00, 0x00, 0x00, 0x00, 0x00,
    0x00, 0x00, 0x00, 0x3F, 0xFF, 0xFF, 0xFF, 0xFB, 0x00, 0x00, 0x00, 0x00, 0x00, 0x00, 0x00, 0x00,
    0x00, 0x00, 0x00, 0x00, 0x00, 0x00, 0x3F, 0xFF, 0xFF, 0xFF, 0xFA, 0x00, 0x00, 0x00, 0x00, 0x00,
    0x00, 0x00, 0x00, 0x00, 0x00, 0x00, 0x00, 0x00, 0x00, 0x3F, 0xFF, 0xFF, 0xFF, 0xFA, 0x00, 0x00,
    0x00, 0x00, 0x00, 0x00, 0x00, 0x00, 0x00, 0x00, 0x00, 0x00, 0x00, 0x00, 0x3F, 0xFF, 0xFF, 0xFF,
    0xFA, 0x00, 0x00, 0x00, 0x00, 0x00, 0x00, 0x00, 0x00, 0x00, 0x00, 0x00, 0x00, 0x00, 0x00, 0x3F,
    0xFF, 0xFF, 0xFF, 0xFA, 0x00, 0x00, 0x00, 0x00, 0x00, 0x00, 0x00, 0x00, 0x00, 0x00, 0x00, 0x00,
    0x00, 0x00, 0x3F, 0xFF, 0xFF, 0xFF, 0xFA, 0x00, 0x00, 0x00, 0x00, 0x00, 0x00, 0x00, 0x00, 0x00,
    0x00, 0x00, 0x00, 0x00, 0x00, 0x3F, 0xFF, 0xFF, 0xFF, 0xFA, 0x00, 0x00, 0x00, 0x00, 0x00, 0x00,
    0x00, 0x00, 0x00, 0x00, 0x00, 0x00, 0x00, 0x00, 0x3F, 0xFF, 0xFF, 0xFF, 0xFA, 0x00, 0x00, 0x00,
    0x00, 0x00, 0x00, 0x00, 0x00, 0x00, 0x00, 0x00, 0x00, 0x00, 0x00, 0x3F, 0xFF, 0xFF, 0xFF, 0xFA,
    0x00, 0x00, 0x00, 0x00, 0x00, 0x00, 0x00, 0x00, 0x00, 0x00, 0x00, 0x00, 0x00, 0x00, 0x3F, 0xFF,
    0xFF, 0xFF, 0xFA, 0x00, 0x00, 0x00, 0x00, 0x00, 0x00, 0x00, 0x00, 0x00, 0x00, 0x00, 0x00, 0x00,
    0x00, 0x3F, 0xFF, 0xFF, 0xFF, 0xFA, 0x00, 0x00, 0x00, 0x00, 0x00, 0x00, 0x00, 0x00, 0x00, 0x00,
    0x00, 0x00, 0x00, 0x00, 0x3F, 0xFF, 0xFF, 0xFF, 0xFA, 0x00, 0x00, 0x00, 0x00, 0x00, 0x00, 0x00,
    0x00, 0x00, 0x00, 0x00, 0x00, 0x00, 0x00, 0x3F, 0xFF, 0xFF, 0xFF, 0xFA, 0x00, 0x00, 0x00, 0x00,
    0x00, 0x00, 0x00, 0x00, 0x00, 0x00, 0x00, 0x00, 0x00, 0x00, 0x3F, 0xFF, 0xFF, 0xFF, 0xFA, 0x00,
    0x00, 0x00, 0x00, 0x00, 0x00, 0x00, 0x00, 0x00, 0x00, 0x00, 0x00, 0x00, 0x00, 0x3F, 0xFF, 0xFF,
    0xFF, 0xFA, 0x00, 0x00, 0x00, 0x00, 0x00, 0x00, 0x00, 0x00, 0x00, 0x00, 0x00, 0x00, 0x00, 0x00,
    0x3F, 0xFF, 0xFF, 0xFF, 0xFA, 0x00, 0x00, 0x00, 0x00, 0x00, 0x00, 0x00, 0x00, 0x00, 0x00, 0x00,
    0x00, 0x00, 0x00, 0x3F, 0xFF, 0xFF, 0xFF, 0xFA, 0x00, 0x00, 0x00, 0x00, 0x00, 0x00, 0x00, 0x00,
    0x00, 0x00, 0x00, 0x00, 0x00, 0x00, 0x3F, 0xFF, 0xFF, 0xFF, 0xFA, 0x00, 0x00, 0x00, 0x00, 0x00,
    0x00, 0x00, 0x00, 0x00, 0x00,
};

const gfx2_glyph_t font_title_60_glyphs[10] = {
    {      0,  37,  45,    0,   13,  37 }, /* 'D' */
    {    855,  38,  45,    0,   13,  37 }, /* 'R' */
    {   1710,  37,  47,    0,   12,  37 }, /* 'S' */
    {   2603,  37,  36,    0,   23,  37 }, /* 'a' */
    {   3287,  37,  48,    0,   11,  37 }, /* 'd' */
    {   4199,  37,  36,    0,   23,  37 }, /* 'e' */
    {   4883,  37,  47,    0,   11,  37 }, /* 'l' */
    {   5776,  37,  36,    0,   23,  37 }, /* 'o' */
    {   6460,  37,  48,    0,   23,  37 }, /* 'p' */
    {   7372,  37,  35,    0,   23,  37 }, /* 'r' */
};

const gfx2_range_t font_title_60_ranges[7] = {
    { 0x0044, 0x0044, 0 },
    { 0x0052, 0x0053, 1 },
    { 0x0061, 0x0061, 3 },
    { 0x0064, 0x0065, 4 },
    { 0x006C, 0x006C, 6 },
    { 0x006F, 0x0070, 7 },
    { 0x0072, 0x0072, 9 },
};

const gfx2_font_t font_title_60 = {
    font_title_60_bitmap, font_title_60_glyphs, font_title_60_ranges,
    7, 58, 15, 73
};


/* ------------------------------------------------------------------ */
#include "font_ui_14.h"


const uint8_t font_ui_14_bitmap[6002] = {
    0x00, 0xE5, 0x00, 0x00, 0xF6, 0x00, 0x00, 0xF6, 0x00, 0x00, 0xF6, 0x00, 0x00, 0xF6, 0x00, 0x00,
    0xE5, 0x00, 0x00, 0xD4, 0x00, 0x00, 0x62, 0x00, 0x00, 0x00, 0x00, 0x00, 0xD5, 0x00, 0x00, 0xF6,
    0x00, 0x0A, 0x63, 0xD0, 0x0B, 0x63, 0xE0, 0x0B, 0x63, 0xE0, 0x0B, 0x63, 0xE0, 0x01, 0x10, 0x20,
    0x00, 0x00, 0x00, 0x00, 0x00, 0x00, 0x00, 0x00, 0x00, 0x00, 0x00, 0x00, 0x00, 0x00, 0x00, 0x00,
    0x00, 0x00, 0x00, 0x00, 0x39, 0x03, 0x90, 0x00, 0x00, 0x00, 0x79, 0x07, 0x90, 0x00, 0x00, 0x00,
    0xA6, 0x0A, 0x60, 0x00, 0x02, 0xBB, 0xEC, 0xBE, 0xCB, 0x30, 0x01, 0x67, 0xE6, 0x8E, 0x66, 0x20,
    0x00, 0x05, 0xB0, 0x5B, 0x00, 0x00, 0x02, 0x29, 0x92, 0x99, 0x21, 0x00, 0x0E, 0xFF, 0xFF, 0xFF,
    0xF7, 0x00, 0x00, 0x0E, 0x11, 0xF1, 0x00, 0x00, 0x00, 0x3C, 0x04, 0xC0, 0x00, 0x00, 0x00, 0x79,
    0x07, 0x90, 0x00, 0x00, 0x00, 0x01, 0x30, 0x00, 0x00, 0x00, 0x01, 0x80, 0x00, 0x00, 0x00, 0x49,
    0xD9, 0x50, 0x00, 0x06, 0xE8, 0xB8, 0xB0, 0x00, 0x0C, 0x61, 0x80, 0x00, 0x00, 0x0C, 0x81, 0x80,
    0x00, 0x00, 0x05, 0xFC, 0xB4, 0x00, 0x00, 0x00, 0x38, 0xEF, 0xB0, 0x00, 0x00, 0x01, 0x82, 0xE5,
    0x00, 0x00, 0x01, 0x80, 0xC6, 0x00, 0x0A, 0x53, 0x96, 0xF2, 0x00, 0x06, 0xCE, 0xFC, 0x40, 0x00,
    0x00, 0x02, 0x80, 0x00, 0x00, 0x00, 0x02, 0x80, 0x00, 0x00, 0x00, 0x00, 0x20, 0x00, 0x00, 0x00,
    0x11, 0x00, 0x00, 0x02, 0x00, 0x00, 0x06, 0xEE, 0x70, 0x00, 0x6A, 0x00, 0x00, 0x1E, 0x21, 0xE1,
    0x00, 0xD2, 0x00, 0x00, 0x3C, 0x00, 0xC4, 0x07, 0x90, 0x00, 0x00, 0x3D, 0x00, 0xD3, 0x1D, 0x10,
    0x00, 0x00, 0x0D, 0x55, 0xD0, 0x87, 0x00, 0x00, 0x00, 0x03, 0xBB, 0x32, 0xD1, 0x4A, 0x91, 0x00,
    0x00, 0x00, 0x09, 0x62, 0xE5, 0x9A, 0x00, 0x00, 0x00, 0x3D, 0x06, 0xA0, 0x1F, 0x00, 0x00, 0x00,
    0xB5, 0x06, 0x90, 0x0F, 0x10, 0x00, 0x04, 0xC0, 0x04, 0xD0, 0x3D, 0x00, 0x00, 0x0C, 0x40, 0x00,
    0xAD, 0xE5, 0x00, 0x00, 0x03, 0x00, 0x00, 0x02, 0x10, 0x00, 0x00, 0x00, 0x10, 0x00, 0x00, 0x00,
    0x00, 0x3D, 0xFF, 0xA0, 0x00, 0x00, 0x00, 0xCA, 0x13, 0x70, 0x00, 0x00, 0x00, 0xF4, 0x00, 0x00,
    0x00, 0x00, 0x00, 0xC9, 0x00, 0x00, 0x00, 0x00, 0x00, 0xAF, 0x60, 0x00, 0x00, 0x00, 0x07, 0xD7,
    0xF4, 0x00, 0x88, 0x00, 0x0E, 0x50, 0x8E, 0x30, 0xC6, 0x00, 0x2F, 0x20, 0x09, 0xE4, 0xE1, 0x00,
    0x1F, 0x50, 0x00, 0xBF, 0x80, 0x00, 0x0A, 0xD4, 0x02, 0xBF, 0xC0, 0x00, 0x01, 0xAF, 0xFF, 0xA3,
    0xDA, 0x00, 0x00, 0x01, 0x31, 0x00, 0x00, 0x00, 0x0A, 0x60, 0x0B, 0x60, 0x0B, 0x60, 0x0B, 0x60,
    0x01, 0x10, 0x00, 0x00, 0x00, 0x00, 0x00, 0x00, 0x00, 0x00, 0x00, 0x00, 0x00, 0x00, 0x00, 0x05,
    0x10, 0x00, 0x5C, 0x00, 0x00, 0xC5, 0x00, 0x03, 0xF1, 0x00, 0x07, 0xC0, 0x00, 0x0A, 0x90, 0x00,
    0x0C, 0x80, 0x00, 0x0C, 0x70, 0x00, 0x0B, 0x80, 0x00, 0x09, 0xA0, 0x00, 0x06, 0xD0, 0x00, 0x01,
    0xE2, 0x00, 0x00, 0x98, 0x00, 0x00, 0x2D, 0x10, 0x05, 0x10, 0x00, 0x08, 0x90, 0x00, 0x02, 0xF1,
    0x00, 0x00, 0xC6, 0x00, 0x00, 0x8B, 0x00, 0x00, 0x5E, 0x00, 0x00, 0x4F, 0x10, 0x00, 0x3F, 0x10,
    0x00, 0x4F, 0x00, 0x00, 0x6D, 0x00, 0x00, 0x99, 0x00, 0x00, 0xD4, 0x00, 0x04, 0xD0, 0x00, 0x0A,
    0x60, 0x00, 0x00, 0x02, 0x00, 0x00, 0x00, 0x0B, 0x00, 0x00, 0x56, 0x0B, 0x08, 0x20, 0x18, 0xAD,
    0xB6, 0x00, 0x01, 0xAF, 0x70, 0x00, 0x4C, 0x4B, 0x7B, 0x20, 0x21, 0x0B, 0x02, 0x10, 0x00, 0x08,
    0x00, 0x00, 0x00, 0x00, 0x00, 0x00, 0x00, 0x00, 0x00, 0x00, 0x00, 0x00, 0x00, 0x00, 0x00, 0x00,
    0x00, 0x00, 0x00, 0x00, 0x05, 0x10, 0x00, 0x00, 0x00, 0x00, 0x0D, 0x30, 0x00, 0x00, 0x00, 0x00,
    0x0D, 0x30, 0x00, 0x00, 0x00, 0x00, 0x0D, 0x30, 0x00, 0x00, 0x03, 0x55, 0x5E, 0x75, 0x54, 0x00,
    0x08, 0xEE, 0xEF, 0xEE, 0xEC, 0x00, 0x00, 0x00, 0x0D, 0x30, 0x00, 0x00, 0x00, 0x00, 0x0D, 0x30,
    0x00, 0x00, 0x00, 0x00, 0x0D, 0x30, 0x00, 0x00, 0x00, 0x00, 0x0D, 0x30, 0x00, 0x00, 0x05, 0xD0,
    0x07, 0xD0, 0x0A, 0x70, 0x0A, 0x10, 0x4B, 0xBB, 0x20, 0x27, 0x77, 0x20, 0x00, 0x00, 0x00, 0x00,
    0x00, 0x00, 0x00, 0x00, 0x00, 0x07, 0xB0, 0x08, 0xC0, 0x00, 0x0A, 0x60, 0x00, 0x0E, 0x20, 0x00,
    0x4D, 0x00, 0x00, 0x89, 0x00, 0x00, 0xC5, 0x00, 0x01, 0xF1, 0x00, 0x05, 0xB0, 0x00, 0x0A, 0x70,
    0x00, 0x0E, 0x30, 0x00, 0x3E, 0x00, 0x00, 0x7A, 0x00, 0x00, 0xB6, 0x00, 0x00, 0x61, 0x00, 0x00,
    0x00, 0x01, 0x20, 0x00, 0x00, 0x00, 0x7F, 0xFD, 0x30, 0x00, 0x05, 0xF5, 0x1A, 0xD0, 0x00, 0x0B,
    0xA0, 0x01, 0xF4, 0x00, 0x0E, 0x60, 0x00, 0xC8, 0x00, 0x1F, 0x40, 0x00, 0xAA, 0x00, 0x1F, 0x40,
    0x00, 0xAA, 0x00, 0x1F, 0x40, 0x00, 0xAA, 0x00, 0x0E, 0x60, 0x00, 0xC8, 0x00, 0x0B, 0x90, 0x01,
    0xF5, 0x00, 0x05, 0xE3, 0x09, 0xD0, 0x00, 0x00, 0x9F, 0xFE, 0x40, 0x00, 0x00, 0x01, 0x30, 0x00,
    0x00, 0x04, 0xAD, 0xE2, 0x00, 0x00, 0x07, 0xB9, 0xF3, 0x00, 0x00, 0x00, 0x02, 0xF3, 0x00, 0x00,
    0x00, 0x02, 0xF3, 0x00, 0x00, 0x00, 0x02, 0xF3, 0x00, 0x00, 0x00, 0x02, 0xF3, 0x00, 0x00, 0x00,
    0x02, 0xF3, 0x00, 0x00, 0x00, 0x02, 0xF3, 0x00, 0x00, 0x00, 0x02, 0xF3, 0x00, 0x00, 0x01, 0x45,
    0xF6, 0x41, 0x00, 0x05, 0xFF, 0xFF, 0xF5, 0x00, 0x00, 0x01, 0x10, 0x00, 0x00, 0x08, 0xEF, 0xFB,
    0x20, 0x00, 0x0C, 0x63, 0x4C, 0xC0, 0x00, 0x00, 0x00, 0x04, 0xF1, 0x00, 0x00, 0x00, 0x04, 0xF1,
    0x00, 0x00, 0x00, 0x09, 0xC0, 0x00, 0x00, 0x00, 0x4F, 0x40, 0x00, 0x00, 0x03, 0xE7, 0x00, 0x00,
    0x00, 0x2E, 0x90, 0x00, 0x00, 0x01, 0xDA, 0x00, 0x00, 0x00, 0x0B, 0xE4, 0x44, 0x41, 0x00, 0x0F,
    0xFF, 0xFF, 0xF4, 0x00, 0x00, 0x01, 0x10, 0x00, 0x00, 0x08, 0xEF, 0xFD, 0x40, 0x00, 0x06, 0x52,
    0x3B, 0xE1, 0x00, 0x00, 0x00, 0x02, 0xF3, 0x00, 0x00, 0x00, 0x03, 0xF2, 0x00, 0x00, 0x27, 0x8D,
    0x70, 0x00, 0x00, 0x3C, 0xDE, 0x50, 0x00, 0x00, 0x00, 0x05, 0xF3, 0x00, 0x00, 0x00, 0x00, 0xD7,
    0x00, 0x00, 0x00, 0x00, 0xE6, 0x00, 0x08, 0x31, 0x2A, 0xE2, 0x00, 0x0C, 0xFF, 0xFD, 0x40, 0x00,
    0x00, 0x13, 0x20, 0x00, 0x00, 0x00, 0x00, 0x7E, 0x60, 0x00, 0x00, 0x02, 0xEE, 0x70, 0x00, 0x00,
    0x0A, 0x7D, 0x70, 0x00, 0x00, 0x4D, 0x0D, 0x70, 0x00, 0x00, 0xD4, 0x0D, 0x70, 0x00, 0x07, 0xB0,
    0x0D, 0x70, 0x00, 0x1E, 0x20, 0x0D, 0x70, 0x00, 0x5E, 0xCC, 0xCF, 0xDA, 0x00, 0x26, 0x66, 0x6E,
    0xA5, 0x00, 0x00, 0x00, 0x0D, 0x70, 0x00, 0x00, 0x00, 0x0D, 0x70, 0x00, 0x08, 0xEE, 0xEE, 0xA0,
    0x00, 0x08, 0xC5, 0x55, 0x30, 0x00, 0x08, 0xA0, 0x00, 0x00, 0x00, 0x08, 0xA3, 0x20, 0x00, 0x00,
    0x08, 0xFF, 0xFD, 0x30, 0x00, 0x04, 0x31, 0x3C, 0xD0, 0x00, 0x00, 0x00, 0x02, 0xF4, 0x00, 0x00,
    0x00, 0x00, 0xE5, 0x00, 0x00, 0x00, 0x02, 0xF4, 0x00, 0x08, 0x31, 0x3C, 0xD0, 0x00, 0x0D, 0xFF,
    0xFC, 0x30, 0x00, 0x00, 0x23, 0x10, 0x00, 0x00, 0x00, 0x00, 0x11, 0x00, 0x00, 0x00, 0x3C, 0xFF,
    0xD1, 0x00, 0x01, 0xEB, 0x43, 0x61, 0x00, 0x08, 0xD0, 0x00, 0x00, 0x00, 0x0D, 0x71, 0x31, 0x00,
    0x00, 0x0F, 0x9E, 0xFF, 0x80, 0x00, 0x1F, 0xF4, 0x05, 0xF4, 0x00, 0x0F, 0xA0, 0x00, 0xB9, 0x00,
    0x0E, 0x80, 0x00, 0x9A, 0x00, 0x0A, 0xA0, 0x00, 0xB9, 0x00, 0x04, 0xF4, 0x05, 0xF4, 0x00, 0x00,
    0x7F, 0xFF, 0x70, 0x00, 0x00, 0x01, 0x31, 0x00, 0x00, 0x0D, 0xEE, 0xEE, 0xE6, 0x00, 0x04, 0x55,
    0x58, 0xF2, 0x00, 0x00, 0x00, 0x09, 0xC0, 0x00, 0x00, 0x00, 0x0E, 0x70, 0x00, 0x00, 0x00, 0x4F,
    0x20, 0x00, 0x00, 0x00, 0x9C, 0x00, 0x00, 0x00, 0x00, 0xE6, 0x00, 0x00, 0x00, 0x05, 0xF1, 0x00,
    0x00, 0x00, 0x0A, 0xB0, 0x00, 0x00, 0x00, 0x1E, 0x60, 0x00, 0x00, 0x00, 0x5F, 0x10, 0x00, 0x00,
    0x00, 0x00, 0x10, 0x00, 0x00, 0x01, 0xAF, 0xFE, 0x60, 0x00, 0x08, 0xD3, 0x17, 0xF2, 0x00, 0x0C,
    0x80, 0x00, 0xE6, 0x00, 0x0B, 0x90, 0x01, 0xF4, 0x00, 0x03, 0xD8, 0x6B, 0xA0, 0x00, 0x01, 0xAE,
    0xDE, 0x60, 0x00, 0x0B, 0xB1, 0x03, 0xF4, 0x00, 0x0F, 0x50, 0x00, 0xB9, 0x00, 0x0F, 0x50, 0x00,
    0xC9, 0x00, 0x0B, 0xC2, 0x05, 0xF5, 0x00, 0x02, 0xCF, 0xFF, 0x80, 0x00, 0x00, 0x02, 0x31, 0x00,
    0x00, 0x00, 0x01, 0x10, 0x00, 0x00, 0x01, 0xBF, 0xFC, 0x20, 0x00, 0x09, 0xD3, 0x2B, 0xC0, 0x00,
    0x0F, 0x60, 0x02, 0xF3, 0x00, 0x2F, 0x30, 0x00, 0xE7, 0x00, 0x1F, 0x50, 0x01, 0xF9, 0x00, 0x0B,
    0xC1, 0x09, 0xF9, 0x00, 0x02, 0xDF, 0xEC, 0xC9, 0x00, 0x00, 0x03, 0x30, 0xD6, 0x00, 0x00, 0x00,
    0x03, 0xF2, 0x00, 0x04, 0x31, 0x4D, 0x90, 0x00, 0x07, 0xFF, 0xFA, 0x00, 0x00, 0x00, 0x13, 0x10,
    0x00, 0x00, 0x05, 0xB0, 0x00, 0x06, 0xF0, 0x00, 0x01, 0x20, 0x00, 0x00, 0x00, 0x00, 0x00, 0x00,
    0x00, 0x00, 0x00, 0x00, 0x05, 0xD0, 0x00, 0x06, 0xF0, 0x00, 0x05, 0xB0, 0x00, 0x06, 0xF0, 0x00,
    0x01, 0x20, 0x00, 0x00, 0x00, 0x00, 0x00, 0x00, 0x00, 0x00, 0x00, 0x00, 0x05, 0xD0, 0x00, 0x07,
    0xD0, 0x00, 0x0A, 0x70, 0x00, 0x0A, 0x10, 0x00, 0x00, 0x00, 0x00, 0x00, 0x27, 0x00, 0x00, 0x00,
    0x00, 0x5B, 0xFA, 0x00, 0x00, 0x02, 0x8E, 0xE8, 0x20, 0x00, 0x04, 0xBF, 0xB5, 0x00, 0x00, 0x00,
    0x09, 0xFA, 0x20, 0x00, 0x00, 0x00, 0x00, 0x5B, 0xFB, 0x50, 0x00, 0x00, 0x00, 0x00, 0x28, 0xEE,
    0x82, 0x00, 0x00, 0x00, 0x00, 0x05, 0xBD, 0x00, 0x00, 0x00, 0x00, 0x00, 0x02, 0x00, 0x07, 0xCC,
    0xCC, 0xCC, 0xCB, 0x00, 0x04, 0x66, 0x66, 0x66, 0x66, 0x00, 0x00, 0x00, 0x00, 0x00, 0x00, 0x00,
    0x07, 0xCC, 0xCC, 0xCC, 0xCB, 0x00, 0x04, 0x66, 0x66, 0x66, 0x66, 0x00, 0x00, 0x00, 0x00, 0x00,
    0x00, 0x00, 0x00, 0x00, 0x00, 0x00, 0x00, 0x00, 0x05, 0x40, 0x00, 0x00, 0x00, 0x00, 0x06, 0xFD,
    0x71, 0x00, 0x00, 0x00, 0x00, 0x17, 0xDF, 0xA4, 0x00, 0x00, 0x00, 0x00, 0x04, 0x9E, 0xD6, 0x00,
    0x00, 0x00, 0x00, 0x17, 0xFD, 0x00, 0x00, 0x00, 0x39, 0xED, 0x71, 0x00, 0x01, 0x7C, 0xFA, 0x40,
    0x00, 0x00, 0x09, 0xD7, 0x10, 0x00, 0x00, 0x00, 0x02, 0x00, 0x00, 0x00, 0x00, 0x00, 0x00, 0x01,
    0x00, 0x00, 0x09, 0xEF, 0xE5, 0x00, 0x0B, 0x42, 0x9E, 0x10, 0x00, 0x00, 0x2F, 0x20, 0x00, 0x00,
    0x7E, 0x00, 0x00, 0x05, 0xF4, 0x00, 0x00, 0x2E, 0x60, 0x00, 0x00, 0x5E, 0x00, 0x00, 0x00, 0x6D,
    0x00, 0x00, 0x00, 0x01, 0x00, 0x00, 0x00, 0x5C, 0x00, 0x00, 0x00, 0x6E, 0x00, 0x00, 0x00, 0x00,
    0x15, 0x87, 0x50, 0x00, 0x00, 0x00, 0x06, 0xEB, 0x99, 0xCD, 0x40, 0x00, 0x00, 0x7D, 0x30, 0x00,
    0x04, 0xE3, 0x00, 0x03, 0xD1, 0x00, 0x31, 0x01, 0x4C, 0x00, 0x0A, 0x60, 0x3E, 0xDE, 0xA8, 0x0B,
    0x40, 0x0E, 0x10, 0xB8, 0x02, 0xE8, 0x08, 0x70, 0x1D, 0x00, 0xE2, 0x00, 0x88, 0x06, 0x80, 0x1D,
    0x00, 0xF1, 0x00, 0x88, 0x09, 0x60, 0x0E, 0x00, 0xC6, 0x01, 0xD8, 0x3D, 0x10, 0x0A, 0x50, 0x4E,
    0xBD, 0xBE, 0xD4, 0x00, 0x04, 0xD1, 0x02, 0x52, 0x24, 0x00, 0x00, 0x00, 0x8C, 0x20, 0x00, 0x05,
    0x30, 0x00, 0x00, 0x07, 0xEA, 0x78, 0xCD, 0x30, 0x00, 0x00, 0x00, 0x26, 0x98, 0x50, 0x00, 0x00,
    0x00, 0x04, 0xE8, 0x00, 0x00, 0x00, 0x0A, 0xED, 0x00, 0x00, 0x00, 0x0E, 0x5F, 0x30, 0x00, 0x00,
    0x5E, 0x0B, 0x80, 0x00, 0x00, 0xA9, 0x06, 0xD0, 0x00, 0x01, 0xE4, 0x01, 0xF4, 0x00, 0x05, 0xE1,
    0x00, 0xB9, 0x00, 0x0A, 0xFF, 0xFF, 0xFE, 0x00, 0x1F, 0x63, 0x33, 0x3F, 0x40, 0x6E, 0x00, 0x00,
    0x0B, 0x90, 0xBA, 0x00, 0x00, 0x06, 0xE0, 0x09, 0xEE, 0xED, 0x81, 0x00, 0x0A, 0xB4, 0x47, 0xE8,
    0x00, 0x0A, 0xA0, 0x00, 0x8D, 0x00, 0x0A, 0xA0, 0x00, 0x8C, 0x00, 0x0A, 0xC6, 0x69, 0xE4, 0x00,
    0x0A, 0xEC, 0xCD, 0xC3, 0x00, 0x0A, 0xA0, 0x00, 0x8E, 0x10, 0x0A, 0xA0, 0x00, 0x2F, 0x40, 0x0A,
    0xA0, 0x00, 0x3F, 0x30, 0x0A, 0xB3, 0x35, 0xCD, 0x00, 0x0A, 0xFF, 0xFE, 0xA2, 0x00, 0x00, 0x00,
    0x02, 0x10, 0x00, 0x00, 0x2A, 0xFF, 0xFB, 0x30, 0x01, 0xEC, 0x42, 0x39, 0xA0, 0x09, 0xD1, 0x00,
    0x00, 0x20, 0x0E, 0x70, 0x00, 0x00, 0x00, 0x2F, 0x30, 0x00, 0x00, 0x00, 0x3F, 0x30, 0x00, 0x00,
    0x00, 0x3F, 0x40, 0x00, 0x00, 0x00, 0x0F, 0x70, 0x00, 0x00, 0x00, 0x0A, 0xD0, 0x00, 0x00, 0x10,
    0x02, 0xEB, 0x30, 0x27, 0xA0, 0x00, 0x3C, 0xFF, 0xFC, 0x40, 0x00, 0x00, 0x13, 0x20, 0x00, 0x09,
    0xEE, 0xEC, 0x92, 0x00, 0x0A, 0xB4, 0x56, 0xCF, 0x50, 0x0A, 0xA0, 0x00, 0x0A, 0xE1, 0x0A, 0xA0,
    0x00, 0x02, 0xF5, 0x0A, 0xA0, 0x00, 0x00, 0xD8, 0x0A, 0xA0, 0x00, 0x00, 0xC9, 0x0A, 0xA0, 0x00,
    0x00, 0xD8, 0x0A, 0xA0, 0x00, 0x01, 0xF5, 0x0A, 0xA0, 0x00, 0x09, 0xE1, 0x0A, 0xB3, 0x45, 0xBF,
    0x50, 0x0A, 0xFF, 0xFD, 0xA3, 0x00, 0x09, 0xEE, 0xEE, 0xE8, 0x00, 0x0A, 0xB5, 0x55, 0x53, 0x00,
    0x0A, 0xA0, 0x00, 0x00, 0x00, 0x0A, 0xA0, 0x00, 0x00, 0x00, 0x0A, 0xC7, 0x77, 0x72, 0x00, 0x0A,
    0xEC, 0xCC, 0xC4, 0x00, 0x0A, 0xA0, 0x00, 0x00, 0x00, 0x0A, 0xA0, 0x00, 0x00, 0x00, 0x0A, 0xA0,
    0x00, 0x00, 0x00, 0x0A, 0xB4, 0x44, 0x43, 0x00, 0x0A, 0xFF, 0xFF, 0xFA, 0x00, 0x09, 0xEE, 0xEE,
    0xE0, 0x0A, 0xB5, 0x55, 0x50, 0x0A, 0xA0, 0x00, 0x00, 0x0A, 0xA0, 0x00, 0x00, 0x0A, 0xC7, 0x77,
    0x40, 0x0A, 0xEC, 0xCC, 0x70, 0x0A, 0xA0, 0x00, 0x00, 0x0A, 0xA0, 0x00, 0x00, 0x0A, 0xA0, 0x00,
    0x00, 0x0A, 0xA0, 0x00, 0x00, 0x0A, 0xA0, 0x00, 0x00, 0x00, 0x00, 0x02, 0x10, 0x00, 0x00, 0x2A,
    0xFF, 0xFD, 0x60, 0x02, 0xEC, 0x42, 0x27, 0xE1, 0x0A, 0xD1, 0x00, 0x00, 0x21, 0x0E, 0x60, 0x00,
    0x00, 0x00, 0x2F, 0x30, 0x00, 0x00, 0x00, 0x3F, 0x30, 0x01, 0xBB, 0xB4, 0x3F, 0x30, 0x01, 0x88,
    0xF5, 0x0F, 0x60, 0x00, 0x00, 0xF5, 0x0A, 0xC0, 0x00, 0x00, 0xF5, 0x02, 0xEB, 0x30, 0x15, 0xF5,
    0x00, 0x3B, 0xFF, 0xFE, 0x81, 0x00, 0x00, 0x13, 0x20, 0x00, 0x09, 0x90, 0x00, 0x07, 0xC0, 0x0A,
    0xA0, 0x00, 0x08, 0xC0, 0x0A, 0xA0, 0x00, 0x08, 0xC0, 0x0A, 0xA0, 0x00, 0x08, 0xC0, 0x0A, 0xC7,
    0x77, 0x7B, 0xC0, 0x0A, 0xEC, 0xCC, 0xCE, 0xC0, 0x0A, 0xA0, 0x00, 0x08, 0xC0, 0x0A, 0xA0, 0x00,
    0x08, 0xC0, 0x0A, 0xA0, 0x00, 0x08, 0xC0, 0x0A, 0xA0, 0x00, 0x08, 0xC0, 0x0A, 0xA0, 0x00, 0x08,
    0xC0, 0x09, 0x90, 0x0A, 0xA0, 0x0A, 0xA0, 0x0A, 0xA0, 0x0A, 0xA0, 0x0A, 0xA0, 0x0A, 0xA0, 0x0A,
    0xA0, 0x0A, 0xA0, 0x0A, 0xA0, 0x0A, 0xA0, 0x00, 0x99, 0x00, 0x00, 0xAA, 0x00, 0x00, 0xAA, 0x00,
    0x00, 0xAA, 0x00, 0x00, 0xAA, 0x00, 0x00, 0xAA, 0x00, 0x00, 0xAA, 0x00, 0x00, 0xAA, 0x00, 0x00,
    0xAA, 0x00, 0x00, 0xAA, 0x00, 0x00, 0xAA, 0x00, 0x00, 0xC8, 0x00, 0x37, 0xF4, 0x00, 0xBD, 0x70,
    0x00, 0x09, 0x90, 0x00, 0x5E, 0x50, 0x0A, 0xA0, 0x05, 0xF6, 0x00, 0x0A, 0xA0, 0x4F, 0x70, 0x00,
    0x0A, 0xA4, 0xE7, 0x00, 0x00, 0x0A, 0xCE, 0x80, 0x00, 0x00, 0x0A, 0xFF, 0x40, 0x00, 0x00, 0x0A,
    0xAA, 0xE3, 0x00, 0x00, 0x0A, 0xA0, 0xBD, 0x20, 0x00, 0x0A, 0xA0, 0x1C, 0xD1, 0x00, 0x0A, 0xA0,
    0x01, 0xDB, 0x00, 0x0A, 0xA0, 0x00, 0x2E, 0xA0, 0x09, 0x90, 0x00, 0x00, 0x0A, 0xA0, 0x00, 0x00,
    0x0A, 0xA0, 0x00, 0x00, 0x0A, 0xA0, 0x00, 0x00, 0x0A, 0xA0, 0x00, 0x00, 0x0A, 0xA0, 0x00, 0x00,
    0x0A, 0xA0, 0x00, 0x00, 0x0A, 0xA0, 0x00, 0x00, 0x0A, 0xA0, 0x00, 0x00, 0x0A, 0xB4, 0x44, 0x42,
    0x0A, 0xFF, 0xFF, 0xF7, 0x09, 0xE7, 0x00, 0x00, 0xBE, 0x50, 0x0A, 0xEC, 0x00, 0x02, 0xEF, 0x50,
    0x0A, 0xAE, 0x20, 0x07, 0xAF, 0x50, 0x0A, 0x9A, 0x70, 0x0C, 0x5F, 0x50, 0x0A, 0x95, 0xC0, 0x2E,
    0x0F, 0x50, 0x0A, 0x91, 0xE2, 0x7A, 0x0F, 0x50, 0x0A, 0x90, 0xA7, 0xD4, 0x0F, 0x50, 0x0A, 0x90,
    0x5E, 0xE0, 0x0F, 0x50, 0x0A, 0x90, 0x0D, 0x80, 0x0F, 0x50, 0x0A, 0x90, 0x00, 0x00, 0x0F, 0x50,
    0x0A, 0x90, 0x00, 0x00, 0x0F, 0x50, 0x09, 0xE5, 0x00, 0x07, 0xB0, 0x0A, 0xFC, 0x00, 0x08, 0xC0,
    0x0A, 0xBF, 0x40, 0x08, 0xC0, 0x0A, 0x99, 0xB0, 0x08, 0xC0, 0x0A, 0x92, 0xF4, 0x08, 0xC0, 0x0A,
    0x90, 0xAB, 0x08, 0xC0, 0x0A, 0x90, 0x3F, 0x38, 0xC0, 0x0A, 0x90, 0x0A, 0xA8, 0xC0, 0x0A, 0x90,
    0x03, 0xFA, 0xC0, 0x0A, 0x90, 0x00, 0xBF, 0xC0, 0x0A, 0x90, 0x00, 0x4F, 0xC0, 0x00, 0x00, 0x12,
    0x00, 0x00, 0x00, 0x00, 0x2B, 0xFF, 0xE8, 0x00, 0x00, 0x02, 0xEB, 0x31, 0x5E, 0xA0, 0x00, 0x0A,
    0xD1, 0x00, 0x04, 0xF4, 0x00, 0x0E, 0x70, 0x00, 0x00, 0xD9, 0x00, 0x2F, 0x40, 0x00, 0x00, 0xAC,
    0x00, 0x3F, 0x30, 0x00, 0x00, 0x8D, 0x00, 0x3F, 0x40, 0x00, 0x00, 0xAC, 0x00, 0x0F, 0x70, 0x00,
    0x00, 0xC9, 0x00, 0x0A, 0xD0, 0x00, 0x04, 0xF4, 0x00, 0x02, 0xEA, 0x20, 0x4D, 0xB0, 0x00, 0x00,
    0x3C, 0xFF, 0xF9, 0x10, 0x00, 0x00, 0x00, 0x23, 0x10, 0x00, 0x00, 0x09, 0xEE, 0xEB, 0x40, 0x0A,
    0xB4, 0x5A, 0xF3, 0x0A, 0xA0, 0x00, 0xD8, 0x0A, 0xA0, 0x00, 0xB9, 0x0A, 0xA0, 0x01, 0xE7, 0x0A,
    0xD9, 0xAE, 0xD1, 0x0A, 0xD9, 0x96, 0x10, 0x0A, 0xA0, 0x00, 0x00, 0x0A, 0xA0, 0x00, 0x00, 0x0A,
    0xA0, 0x00, 0x00, 0x0A, 0xA0, 0x00, 0x00, 0x00, 0x00, 0x12, 0x00, 0x00, 0x00, 0x00, 0x2B, 0xFF,
    0xE8, 0x00, 0x00, 0x02, 0xEB, 0x31, 0x5E, 0xA0, 0x00, 0x0A, 0xD1, 0x00, 0x04, 0xF4, 0x00, 0x0E,
    0x70, 0x00, 0x00, 0xD9, 0x00, 0x2F, 0x40, 0x00, 0x00, 0xAC, 0x00, 0x3F, 0x30, 0x00, 0x00, 0x8D,
    0x00, 0x3F, 0x40, 0x00, 0x00, 0xAB, 0x00, 0x0F, 0x70, 0x00, 0x00, 0xC9, 0x00, 0x0A, 0xD0, 0x00,
    0x04, 0xF4, 0x00, 0x02, 0xEA, 0x20, 0x4D, 0xA0, 0x00, 0x00, 0x3C, 0xFF, 0xF9, 0x00, 0x00, 0x00,
    0x00, 0x23, 0xCB, 0x00, 0x00, 0x00, 0x00, 0x00, 0x2D, 0x80, 0x00, 0x09, 0xEE, 0xEC, 0x50, 0x00,
    0x0A, 0xB4, 0x59, 0xF4, 0x00, 0x0A, 0xA0, 0x00, 0xD8, 0x00, 0x0A, 0xA0, 0x00, 0xC9, 0x00, 0x0A,
    0xA0, 0x03, 0xF6, 0x00, 0x0A, 0xED, 0xDF, 0x90, 0x00, 0x0A, 0xC6, 0x6D, 0xB0, 0x00, 0x0A, 0xA0,
    0x02, 0xE6, 0x00, 0x0A, 0xA0, 0x00, 0x8D, 0x00, 0x0A, 0xA0, 0x00, 0x2F, 0x50, 0x0A, 0xA0, 0x00,
    0x0A, 0xC0, 0x00, 0x00, 0x20, 0x00, 0x00, 0x01, 0xAF, 0xFF, 0xC2, 0x00, 0x0B, 0xC4, 0x13, 0x83,
    0x00, 0x1F, 0x50, 0x00, 0x00, 0x00, 0x1F, 0x60, 0x00, 0x00, 0x00, 0x0B, 0xF9, 0x51, 0x00, 0x00,
    0x01, 0x8D, 0xFF, 0x90, 0x00, 0x00, 0x00, 0x28, 0xF7, 0x00, 0x00, 0x00, 0x00, 0xAB, 0x00, 0x00,
    0x00, 0x00, 0xAB, 0x00, 0x1B, 0x41, 0x15, 0xF7, 0x00, 0x0B, 0xFF, 0xFF, 0x90, 0x00, 0x00, 0x12,
    0x21, 0x00, 0x00, 0x0E, 0xEE, 0xEE, 0xEE, 0xE4, 0x05, 0x55, 0xAD, 0x55, 0x51, 0x00, 0x00, 0x8C,
    0x00, 0x00, 0x00, 0x00, 0x8C, 0x00, 0x00, 0x00, 0x00, 0x8C, 0x00, 0x00, 0x00, 0x00, 0x8C, 0x00,
    0x00, 0x00, 0x00, 0x8C, 0x00, 0x00, 0x00, 0x00, 0x8C, 0x00, 0x00, 0x00, 0x00, 0x8C, 0x00, 0x00,
    0x00, 0x00, 0x8C, 0x00, 0x00, 0x00, 0x00, 0x8C, 0x00, 0x00, 0x0C, 0x70, 0x00, 0x09, 0xA0, 0x0C,
    0x80, 0x00, 0x09, 0xB0, 0x0C, 0x80, 0x00, 0x09, 0xB0, 0x0C, 0x80, 0x00, 0x09, 0xB0, 0x0C, 0x80,
    0x00, 0x09, 0xB0, 0x0C, 0x80, 0x00, 0x09, 0xB0, 0x0C, 0x80, 0x00, 0x09, 0xB0, 0x0C, 0x90, 0x00,
    0x0B, 0xA0, 0x0A, 0xC0, 0x00, 0x0D, 0x80, 0x04, 0xF7, 0x11, 0x8F, 0x20, 0x00, 0x7E, 0xFF, 0xE5,
    0x00, 0x00, 0x00, 0x33, 0x00, 0x00, 0xA9, 0x00, 0x00, 0x06, 0xD0, 0x6E, 0x00, 0x00, 0x0B, 0x90,
    0x1F, 0x50, 0x00, 0x2F, 0x40, 0x0B, 0xA0, 0x00, 0x7E, 0x00, 0x06, 0xE1, 0x00, 0xC9, 0x00, 0x01,
    0xF5, 0x02, 0xF4, 0x00, 0x00, 0xAA, 0x07, 0xE0, 0x00, 0x00, 0x5E, 0x1C, 0x90, 0x00, 0x00, 0x1E,
    0x7F, 0x30, 0x00, 0x00, 0x0A, 0xFD, 0x00, 0x00, 0x00, 0x05, 0xF8, 0x00, 0x00, 0x6D, 0x00, 0x03,
    0xE7, 0x00, 0x08, 0xB0, 0x3F, 0x20, 0x06, 0xEB, 0x00, 0x0B, 0x90, 0x0F, 0x50, 0x09, 0x8E, 0x00,
    0x0E, 0x50, 0x0C, 0x80, 0x0D, 0x4D, 0x30, 0x3F, 0x20, 0x08, 0xC0, 0x1F, 0x1A, 0x60, 0x6E, 0x00,
    0x05, 0xF0, 0x4C, 0x07, 0xA0, 0xAA, 0x00, 0x01, 0xF3, 0x89, 0x03, 0xD0, 0xD7, 0x00, 0x00, 0xD7,
    0xB5, 0x00, 0xF3, 0xF3, 0x00, 0x00, 0xAA, 0xE2, 0x00, 0xCA, 0xF0, 0x00, 0x00, 0x6F, 0xE0, 0x00,
    0x9F, 0xC0, 0x00, 0x00, 0x3F, 0xA0, 0x00, 0x5F, 0x80, 0x00, 0x0C, 0x80, 0x00, 0x2E, 0x50, 0x04,
    0xF2, 0x00, 0xAB, 0x00, 0x00, 0xAB, 0x04, 0xF2, 0x00, 0x00, 0x2E, 0x6D, 0x80, 0x00, 0x00, 0x07,
    0xFD, 0x10, 0x00, 0x00, 0x04, 0xF9, 0x00, 0x00, 0x00, 0x0D, 0xBF, 0x30, 0x00, 0x00, 0x7D, 0x1A,
    0xB0, 0x00, 0x02, 0xE5, 0x02, 0xF5, 0x00, 0x0A, 0xB0, 0x00, 0x8D, 0x10, 0x4F, 0x20, 0x00, 0x1D,
    0x80, 0x0B, 0xA0, 0x00, 0x06, 0xD1, 0x03, 0xF4, 0x00, 0x1E, 0x60, 0x00, 0x8D, 0x00, 0x9C, 0x00,
    0x00, 0x1D, 0x74, 0xF3, 0x00, 0x00, 0x05, 0xED, 0x90, 0x00, 0x00, 0x00, 0xBE, 0x10, 0x00, 0x00,
    0x00, 0x8C, 0x00, 0x00, 0x00, 0x00, 0x8C, 0x00, 0x00, 0x00, 0x00, 0x8C, 0x00, 0x00, 0x00, 0x00,
    0x8C, 0x00, 0x00, 0x00, 0x00, 0x8C, 0x00, 0x00, 0x3E, 0xEE, 0xEE, 0xEE, 0x70, 0x15, 0x55, 0x55,
    0x9F, 0x40, 0x00, 0x00, 0x02, 0xE8, 0x00, 0x00, 0x00, 0x0B, 0xC0, 0x00, 0x00, 0x00, 0x7E, 0x20,
    0x00, 0x00, 0x03, 0xF5, 0x00, 0x00, 0x00, 0x1D, 0x90, 0x00, 0x00, 0x00, 0xAD, 0x10, 0x00, 0x00,
    0x06, 0xF3, 0x00, 0x00, 0x00, 0x2E, 0xA4, 0x44, 0x44, 0x20, 0x6F, 0xFF, 0xFF, 0xFF, 0xA0, 0x05,
    0x66, 0x00, 0x0D, 0xC9, 0x00, 0x0D, 0x60, 0x00, 0x0D, 0x60, 0x00, 0x0D, 0x60, 0x00, 0x0D, 0x60,
    0x00, 0x0D, 0x60, 0x00, 0x0D, 0x60, 0x00, 0x0D, 0x60, 0x00, 0x0D, 0x60, 0x00, 0x0D, 0x60, 0x00,
    0x0D, 0x60, 0x00, 0x0D, 0x61, 0x00, 0x0C, 0xFE, 0x00, 0xC4, 0x00, 0x00, 0x98, 0x00, 0x00, 0x5C,
    0x00, 0x00, 0x1F, 0x10, 0x00, 0x0C, 0x50, 0x00, 0x07, 0x90, 0x00, 0x03, 0xE0, 0x00, 0x00, 0xE3,
    0x00, 0x00, 0xA7, 0x00, 0x00, 0x6B, 0x00, 0x00, 0x2F, 0x10, 0x00, 0x0C, 0x40, 0x00, 0x04, 0x30,
    0x04, 0x66, 0x10, 0x07, 0xAF, 0x20, 0x00, 0x2F, 0x20, 0x00, 0x2F, 0x20, 0x00, 0x2F, 0x20, 0x00,
    0x2F, 0x20, 0x00, 0x2F, 0x20, 0x00, 0x2F, 0x20, 0x00, 0x2F, 0x20, 0x00, 0x2F, 0x20, 0x00, 0x2F,
    0x20, 0x00, 0x2F, 0x20, 0x01, 0x2F, 0x20, 0x0A, 0xFF, 0x20, 0x00, 0x00, 0x6E, 0xA0, 0x00, 0x00,
    0x00, 0x04, 0xF8, 0xE8, 0x00, 0x00, 0x00, 0x3E, 0x60, 0x3E, 0x70, 0x00, 0x02, 0xD6, 0x00, 0x03,
    0xE5, 0x00, 0x01, 0x20, 0x00, 0x00, 0x12, 0x00, 0x00, 0x00, 0x00, 0x00, 0x00, 0x00, 0x00, 0x00,
    0x00, 0x00, 0x00, 0x00, 0x00, 0x00, 0x00, 0x00, 0x00, 0x00, 0x00, 0x00, 0x00, 0x00, 0x00, 0x00,
    0x00, 0x00, 0x00, 0x00, 0x00, 0x00, 0x00, 0x00, 0x00, 0x00, 0x00, 0x00, 0x00, 0x00, 0x00, 0x00,
    0x00, 0x00, 0x00, 0x00, 0x18, 0x88, 0x88, 0x87, 0x18, 0x88, 0x88, 0x87, 0x07, 0xB0, 0x00, 0x00,
    0x00, 0xA7, 0x00, 0x00, 0x00, 0x1A, 0x10, 0x00, 0x00, 0x00, 0x00, 0x00, 0x00, 0x00, 0x00, 0x00,
    0x00, 0x00, 0x00, 0x00, 0x00, 0x00, 0x00, 0x00, 0x00, 0x00, 0x00, 0x00, 0x00, 0x00, 0x00, 0x00,
    0x00, 0x00, 0x00, 0x00, 0x00, 0x00, 0x00, 0x00, 0x00, 0x00, 0x00, 0x00, 0x00, 0x35, 0x51, 0x00,
    0x09, 0xEC, 0xDE, 0x30, 0x03, 0x00, 0x09, 0xB0, 0x00, 0x01, 0x35, 0xE0, 0x04, 0xDF, 0xDD, 0xF1,
    0x0E, 0x70, 0x03, 0xF1, 0x2F, 0x10, 0x06, 0xF1, 0x1F, 0x60, 0x3D, 0xF1, 0x07, 0xFF, 0xE6, 0xF1,
    0x00, 0x13, 0x10, 0x00, 0x05, 0x30, 0x00, 0x00, 0x00, 0x0C, 0x70, 0x00, 0x00, 0x00, 0x0C, 0x70,
    0x00, 0x00, 0x00, 0x0C, 0x72, 0x54, 0x00, 0x00, 0x0C, 0xAE, 0xCE, 0xB0, 0x00, 0x0C, 0xE3, 0x02,
    0xE5, 0x00, 0x0C, 0xA0, 0x00, 0xAA, 0x00, 0x0C, 0x70, 0x00, 0x7C, 0x00, 0x0C, 0x80, 0x00, 0x8B,
    0x00, 0x0C, 0xB0, 0x00, 0xA9, 0x00, 0x0C, 0xF5, 0x05, 0xF3, 0x00, 0x0C, 0x8D, 0xFF, 0x80, 0x00,
    0x00, 0x00, 0x32, 0x00, 0x00, 0x00, 0x04, 0x64, 0x00, 0x02, 0xDE, 0xCE, 0x80, 0x0A, 0xC1, 0x00,
    0x20, 0x1F, 0x40, 0x00, 0x00, 0x3F, 0x10, 0x00, 0x00, 0x3F, 0x10, 0x00, 0x00, 0x1F, 0x50, 0x00,
    0x00, 0x09, 0xD3, 0x02, 0x40, 0x01, 0xAF, 0xFF, 0x70, 0x00, 0x02, 0x31, 0x00, 0x00, 0x00, 0x00,
    0x52, 0x00, 0x00, 0x00, 0x00, 0xD5, 0x00, 0x00, 0x00, 0x00, 0xD5, 0x00, 0x00, 0x15, 0x40, 0xD5,
    0x00, 0x03, 0xED, 0xDB, 0xD5, 0x00, 0x0B, 0xA0, 0x08, 0xF5, 0x00, 0x1F, 0x30, 0x01, 0xF5, 0x00,
    0x3F, 0x10, 0x00, 0xE5, 0x00, 0x3F, 0x10, 0x00, 0xE5, 0x00, 0x1F, 0x40, 0x02, 0xF5, 0x00, 0x0A,
    0xC1, 0x1A, 0xF5, 0x00, 0x02, 0xDF, 0xF8, 0xD5, 0x00, 0x00, 0x03, 0x20, 0x00, 0x00, 0x00, 0x04,
    0x63, 0x00, 0x02, 0xDE, 0xCF, 0x80, 0x0A, 0xB0, 0x03, 0xF2, 0x1F, 0x30, 0x00, 0xB7, 0x3F, 0xDC,
    0xCC, 0xE9, 0x3F, 0x43, 0x33, 0x32, 0x1F, 0x50, 0x00, 0x00, 0x09, 0xD3, 0x01, 0x53, 0x01, 0xAF,
    0xFF, 0xD3, 0x00, 0x01, 0x32, 0x00, 0x00, 0x15, 0x60, 0x02, 0xEC, 0xB0, 0x07, 0xC0, 0x00, 0x29,
    0xB3, 0x20, 0x9E, 0xED, 0x90, 0x08, 0xA0, 0x00, 0x08, 0xA0, 0x00, 0x08, 0xA0, 0x00, 0x08, 0xA0,
    0x00, 0x08, 0xA0, 0x00, 0x08, 0xA0, 0x00, 0x08, 0xA0, 0x00, 0x00, 0x25, 0x40, 0x31, 0x00, 0x03,
    0xED, 0xDB, 0xD5, 0x00, 0x0C, 0xA0, 0x08, 0xF5, 0x00, 0x1F, 0x30, 0x01, 0xF5, 0x00, 0x3F, 0x00,
    0x00, 0xE5, 0x00, 0x2F, 0x10, 0x00, 0xE5, 0x00, 0x1F, 0x40, 0x03, 0xF5, 0x00, 0x09, 0xD4, 0x3C,
    0xE5, 0x00, 0x01, 0xAE, 0xD5, 0xE5, 0x00, 0x00, 0x00, 0x01, 0xF3, 0x00, 0x03, 0x41, 0x2B, 0xD0,
    0x00, 0x04, 0xEF, 0xFC, 0x30, 0x00, 0x00, 0x01, 0x10, 0x00, 0x00, 0x05, 0x30, 0x00, 0x00, 0x00,
    0x0C, 0x70, 0x00, 0x00, 0x00, 0x0C, 0x70, 0x00, 0x00, 0x00, 0x0C, 0x71, 0x54, 0x00, 0x00, 0x0C,
    0x9D, 0xCE, 0xA0, 0x00, 0x0C, 0xE2, 0x03, 0xF3, 0x00, 0x0C, 0x90, 0x00, 0xD5, 0x00, 0x0C, 0x70,
    0x00, 0xC6, 0x00, 0x0C, 0x70, 0x00, 0xC6, 0x00, 0x0C, 0x70, 0x00, 0xC6, 0x00, 0x0C, 0x70, 0x00,
    0xC6, 0x00, 0x0C, 0x70, 0x00, 0xC6, 0x00, 0x04, 0x30, 0x0B, 0x70, 0x03, 0x20, 0x02, 0x10, 0x0B,
    0x70, 0x0B, 0x70, 0x0B, 0x70, 0x0B, 0x70, 0x0B, 0x70, 0x0B, 0x70, 0x0B, 0x70, 0x0B, 0x70, 0x00,
    0x43, 0x00, 0x00, 0xB7, 0x00, 0x00, 0x32, 0x00, 0x00, 0x21, 0x00, 0x00, 0xB7, 0x00, 0x00, 0xB7,
    0x00, 0x00, 0xB7, 0x00, 0x00, 0xB7, 0x00, 0x00, 0xB7, 0x00, 0x00, 0xB7, 0x00, 0x00, 0xB7, 0x00,
    0x00, 0xB7, 0x00, 0x00, 0xB7, 0x00, 0x02, 0xE5, 0x00, 0x4F, 0xB0, 0x00, 0x01, 0x00, 0x00, 0x05,
    0x30, 0x00, 0x00, 0x0C, 0x70, 0x00, 0x00, 0x0C, 0x70, 0x00, 0x00, 0x0C, 0x70, 0x00, 0x32, 0x0C,
    0x70, 0x0A, 0xC1, 0x0C, 0x70, 0xAC, 0x10, 0x0C, 0x7A, 0xC1, 0x00, 0x0C, 0xEE, 0x10, 0x00, 0x0C,
    0x9E, 0x80, 0x00, 0x0C, 0x73, 0xE7, 0x00, 0x0C, 0x70, 0x4E, 0x60, 0x0C, 0x70, 0x04, 0xF5, 0x04,
    0x30, 0x0B, 0x70, 0x0B, 0x70, 0x0B, 0x70, 0x0B, 0x70, 0x0B, 0x70, 0x0B, 0x70, 0x0B, 0x70, 0x0B,
    0x70, 0x0B, 0x70, 0x0B, 0x70, 0x0B, 0x70, 0x02, 0x11, 0x54, 0x00, 0x25, 0x30, 0x00, 0x0C, 0x9E,
    0xCF, 0x85, 0xED, 0xF5, 0x00, 0x0C, 0xE2, 0x05, 0xFB, 0x10, 0x9C, 0x00, 0x0C, 0x90, 0x01, 0xF5,
    0x00, 0x4E, 0x00, 0x0C, 0x70, 0x00, 0xF3, 0x00, 0x3F, 0x00, 0x0C, 0x70, 0x00, 0xF3, 0x00, 0x3F,
    0x00, 0x0C, 0x70, 0x00, 0xF3, 0x00, 0x3F, 0x00, 0x0C, 0x70, 0x00, 0xF3, 0x00, 0x3F, 0x00, 0x0C,
    0x70, 0x00, 0xF3, 0x00, 0x3F, 0x00, 0x02, 0x11, 0x54, 0x00, 0x00, 0x0C, 0x9D, 0xCE, 0xA0, 0x00,
    0x0C, 0xE2, 0x03, 0xF3, 0x00, 0x0C, 0x90, 0x00, 0xD5, 0x00, 0x0C, 0x70, 0x00, 0xC6, 0x00, 0x0C,
    0x70, 0x00, 0xC6, 0x00, 0x0C, 0x70, 0x00, 0xC6, 0x00, 0x0C, 0x70, 0x00, 0xC6, 0x00, 0x0C, 0x70,
    0x00, 0xC6, 0x00, 0x00, 0x15, 0x52, 0x00, 0x03, 0xED, 0xCF, 0x50, 0x0B, 0xB0, 0x07, 0xE1, 0x1F,
    0x30, 0x00, 0xE5, 0x3F, 0x10, 0x00, 0xC7, 0x3F, 0x10, 0x00, 0xD7, 0x1F, 0x40, 0x01, 0xF4, 0x0A,
    0xC2, 0x19, 0xD0, 0x01, 0xCF, 0xFE, 0x40, 0x00, 0x02, 0x30, 0x00, 0x02, 0x12, 0x54, 0x00, 0x00,
    0x0C, 0xAE, 0xCE, 0xB0, 0x00, 0x0C, 0xE3, 0x02, 0xE5, 0x00, 0x0C, 0xA0, 0x00, 0xAA, 0x00, 0x0C,
    0x70, 0x00, 0x7C, 0x00, 0x0C, 0x80, 0x00, 0x8B, 0x00, 0x0C, 0xB0, 0x00, 0xA9, 0x00, 0x0C, 0xF5,
    0x05, 0xF3, 0x00, 0x0C, 0x8D, 0xFF, 0x80, 0x00, 0x0C, 0x70, 0x32, 0x00, 0x00, 0x0C, 0x70, 0x00,
    0x00, 0x00, 0x0C, 0x70, 0x00, 0x00, 0x00, 0x01, 0x10, 0x00, 0x00, 0x00, 0x00, 0x15, 0x40, 0x31,
    0x00, 0x03, 0xED, 0xDB, 0xD5, 0x00, 0x0B, 0xA0, 0x08, 0xF5, 0x00, 0x1F, 0x30, 0x01, 0xF5, 0x00,
    0x3F, 0x10, 0x00, 0xE5, 0x00, 0x3F, 0x10, 0x00, 0xE5, 0x00, 0x1F, 0x40, 0x02, 0xF5, 0x00, 0x0A,
    0xC1, 0x1A, 0xF5, 0x00, 0x02, 0xDF, 0xF8, 0xD5, 0x00, 0x00, 0x03, 0x20, 0xD5, 0x00, 0x00, 0x00,
    0x00, 0xD5, 0x00, 0x00, 0x00, 0x00, 0xD5, 0x00, 0x00, 0x00, 0x00, 0x21, 0x00, 0x02, 0x11, 0x53,
    0x0C, 0xAE, 0xD8, 0x0C, 0xE3, 0x00, 0x0C, 0x90, 0x00, 0x0C, 0x70, 0x00, 0x0C, 0x70, 0x00, 0x0C,
    0x70, 0x00, 0x0C, 0x70, 0x00, 0x0C, 0x70, 0x00, 0x00, 0x36, 0x52, 0x00, 0x0A, 0xEC, 0xCF, 0x00,
    0x2F, 0x20, 0x02, 0x00, 0x2F, 0x30, 0x00, 0x00, 0x0A, 0xFC, 0x82, 0x00, 0x00, 0x37, 0xDE, 0x10,
    0x00, 0x00, 0x0E, 0x50, 0x25, 0x10, 0x3F, 0x30, 0x3E, 0xFE, 0xF8, 0x00, 0x00, 0x23, 0x10, 0x00,
    0x06, 0x40, 0x00, 0x0B, 0x70, 0x00, 0x2C, 0x93, 0x30, 0x8E, 0xED, 0xC0, 0x0B, 0x70, 0x00, 0x0B,
    0x70, 0x00, 0x0B, 0x70, 0x00, 0x0B, 0x70, 0x00, 0x0B, 0x70, 0x00, 0x09, 0xB2, 0x20, 0x02, 0xCF,
    0xF0, 0x03, 0x10, 0x00, 0x31, 0x00, 0x0D, 0x50, 0x00, 0xD5, 0x00, 0x0D, 0x50, 0x00, 0xD5, 0x00,
    0x0D, 0x50, 0x00, 0xD5, 0x00, 0x0D, 0x50, 0x00, 0xD5, 0x00, 0x0D, 0x50, 0x00, 0xE5, 0x00, 0x0C,
    0x70, 0x01, 0xF5, 0x00, 0x08, 0xC1, 0x1A, 0xF5, 0x00, 0x02, 0xDF, 0xF7, 0xD5, 0x00, 0x00, 0x02,
    0x10, 0x00, 0x00, 0x22, 0x00, 0x00, 0x22, 0x5E, 0x00, 0x00, 0xE5, 0x1F, 0x40, 0x04, 0xF1, 0x0A,
    0x90, 0x09, 0xA0, 0x05, 0xE0, 0x0E, 0x50, 0x01, 0xE4, 0x4E, 0x10, 0x00, 0xA9, 0x9A, 0x00, 0x00,
    0x5E, 0xE5, 0x00, 0x00, 0x1E, 0xE0, 0x00, 0x12, 0x00, 0x13, 0x10, 0x02, 0x10, 0x4E, 0x00, 0x5F,
    0x60, 0x0E, 0x50, 0x1F, 0x30, 0x9D, 0xA0, 0x2F, 0x10, 0x0C, 0x60, 0xC6, 0xD0, 0x6D, 0x00, 0x08,
    0xA1, 0xE1, 0xE2, 0x99, 0x00, 0x05, 0xD5, 0xB0, 0xB5, 0xD5, 0x00, 0x01, 0xFA, 0x80, 0x7A, 0xF2,
    0x00, 0x00, 0xDF, 0x40, 0x4F, 0xD0, 0x00, 0x00, 0x9F, 0x10, 0x0F, 0xA0, 0x00, 0x13, 0x00, 0x00,
    0x31, 0x1D, 0x80, 0x07, 0xD1, 0x03, 0xF3, 0x3F, 0x40, 0x00, 0x8D, 0xC9, 0x00, 0x00, 0x0E, 0xE1,
    0x00, 0x00, 0x4F, 0xF3, 0x00, 0x01, 0xD7, 0x8D, 0x00, 0x09, 0xC0, 0x1D, 0x80, 0x4F, 0x30, 0x03,
    0xF3, 0x22, 0x00, 0x00, 0x22, 0x5E, 0x00, 0x00, 0xE5, 0x0E, 0x40, 0x05, 0xE0, 0x09, 0xA0, 0x0A,
    0x90, 0x03, 0xE1, 0x1F, 0x40, 0x00, 0xD6, 0x6D, 0x00, 0x00, 0x7B, 0xB8, 0x00, 0x00, 0x2F, 0xF2,
    0x00, 0x00, 0x0B, 0xC0, 0x00, 0x00, 0x0D, 0x70, 0x00, 0x00, 0x5F, 0x10, 0x00, 0x0E, 0xF7, 0x00,
    0x00, 0x02, 0x10, 0x00, 0x00, 0x13, 0x33, 0x33, 0x20, 0x3D, 0xDD, 0xDF, 0x80, 0x00, 0x00, 0x5E,
    0x30, 0x00, 0x02, 0xE5, 0x00, 0x00, 0x1D, 0x90, 0x00, 0x00, 0xAC, 0x00, 0x00, 0x07, 0xE2, 0x00,
    0x00, 0x3F, 0x51, 0x11, 0x10, 0x6F, 0xFF, 0xFF, 0x80, 0x00, 0x00, 0x15, 0x50, 0x00, 0x00, 0x00,
    0xDD, 0x90, 0x00, 0x00, 0x03, 0xF1, 0x00, 0x00, 0x00, 0x04, 0xE0, 0x00, 0x00, 0x00, 0x04, 0xE0,
    0x00, 0x00, 0x00, 0x05, 0xE0, 0x00, 0x00, 0x00, 0x1A, 0xB0, 0x00, 0x00, 0x05, 0xFE, 0x30, 0x00,
    0x00, 0x00, 0x1A, 0xB0, 0x00, 0x00, 0x00, 0x05, 0xE0, 0x00, 0x00, 0x00, 0x04, 0xE0, 0x00, 0x00,
    0x00, 0x04, 0xE0, 0x00, 0x00, 0x00, 0x03, 0xF1, 0x00, 0x00, 0x00, 0x01, 0xEC, 0x80, 0x00, 0x00,
    0x00, 0x16, 0x60, 0x00, 0x02, 0x60, 0x00, 0x04, 0xC0, 0x00, 0x04, 0xC0, 0x00, 0x04, 0xC0, 0x00,
    0x04, 0xC0, 0x00, 0x04, 0xC0, 0x00, 0x04, 0xC0, 0x00, 0x04, 0xC0, 0x00, 0x04, 0xC0, 0x00, 0x04,
    0xC0, 0x00, 0x04, 0xC0, 0x00, 0x04, 0xC0, 0x00, 0x04, 0xC0, 0x00, 0x04, 0xC0, 0x00, 0x04, 0xC0,
    0x00, 0x02, 0x70, 0x00, 0x02, 0x63, 0x00, 0x00, 0x00, 0x03, 0xAE, 0x70, 0x00, 0x00, 0x00, 0x07,
    0xC0, 0x00, 0x00, 0x00, 0x05, 0xD0, 0x00, 0x00, 0x00, 0x05, 0xD0, 0x00, 0x00, 0x00, 0x05, 0xD0,
    0x00, 0x00, 0x00, 0x02, 0xF5, 0x00, 0x00, 0x00, 0x00, 0x8F, 0xE0, 0x00, 0x00, 0x02, 0xF5, 0x10,
    0x00, 0x00, 0x05, 0xD0, 0x00, 0x00, 0x00, 0x05, 0xD0, 0x00, 0x00, 0x00, 0x05, 0xD0, 0x00, 0x00,
    0x00, 0x07, 0xC0, 0x00, 0x00, 0x03, 0xAE, 0x80, 0x00, 0x00, 0x02, 0x74, 0x00, 0x00, 0x00, 0x00,
    0x6B, 0xB6, 0x10, 0x18, 0x00, 0x08, 0xC7, 0x8D, 0xFD, 0xF8, 0x00, 0x03, 0x00, 0x00, 0x45, 0x20,
    0x00, 0x00, 0x00, 0x00, 0x00, 0x00, 0x00, 0x00, 0x00, 0x00, 0x00, 0x00, 0x00, 0x00, 0x00, 0x00,
    0x00, 0x00, 0x00, 0x00, 0x31, 0x00, 0x00, 0xF6, 0x00, 0x00, 0xA4, 0x00, 0x00, 0x00, 0x00, 0x00,
    0x93, 0x00, 0x00, 0xD5, 0x00, 0x00, 0xE5, 0x00, 0x00, 0xF6, 0x00, 0x00, 0xF6, 0x00, 0x00, 0xF6,
    0x00, 0x00, 0xF6, 0x00, 0x00, 0xB4, 0x00, 0x00, 0x11, 0x00, 0x0A, 0xBC, 0xA0, 0x01, 0x00, 0xA4,
    0x06, 0xCD, 0xE6, 0x2D, 0x10, 0x97, 0x2D, 0x13, 0xE7, 0x08, 0xDA, 0x75, 0x05, 0x55, 0x52, 0x18,
    0x88, 0x84, 0x00, 0x00, 0x00, 0x00, 0x00, 0x00, 0x00, 0x00, 0x00, 0x00, 0x01, 0x00, 0x00, 0x02,
    0xDD, 0xA0, 0x00, 0x09, 0x50, 0x95, 0x00, 0x0A, 0x30, 0x76, 0x00, 0x05, 0xC7, 0xD2, 0x00, 0x00,
    0x47, 0x20, 0x00, 0x00, 0x00, 0x00, 0x00, 0x00, 0x00, 0x00, 0x00, 0x00, 0x00, 0x00, 0x00, 0x00,
    0x00, 0x00, 0x00, 0x00, 0x00, 0x00, 0x00, 0x00, 0x00, 0x00, 0x00, 0x00, 0x00, 0x05, 0x10, 0x00,
    0x00, 0x00, 0x00, 0x0D, 0x30, 0x00, 0x00, 0x00, 0x00, 0x0D, 0x30, 0x00, 0x00, 0x05, 0x88, 0x8E,
    0xA8, 0x87, 0x00, 0x06, 0xAA, 0xAE, 0xBA, 0xA9, 0x00, 0x00, 0x00, 0x0D, 0x30, 0x00, 0x00, 0x00,
    0x00, 0x0D, 0x30, 0x00, 0x00, 0x00, 0x00, 0x07, 0x20, 0x00, 0x00, 0x02, 0x44, 0x44, 0x44, 0x43,
    0x00, 0x09, 0xFF, 0xFF, 0xFF, 0xFD, 0x00, 0x03, 0x10, 0x00, 0x31, 0x00, 0x0D, 0x50, 0x00, 0xD5,
    0x00, 0x0D, 0x50, 0x00, 0xD5, 0x00, 0x0D, 0x50, 0x00, 0xD5, 0x00, 0x0D, 0x50, 0x00, 0xD5, 0x00,
    0x0D, 0x50, 0x00, 0xE5, 0x00, 0x0D, 0x70, 0x00, 0xF5, 0x00, 0x0D, 0xC2, 0x08, 0xF7, 0x10, 0x0D,
    0xAF, 0xFC, 0xAF, 0x40, 0x0D, 0x51, 0x30, 0x12, 0x00, 0x0D, 0x50, 0x00, 0x00, 0x00, 0x0D, 0x50,
    0x00, 0x00, 0x00, 0x02, 0x10, 0x00, 0x00, 0x00, 0x01, 0x20, 0x08, 0xC0, 0x06, 0x90, 0x00, 0x00,
    0x00, 0x00, 0x00, 0x00, 0x00, 0x00, 0x00, 0x01, 0x00, 0x06, 0xDC, 0xB1, 0x2E, 0x10, 0xA7, 0x5B,
    0x00, 0x5A, 0x4B, 0x00, 0x6A, 0x1E, 0x41, 0xC5, 0x04, 0xBC, 0x70, 0x05, 0x55, 0x52, 0x18, 0x88,
    0x84, 0x00, 0x00, 0x00, 0x00, 0x00, 0x00, 0x00, 0x00, 0x00, 0x00, 0x02, 0x20, 0x00, 0x00, 0x0B,
    0x90, 0x00, 0x00, 0x07, 0x60, 0x00, 0x00, 0x03, 0x20, 0x00, 0x00, 0x0B, 0x80, 0x00, 0x00, 0x0C,
    0x70, 0x00, 0x00, 0x6E, 0x20, 0x00, 0x04, 0xF5, 0x00, 0x00, 0x0D, 0x80, 0x00, 0x00, 0x0F, 0x50,
    0x00, 0x10, 0x0C, 0xC5, 0x6C, 0x30, 0x02, 0xAD, 0xC7, 0x00, 0x00, 0x00, 0x03, 0x00, 0x00, 0x00,
    0x00, 0x7A, 0x00, 0x00, 0x00, 0x01, 0xA1, 0x00, 0x00, 0x00, 0x00, 0x00, 0x00, 0x00, 0x00, 0x04,
    0xE8, 0x00, 0x00, 0x00, 0x0A, 0xED, 0x00, 0x00, 0x00, 0x0E, 0x5F, 0x30, 0x00, 0x00, 0x5E, 0x0B,
    0x80, 0x00, 0x00, 0xA9, 0x06, 0xD0, 0x00, 0x01, 0xE4, 0x01, 0xF4, 0x00, 0x05, 0xE1, 0x00, 0xB9,
    0x00, 0x0A, 0xFF, 0xFF, 0xFE, 0x00, 0x1F, 0x63, 0x33, 0x3F, 0x40, 0x6E, 0x00, 0x00, 0x0B, 0x90,
    0xBA, 0x00, 0x00, 0x06, 0xE0, 0x00, 0x00, 0x12, 0x00, 0x00, 0x00, 0x00, 0xA7, 0x00, 0x00, 0x00,
    0x03, 0x90, 0x00, 0x00, 0x00, 0x00, 0x00, 0x00, 0x00, 0x09, 0xEE, 0xEE, 0xE8, 0x00, 0x0A, 0xB5,
    0x55, 0x53, 0x00, 0x0A, 0xA0, 0x00, 0x00, 0x00, 0x0A, 0xA0, 0x00, 0x00, 0x00, 0x0A, 0xC7, 0x77,
    0x72, 0x00, 0x0A, 0xEC, 0xCC, 0xC4, 0x00, 0x0A, 0xA0, 0x00, 0x00, 0x00, 0x0A, 0xA0, 0x00, 0x00,
    0x00, 0x0A, 0xA0, 0x00, 0x00, 0x00, 0x0A, 0xB4, 0x44, 0x43, 0x00, 0x0A, 0xFF, 0xFF, 0xFA, 0x00,
    0x00, 0x21, 0x02, 0xD2, 0x08, 0x40, 0x00, 0x00, 0x09, 0x90, 0x0A, 0xA0, 0x0A, 0xA0, 0x0A, 0xA0,
    0x0A, 0xA0, 0x0A, 0xA0, 0x0A, 0xA0, 0x0A, 0xA0, 0x0A, 0xA0, 0x0A, 0xA0, 0x0A, 0xA0, 0x00, 0x00,
    0x00, 0x10, 0x00, 0x00, 0x0C, 0xD8, 0xC2, 0x00, 0x00, 0x16, 0x06, 0x50, 0x00, 0x00, 0x00, 0x00,
    0x00, 0x00, 0x09, 0xE5, 0x00, 0x07, 0xB0, 0x0A, 0xFC, 0x00, 0x08, 0xC0, 0x0A, 0xBF, 0x40, 0x08,
    0xC0, 0x0A, 0x99, 0xB0, 0x08, 0xC0, 0x0A, 0x92, 0xF4, 0x08, 0xC0, 0x0A, 0x90, 0xAB, 0x08, 0xC0,
    0x0A, 0x90, 0x3F, 0x38, 0xC0, 0x0A, 0x90, 0x0A, 0xA8, 0xC0, 0x0A, 0x90, 0x03, 0xFA, 0xC0, 0x0A,
    0x90, 0x00, 0xBF, 0xC0, 0x0A, 0x90, 0x00, 0x4F, 0xC0, 0x00, 0x00, 0x01, 0x20, 0x00, 0x00, 0x00,
    0x00, 0x0C, 0x50, 0x00, 0x00, 0x00, 0x00, 0x48, 0x00, 0x00, 0x00, 0x00, 0x00, 0x12, 0x00, 0x00,
    0x00, 0x00, 0x2B, 0xFF, 0xE8, 0x00, 0x00, 0x02, 0xEB, 0x31, 0x5E, 0xA0, 0x00, 0x0A, 0xD1, 0x00,
    0x04, 0xF4, 0x00, 0x0E, 0x70, 0x00, 0x00, 0xD9, 0x00, 0x2F, 0x40, 0x00, 0x00, 0xAC, 0x00, 0x3F,
    0x30, 0x00, 0x00, 0x8D, 0x00, 0x3F, 0x40, 0x00, 0x00, 0xAC, 0x00, 0x0F, 0x70, 0x00, 0x00, 0xC9,
    0x00, 0x0A, 0xD0, 0x00, 0x04, 0xF4, 0x00, 0x02, 0xEA, 0x20, 0x4D, 0xB0, 0x00, 0x00, 0x3C, 0xFF,
    0xF9, 0x10, 0x00, 0x00, 0x00, 0x23, 0x10, 0x00, 0x00, 0x00, 0x00, 0x02, 0x10, 0x00, 0x00, 0x00,
    0x3D, 0x10, 0x00, 0x00, 0x00, 0x84, 0x00, 0x00, 0x00, 0x00, 0x00, 0x00, 0x00, 0x0C, 0x70, 0x00,
    0x09, 0xA0, 0x0C, 0x80, 0x00, 0x09, 0xB0, 0x0C, 0x80, 0x00, 0x09, 0xB0, 0x0C, 0x80, 0x00, 0x09,
    0xB0, 0x0C, 0x80, 0x00, 0x09, 0xB0, 0x0C, 0x80, 0x00, 0x09, 0xB0, 0x0C, 0x80, 0x00, 0x09, 0xB0,
    0x0C, 0x90, 0x00, 0x0B, 0xA0, 0x0A, 0xC0, 0x00, 0x0D, 0x80, 0x04, 0xF7, 0x11, 0x8F, 0x20, 0x00,
    0x7E, 0xFF, 0xE5, 0x00, 0x00, 0x00, 0x33, 0x00, 0x00, 0x00, 0x0F, 0x56, 0xD0, 0x00, 0x00, 0x08,
    0x33, 0x70, 0x00, 0x00, 0x00, 0x00, 0x00, 0x00, 0x0C, 0x70, 0x00, 0x09, 0xA0, 0x0C, 0x80, 0x00,
    0x09, 0xB0, 0x0C, 0x80, 0x00, 0x09, 0xB0, 0x0C, 0x80, 0x00, 0x09, 0xB0, 0x0C, 0x80, 0x00, 0x09,
    0xB0, 0x0C, 0x80, 0x00, 0x09, 0xB0, 0x0C, 0x80, 0x00, 0x09, 0xB0, 0x0C, 0x90, 0x00, 0x0B, 0xA0,
    0x0A, 0xC0, 0x00, 0x0D, 0x80, 0x04, 0xF7, 0x11, 0x8F, 0x20, 0x00, 0x7E, 0xFF, 0xE5, 0x00, 0x00,
    0x00, 0x33, 0x00, 0x00, 0x00, 0x00, 0x7B, 0x00, 0x00, 0x03, 0xD1, 0x00, 0x00, 0x08, 0x30, 0x00,
    0x00, 0x35, 0x51, 0x00, 0x09, 0xEC, 0xDE, 0x30, 0x03, 0x00, 0x09, 0xB0, 0x00, 0x01, 0x35, 0xE0,
    0x04, 0xDF, 0xDD, 0xF1, 0x0E, 0x70, 0x03, 0xF1, 0x2F, 0x10, 0x06, 0xF1, 0x1F, 0x60, 0x3D, 0xF1,
    0x07, 0xFF, 0xE6, 0xF1, 0x00, 0x13, 0x10, 0x00, 0x00, 0x00, 0x2E, 0x30, 0x00, 0x00, 0xC5, 0x00,
    0x00, 0x04, 0x80, 0x00, 0x00, 0x04, 0x63, 0x00, 0x02, 0xDE, 0xCF, 0x80, 0x0A, 0xB0, 0x03, 0xF2,
    0x1F, 0x30, 0x00, 0xB7, 0x3F, 0xDC, 0xCC, 0xE9, 0x3F, 0x43, 0x33, 0x32, 0x1F, 0x50, 0x00, 0x00,
    0x09, 0xD3, 0x01, 0x53, 0x01, 0xAF, 0xFF, 0xD3, 0x00, 0x01, 0x32, 0x00, 0x00, 0x8B, 0x00, 0x03,
    0xD1, 0x00, 0x09, 0x30, 0x00, 0x02, 0x10, 0x00, 0x0B, 0x70, 0x00, 0x0B, 0x70, 0x00, 0x0B, 0x70,
    0x00, 0x0B, 0x70, 0x00, 0x0B, 0x70, 0x00, 0x0B, 0x70, 0x00, 0x0B, 0x70, 0x00, 0x0B, 0x70, 0x00,
    0x00, 0x29, 0x23, 0x50, 0x00, 0x00, 0xA7, 0xDB, 0x50, 0x00, 0x00, 0x50, 0x25, 0x00, 0x00, 0x02,
    0x11, 0x54, 0x00, 0x00, 0x0C, 0x9D, 0xCE, 0xA0, 0x00, 0x0C, 0xE2, 0x03, 0xF3, 0x00, 0x0C, 0x90,
    0x00, 0xD5, 0x00, 0x0C, 0x70, 0x00, 0xC6, 0x00, 0x0C, 0x70, 0x00, 0xC6, 0x00, 0x0C, 0x70, 0x00,
    0xC6, 0x00, 0x0C, 0x70, 0x00, 0xC6, 0x00, 0x0C, 0x70, 0x00, 0xC6, 0x00, 0x00, 0x00, 0x4D, 0x10,
    0x00, 0x01, 0xD3, 0x00, 0x00, 0x06, 0x60, 0x00, 0x00, 0x15, 0x52, 0x00, 0x03, 0xED, 0xCF, 0x50,
    0x0B, 0xB0, 0x07, 0xE1, 0x1F, 0x30, 0x00, 0xE5, 0x3F, 0x10, 0x00, 0xC7, 0x3F, 0x10, 0x00, 0xD7,
    0x1F, 0x40, 0x01, 0xF4, 0x0A, 0xC2, 0x19, 0xD0, 0x01, 0xCF, 0xFE, 0x40, 0x00, 0x02, 0x30, 0x00,
    0x00, 0x00, 0x4E, 0x20, 0x00, 0x00, 0x01, 0xD4, 0x00, 0x00, 0x00, 0x05, 0x60, 0x00, 0x00, 0x03,
    0x10, 0x00, 0x31, 0x00, 0x0D, 0x50, 0x00, 0xD5, 0x00, 0x0D, 0x50, 0x00, 0xD5, 0x00, 0x0D, 0x50,
    0x00, 0xD5, 0x00, 0x0D, 0x50, 0x00, 0xD5, 0x00, 0x0D, 0x50, 0x00, 0xE5, 0x00, 0x0C, 0x70, 0x01,
    0xF5, 0x00, 0x08, 0xC1, 0x1A, 0xF5, 0x00, 0x02, 0xDF, 0xF7, 0xD5, 0x00, 0x00, 0x02, 0x10, 0x00,
    0x00, 0x00, 0x43, 0x16, 0x10, 0x00, 0x00, 0xC8, 0x3F, 0x20, 0x00, 0x00, 0x11, 0x02, 0x00, 0x00,
    0x03, 0x10, 0x00, 0x31, 0x00, 0x0D, 0x50, 0x00, 0xD5, 0x00, 0x0D, 0x50, 0x00, 0xD5, 0x00, 0x0D,
    0x50, 0x00, 0xD5, 0x00, 0x0D, 0x50, 0x00, 0xD5, 0x00, 0x0D, 0x50, 0x00, 0xE5, 0x00, 0x0C, 0x70,
    0x01, 0xF5, 0x00, 0x08, 0xC1, 0x1A, 0xF5, 0x00, 0x02, 0xDF, 0xF7, 0xD5, 0x00, 0x00, 0x02, 0x10,
    0x00, 0x00,
};

const gfx2_glyph_t font_ui_14_glyphs[117] = {
    {      0,   0,   0,    0,    0,   4 }, /* 'U+0020' */
    {      0,   5,  11,    0,    3,   5 }, /* '!' */
    {     33,   6,  11,    0,    3,   6 }, /* '"' */
    {     66,  11,  11,    0,    3,  11 }, /* '#' */
    {    132,   9,  15,    0,    2,   9 }, /* '$' */
    {    207,  13,  13,    0,    2,  13 }, /* '%' */
    {    298,  11,  13,    0,    2,  11 }, /* '&' */
    {    376,   4,  11,    0,    3,   4 }, /* ''' */
    {    398,   5,  14,    0,    2,   5 }, /* '(' */
    {    440,   5,  14,    0,    2,   5 }, /* ')' */
    {    482,   7,  12,    0,    2,   7 }, /* '*' */
    {    530,  11,  10,    0,    4,  11 }, /* '+' */
    {    590,   4,   4,    0,   12,   4 }, /* ',' */
    {    598,   5,   5,    0,    9,   5 }, /* '-' */
    {    613,   4,   2,    0,   12,   4 }, /* '.' */
    {    617,   5,  13,    0,    3,   5 }, /* '/' */
    {    656,   9,  13,    0,    2,   9 }, /* '0' */
    {    721,   9,  11,    0,    3,   9 }, /* '1' */
    {    776,   9,  12,    0,    2,   9 }, /* '2' */
    {    836,   9,  13,    0,    2,   9 }, /* '3' */
    {    901,   9,  11,    0,    3,   9 }, /* '4' */
    {    956,   9,  12,    0,    3,   9 }, /* '5' */
    {   1016,   9,  13,    0,    2,   9 }, /* '6' */
    {   1081,   9,  11,    0,    3,   9 }, /* '7' */
    {   1136,   9,  13,    0,    2,   9 }, /* '8' */
    {   1201,   9,  13,    0,    2,   9 }, /* '9' */
    {   1266,   5,   8,    0,    6,   5 }, /* ':' */
    {   1290,   5,  10,    0,    6,   5 }, /* ';' */
    {   1320,  11,   9,    0,    5,  11 }, /* '<' */
    {   1374,  11,   7,    0,    7,  11 }, /* '=' */
    {   1416,  11,   9,    0,    5,  11 }, /* '>' */
    {   1470,   7,  12,    0,    2,   7 }, /* '?' */
    {   1518,  14,  14,    0,    3,  14 }, /* '@' */
    {   1616,  10,  11,    0,    3,   9 }, /* 'A' */
    {   1671,   9,  11,    0,    3,   9 }, /* 'B' */
    {   1726,   9,  13,    0,    2,   9 }, /* 'C' */
    {   1791,  10,  11,    0,    3,  10 }, /* 'D' */
    {   1846,   9,  11,    0,    3,   9 }, /* 'E' */
    {   1901,   8,  11,    0,    3,   8 }, /* 'F' */
    {   1945,  10,  13,    0,    2,  10 }, /* 'G' */
    {   2010,  10,  11,    0,    3,  10 }, /* 'H' */
    {   2065,   4,  11,    0,    3,   4 }, /* 'I' */
    {   2087,   5,  14,   -1,    3,   4 }, /* 'J' */
    {   2129,  10,  11,    0,    3,   9 }, /* 'K' */
    {   2184,   8,  11,    0,    3,   8 }, /* 'L' */
    {   2228,  12,  11,    0,    3,  12 }, /* 'M' */
    {   2294,  10,  11,    0,    3,  10 }, /* 'N' */
    {   2349,  11,  13,    0,    2,  11 }, /* 'O' */
    {   2427,   8,  11,    0,    3,   8 }, /* 'P' */
    {   2471,  11,  14,    0,    2,  11 }, /* 'Q' */
    {   2555,   9,  11,    0,    3,   9 }, /* 'R' */
    {   2610,   9,  13,    0,    2,   9 }, /* 'S' */
    {   2675,  10,  11,   -1,    3,   8 }, /* 'T' */
    {   2730,  10,  12,    0,    3,  10 }, /* 'U' */
    {   2790,  10,  11,    0,    3,   9 }, /* 'V' */
    {   2845,  13,  11,    0,    3,  13 }, /* 'W' */
    {   2922,   9,  11,    0,    3,   9 }, /* 'X' */
    {   2977,  10,  11,   -1,    3,   8 }, /* 'Y' */
    {   3032,   9,  11,    0,    3,   9 }, /* 'Z' */
    {   3087,   5,  14,    0,    2,   5 }, /* '[' */
    {   3129,   5,  13,    0,    3,   5 }, /* 'U+005C' */
    {   3168,   5,  14,    0,    2,   5 }, /* ']' */
    {   3210,  11,  11,    0,    3,  11 }, /* '^' */
    {   3276,   8,   4,   -1,   14,   7 }, /* '_' */
    {   3292,   7,  12,    0,    2,   7 }, /* '`' */
    {   3340,   8,  10,    0,    5,   8 }, /* 'a' */
    {   3380,   9,  13,    0,    2,   9 }, /* 'b' */
    {   3445,   7,  10,    0,    5,   7 }, /* 'c' */
    {   3485,   9,  13,    0,    2,   9 }, /* 'd' */
    {   3550,   8,  10,    0,    5,   8 }, /* 'e' */
    {   3590,   6,  12,    0,    2,   5 }, /* 'f' */
    {   3626,   9,  13,    0,    5,   9 }, /* 'g' */
    {   3691,   9,  12,    0,    2,   9 }, /* 'h' */
    {   3751,   4,  12,    0,    2,   4 }, /* 'i' */
    {   3775,   5,  16,   -1,    2,   4 }, /* 'j' */
    {   3823,   8,  12,    0,    2,   8 }, /* 'k' */
    {   3871,   4,  12,    0,    2,   4 }, /* 'l' */
    {   3895,  13,   9,    0,    5,  13 }, /* 'm' */
    {   3958,   9,   9,    0,    5,   9 }, /* 'n' */
    {   4003,   8,  10,    0,    5,   8 }, /* 'o' */
    {   4043,   9,  13,    0,    5,   9 }, /* 'p' */
    {   4108,   9,  13,    0,    5,   9 }, /* 'q' */
    {   4173,   6,   9,    0,    5,   6 }, /* 'r' */
    {   4200,   7,  10,    0,    5,   7 }, /* 's' */
    {   4240,   5,  11,    0,    3,   5 }, /* 't' */
    {   4273,   9,  10,    0,    5,   9 }, /* 'u' */
    {   4323,   8,   9,    0,    5,   8 }, /* 'v' */
    {   4359,  11,   9,    0,    5,  11 }, /* 'w' */
    {   4413,   8,   9,    0,    5,   8 }, /* 'x' */
    {   4449,   8,  13,    0,    5,   8 }, /* 'y' */
    {   4501,   7,   9,    0,    5,   7 }, /* 'z' */
    {   4537,   9,  15,    0,    2,   9 }, /* '{' */
    {   4612,   5,  16,    0,    2,   5 }, /* '|' */
    {   4660,   9,  15,    0,    2,   9 }, /* '}' */
    {   4735,  11,   6,    0,    8,  11 }, /* '~' */
    {   4771,   5,  12,    0,    5,   5 }, /* 'U+00A1' */
    {   4807,   6,  12,    0,    2,   6 }, /* 'U+00AA' */
    {   4843,   7,  12,    0,    2,   7 }, /* 'U+00B0' */
    {   4891,  11,  10,    0,    4,  11 }, /* 'U+00B1' */
    {   4951,   9,  13,    0,    5,   9 }, /* 'U+00B5' */
    {   5016,   4,   7,    0,    7,   4 }, /* 'U+00B7' */
    {   5030,   6,  12,    0,    2,   6 }, /* 'U+00BA' */
    {   5066,   7,  12,    0,    5,   7 }, /* 'U+00BF' */
    {   5114,  10,  15,    0,   -1,   9 }, /* 'U+00C1' */
    {   5189,   9,  15,    0,   -1,   9 }, /* 'U+00C9' */
    {   5264,   4,  15,    0,   -1,   4 }, /* 'U+00CD' */
    {   5294,  10,  15,    0,   -1,  10 }, /* 'U+00D1' */
    {   5369,  11,  16,    0,   -1,  11 }, /* 'U+00D3' */
    {   5465,  10,  16,    0,   -1,  10 }, /* 'U+00DA' */
    {   5545,  10,  15,    0,    0,  10 }, /* 'U+00DC' */
    {   5620,   8,  13,    0,    2,   8 }, /* 'U+00E1' */
    {   5672,   8,  13,    0,    2,   8 }, /* 'U+00E9' */
    {   5724,   5,  12,    0,    2,   4 }, /* 'U+00ED' */
    {   5760,   9,  12,    0,    2,   9 }, /* 'U+00F1' */
    {   5820,   8,  13,    0,    2,   8 }, /* 'U+00F3' */
    {   5872,   9,  13,    0,    2,   9 }, /* 'U+00FA' */
    {   5937,   9,  13,    0,    2,   9 }, /* 'U+00FC' */
};

const gfx2_range_t font_ui_14_ranges[22] = {
    { 0x0020, 0x007E, 0 },
    { 0x00A1, 0x00A1, 95 },
    { 0x00AA, 0x00AA, 96 },
    { 0x00B0, 0x00B1, 97 },
    { 0x00B5, 0x00B5, 99 },
    { 0x00B7, 0x00B7, 100 },
    { 0x00BA, 0x00BA, 101 },
    { 0x00BF, 0x00BF, 102 },
    { 0x00C1, 0x00C1, 103 },
    { 0x00C9, 0x00C9, 104 },
    { 0x00CD, 0x00CD, 105 },
    { 0x00D1, 0x00D1, 106 },
    { 0x00D3, 0x00D3, 107 },
    { 0x00DA, 0x00DA, 108 },
    { 0x00DC, 0x00DC, 109 },
    { 0x00E1, 0x00E1, 110 },
    { 0x00E9, 0x00E9, 111 },
    { 0x00ED, 0x00ED, 112 },
    { 0x00F1, 0x00F1, 113 },
    { 0x00F3, 0x00F3, 114 },
    { 0x00FA, 0x00FA, 115 },
    { 0x00FC, 0x00FC, 116 },
};

const gfx2_font_t font_ui_14 = {
    font_ui_14_bitmap, font_ui_14_glyphs, font_ui_14_ranges,
    22, 14, 4, 18
};


/* ------------------------------------------------------------------ */
#include "font_ui_14b.h"


const uint8_t font_ui_14b_bitmap[6517] = {
    0x02, 0xEE, 0x40, 0x02, 0xFF, 0x40, 0x02, 0xFF, 0x40, 0x02, 0xFF, 0x40, 0x01, 0xFF, 0x30, 0x00,
    0xFF, 0x20, 0x00, 0xDF, 0x00, 0x00, 0x45, 0x00, 0x01, 0x99, 0x20, 0x02, 0xFF, 0x40, 0x02, 0xFF,
    0x40, 0x0A, 0xC0, 0xBB, 0x00, 0x0B, 0xD0, 0xCB, 0x00, 0x0B, 0xD0, 0xCB, 0x00, 0x0B, 0xD0, 0xCB,
    0x00, 0x01, 0x20, 0x21, 0x00, 0x00, 0x00, 0x00, 0x00, 0x00, 0x00, 0x00, 0x00, 0x00, 0x00, 0x00,
    0x00, 0x00, 0x00, 0x00, 0x00, 0x00, 0x00, 0x00, 0x00, 0x00, 0x00, 0x00, 0x00, 0x00, 0x00, 0x6B,
    0x04, 0xC1, 0x00, 0x00, 0x00, 0xBB, 0x08, 0xE0, 0x00, 0x00, 0x00, 0xE7, 0x0C, 0xA0, 0x00, 0x05,
    0xEE, 0xFF, 0xEF, 0xFE, 0x60, 0x03, 0x9C, 0xF9, 0xBF, 0xA9, 0x40, 0x00, 0x0A, 0xC0, 0x7F, 0x10,
    0x00, 0x06, 0x6E, 0xB6, 0xCD, 0x64, 0x00, 0x1F, 0xFF, 0xFF, 0xFF, 0xFA, 0x00, 0x03, 0x7F, 0x44,
    0xF7, 0x32, 0x00, 0x00, 0x8E, 0x05, 0xF2, 0x00, 0x00, 0x00, 0xCB, 0x08, 0xE0, 0x00, 0x00, 0x00,
    0x00, 0x51, 0x00, 0x00, 0x00, 0x00, 0xC4, 0x00, 0x00, 0x00, 0x49, 0xEB, 0x84, 0x00, 0x06, 0xFF,
    0xFF, 0xFD, 0x00, 0x0C, 0xF5, 0xC4, 0x26, 0x00, 0x0D, 0xF8, 0xD4, 0x00, 0x00, 0x09, 0xFF, 0xFD,
    0x92, 0x00, 0x01, 0x8D, 0xFF, 0xFE, 0x20, 0x00, 0x00, 0xD8, 0xDF, 0x60, 0x05, 0x10, 0xC4, 0xAF,
    0x60, 0x0E, 0xEC, 0xEC, 0xFE, 0x20, 0x07, 0xBE, 0xFE, 0xB4, 0x00, 0x00, 0x00, 0xC4, 0x00, 0x00,
    0x00, 0x00, 0xC4, 0x00, 0x00, 0x00, 0x00, 0x31, 0x00, 0x00, 0x00, 0x11, 0x00, 0x00, 0x02, 0x10,
    0x00, 0x09, 0xFF, 0xA0, 0x00, 0x4F, 0x30, 0x00, 0x4F, 0x75, 0xF7, 0x00, 0xCA, 0x00, 0x00, 0x8F,
    0x20, 0xFA, 0x05, 0xF2, 0x00, 0x00, 0x7F, 0x21, 0xF9, 0x0D, 0x90, 0x00, 0x00, 0x2F, 0xBA, 0xF4,
    0x6E, 0x20, 0x00, 0x00, 0x04, 0xBB, 0x61, 0xE8, 0x18, 0xB8, 0x10, 0x00, 0x00, 0x07, 0xE1, 0xBE,
    0x8F, 0xA0, 0x00, 0x00, 0x1E, 0x71, 0xF9, 0x0A, 0xF0, 0x00, 0x00, 0x9D, 0x02, 0xF8, 0x09, 0xF1,
    0x00, 0x02, 0xF5, 0x00, 0xEC, 0x2D, 0xD0, 0x00, 0x0A, 0xC0, 0x00, 0x5E, 0xFE, 0x40, 0x00, 0x03,
    0x20, 0x00, 0x01, 0x31, 0x00, 0x00, 0x00, 0x02, 0x10, 0x00, 0x00, 0x00, 0x09, 0xFF, 0xFC, 0x00,
    0x00, 0x00, 0x7F, 0xFB, 0xCE, 0x00, 0x00, 0x00, 0xAF, 0xA0, 0x02, 0x00, 0x00, 0x00, 0x7F, 0xE2,
    0x00, 0x00, 0x00, 0x00, 0xAF, 0xFD, 0x10, 0x38, 0x60, 0x08, 0xFE, 0xEF, 0xB0, 0x7F, 0x90, 0x1F,
    0xF5, 0x4F, 0xF8, 0xCF, 0x60, 0x2F, 0xF2, 0x07, 0xFF, 0xFE, 0x10, 0x1F, 0xF8, 0x00, 0xBF, 0xF7,
    0x00, 0x0A, 0xFF, 0xCC, 0xFF, 0xFD, 0x10, 0x01, 0xAF, 0xFF, 0xD6, 0xDF, 0xC0, 0x00, 0x01, 0x31,
    0x00, 0x00, 0x00, 0x0A, 0xC0, 0x0B, 0xD0, 0x0B, 0xD0, 0x0B, 0xD0, 0x01, 0x20, 0x00, 0x00, 0x00,
    0x00, 0x00, 0x00, 0x00, 0x00, 0x00, 0x00, 0x00, 0x00, 0x00, 0x05, 0x60, 0x00, 0x5F, 0xB0, 0x00,
    0xCF, 0x50, 0x02, 0xFE, 0x00, 0x07, 0xFB, 0x00, 0x0A, 0xF8, 0x00, 0x0C, 0xF7, 0x00, 0x0C, 0xF6,
    0x00, 0x0B, 0xF7, 0x00, 0x09, 0xF9, 0x00, 0x05, 0xFC, 0x00, 0x01, 0xEF, 0x20, 0x00, 0x9F, 0x70,
    0x00, 0x2F, 0xD0, 0x05, 0x61, 0x00, 0x08, 0xF7, 0x00, 0x02, 0xFE, 0x00, 0x00, 0xCF, 0x50, 0x00,
    0x8F, 0x90, 0x00, 0x6F, 0xD0, 0x00, 0x4F, 0xE0, 0x00, 0x4F, 0xF0, 0x00, 0x5F, 0xE0, 0x00, 0x7F,
    0xB0, 0x00, 0xAF, 0x80, 0x00, 0xEF, 0x30, 0x04, 0xFC, 0x00, 0x0B, 0xF4, 0x00, 0x00, 0x02, 0x00,
    0x00, 0x00, 0x0F, 0x10, 0x00, 0x68, 0x1F, 0x27, 0x70, 0x3C, 0xDF, 0xDC, 0x40, 0x02, 0xDF, 0xE2,
    0x00, 0x6E, 0x9F, 0x9E, 0x70, 0x43, 0x0F, 0x13, 0x40, 0x00, 0x0C, 0x10, 0x00, 0x00, 0x00, 0x00,
    0x00, 0x00, 0x00, 0x00, 0x00, 0x00, 0x00, 0x00, 0x00, 0x00, 0x00, 0x00, 0x00, 0x00, 0x00, 0x16,
    0x30, 0x00, 0x00, 0x00, 0x00, 0x2F, 0x70, 0x00, 0x00, 0x00, 0x00, 0x2F, 0x70, 0x00, 0x00, 0x00,
    0x00, 0x2F, 0x70, 0x00, 0x00, 0x05, 0x88, 0x9F, 0xB8, 0x87, 0x00, 0x09, 0xFF, 0xFF, 0xFF, 0xFD,
    0x00, 0x01, 0x22, 0x4F, 0x82, 0x22, 0x00, 0x00, 0x00, 0x2F, 0x70, 0x00, 0x00, 0x00, 0x00, 0x2F,
    0x70, 0x00, 0x00, 0x00, 0x00, 0x2F, 0x70, 0x00, 0x00, 0x08, 0xC9, 0x00, 0x09, 0xFB, 0x00, 0x0A,
    0xFA, 0x00, 0x0D, 0xF2, 0x00, 0x2F, 0x70, 0x00, 0x02, 0x00, 0x00, 0x26, 0x66, 0x50, 0x4F, 0xFF,
    0xD0, 0x3B, 0xBB, 0xA0, 0x00, 0x00, 0x00, 0x00, 0x00, 0x00, 0x00, 0x00, 0x00, 0x08, 0xC9, 0x00,
    0x09, 0xFB, 0x00, 0x09, 0xFB, 0x00, 0x00, 0x09, 0xB0, 0x00, 0x0E, 0x80, 0x00, 0x3F, 0x40, 0x00,
    0x8E, 0x00, 0x00, 0xCA, 0x00, 0x01, 0xF6, 0x00, 0x05, 0xF2, 0x00, 0x09, 0xC0, 0x00, 0x0E, 0x80,
    0x00, 0x3F, 0x40, 0x00, 0x7E, 0x00, 0x00, 0xBB, 0x00, 0x00, 0x63, 0x00, 0x00, 0x00, 0x00, 0x21,
    0x00, 0x00, 0x00, 0x7E, 0xFF, 0xA1, 0x00, 0x06, 0xFF, 0xDF, 0xFB, 0x00, 0x0D, 0xFA, 0x04, 0xFF,
    0x40, 0x2F, 0xF5, 0x00, 0xEF, 0x80, 0x5F, 0xF3, 0x00, 0xCF, 0xA0, 0x5F, 0xF3, 0x00, 0xCF, 0xB0,
    0x5F, 0xF3, 0x00, 0xCF, 0xA0, 0x3F, 0xF5, 0x00, 0xEF, 0x80, 0x0E, 0xF9, 0x03, 0xFF, 0x40, 0x07,
    0xFF, 0xCE, 0xFC, 0x00, 0x00, 0x8F, 0xFF, 0xC2, 0x00, 0x00, 0x01, 0x32, 0x00, 0x00, 0x03, 0x9D,
    0xEE, 0x30, 0x00, 0x07, 0xFF, 0xFF, 0x30, 0x00, 0x03, 0x44, 0xFF, 0x30, 0x00, 0x00, 0x03, 0xFF,
    0x30, 0x00, 0x00, 0x03, 0xFF, 0x30, 0x00, 0x00, 0x03, 0xFF, 0x30, 0x00, 0x00, 0x03, 0xFF, 0x30,
    0x00, 0x00, 0x03, 0xFF, 0x30, 0x00, 0x00, 0x03, 0xFF, 0x30, 0x00, 0x06, 0xEE, 0xFF, 0xEE, 0x70,
    0x06, 0xFF, 0xFF, 0xFF, 0x70, 0x00, 0x01, 0x20, 0x00, 0x00, 0x08, 0xDF, 0xFF, 0xA1, 0x00, 0x0E,
    0xFD, 0xEF, 0xFB, 0x00, 0x09, 0x20, 0x0B, 0xFF, 0x10, 0x00, 0x00, 0x07, 0xFF, 0x20, 0x00, 0x00,
    0x0B, 0xFD, 0x00, 0x00, 0x00, 0x7F, 0xF4, 0x00, 0x00, 0x07, 0xFF, 0x50, 0x00, 0x00, 0x7F, 0xF5,
    0x00, 0x00, 0x08, 0xFF, 0x61, 0x11, 0x00, 0x0E, 0xFF, 0xFF, 0xFF, 0x30, 0x0E, 0xFF, 0xFF, 0xFF,
    0x30, 0x00, 0x01, 0x20, 0x00, 0x00, 0x08, 0xEF, 0xFF, 0xB2, 0x00, 0x0A, 0xFD, 0xEF, 0xFC, 0x00,
    0x03, 0x00, 0x0A, 0xFF, 0x10, 0x00, 0x00, 0x08, 0xFE, 0x00, 0x00, 0x38, 0xAF, 0xE5, 0x00, 0x00,
    0x6F, 0xFF, 0xC3, 0x00, 0x00, 0x24, 0x6D, 0xFE, 0x10, 0x00, 0x00, 0x04, 0xFF, 0x40, 0x14, 0x00,
    0x07, 0xFF, 0x40, 0x1F, 0xDB, 0xCF, 0xFD, 0x00, 0x1D, 0xFF, 0xFF, 0xB2, 0x00, 0x00, 0x13, 0x31,
    0x00, 0x00, 0x00, 0x00, 0xAE, 0xE5, 0x00, 0x00, 0x05, 0xFF, 0xF6, 0x00, 0x00, 0x1D, 0xDF, 0xF6,
    0x00, 0x00, 0x8F, 0x5F, 0xF6, 0x00, 0x02, 0xFA, 0x0F, 0xF6, 0x00, 0x0B, 0xE2, 0x0F, 0xF6, 0x00,
    0x4F, 0x70, 0x1F, 0xF6, 0x00, 0x6F, 0xFF, 0xFF, 0xFF, 0xC0, 0x6F, 0xFF, 0xFF, 0xFF, 0xC0, 0x00,
    0x00, 0x0F, 0xF6, 0x00, 0x00, 0x00, 0x0F, 0xF6, 0x00, 0x08, 0xEE, 0xEE, 0xEA, 0x00, 0x09, 0xFF,
    0xFF, 0xFB, 0x00, 0x09, 0xF8, 0x22, 0x22, 0x00, 0x09, 0xF9, 0x53, 0x10, 0x00, 0x09, 0xFF, 0xFF,
    0xD4, 0x00, 0x09, 0xDA, 0xAF, 0xFE, 0x10, 0x01, 0x00, 0x06, 0xFF, 0x50, 0x00, 0x00, 0x02, 0xFF,
    0x60, 0x07, 0x10, 0x07, 0xFF, 0x50, 0x0E, 0xEC, 0xCF, 0xFD, 0x00, 0x09, 0xEF, 0xFF, 0xB2, 0x00,
    0x00, 0x02, 0x31, 0x00, 0x00, 0x00, 0x00, 0x01, 0x00, 0x00, 0x00, 0x2A, 0xFF, 0xFC, 0x00, 0x01,
    0xDF, 0xFC, 0xDF, 0x00, 0x08, 0xFE, 0x20, 0x02, 0x00, 0x0E, 0xF7, 0x12, 0x00, 0x00, 0x1F, 0xFC,
    0xFF, 0xE6, 0x00, 0x2F, 0xFF, 0xBC, 0xFF, 0x30, 0x2F, 0xFB, 0x00, 0xEF, 0x80, 0x0F, 0xF9, 0x00,
    0xCF, 0xA0, 0x0B, 0xFB, 0x00, 0xEF, 0x80, 0x04, 0xFF, 0xAB, 0xFE, 0x20, 0x00, 0x6E, 0xFF, 0xD4,
    0x00, 0x00, 0x00, 0x32, 0x00, 0x00, 0x1E, 0xEE, 0xEE, 0xEE, 0x50, 0x1F, 0xFF, 0xFF, 0xFF, 0x50,
    0x02, 0x22, 0x29, 0xFE, 0x10, 0x00, 0x00, 0x0E, 0xF9, 0x00, 0x00, 0x00, 0x5F, 0xF2, 0x00, 0x00,
    0x00, 0xBF, 0xB0, 0x00, 0x00, 0x02, 0xFF, 0x50, 0x00, 0x00, 0x08, 0xFE, 0x00, 0x00, 0x00, 0x1E,
    0xF8, 0x00, 0x00, 0x00, 0x6F, 0xF2, 0x00, 0x00, 0x00, 0xCF, 0xA0, 0x00, 0x00, 0x00, 0x00, 0x21,
    0x00, 0x00, 0x01, 0xAF, 0xFF, 0xC4, 0x00, 0x0A, 0xFF, 0xAD, 0xFE, 0x10, 0x0E, 0xF8, 0x03, 0xFF,
    0x40, 0x0C, 0xF8, 0x03, 0xFF, 0x30, 0x04, 0xEF, 0xBD, 0xF9, 0x00, 0x02, 0xBF, 0xFF, 0xD5, 0x00,
    0x0C, 0xFB, 0x26, 0xFF, 0x30, 0x2F, 0xF4, 0x00, 0xDF, 0x80, 0x1F, 0xF5, 0x01, 0xEF, 0x70, 0x0C,
    0xFE, 0x9C, 0xFF, 0x30, 0x02, 0xBF, 0xFF, 0xE5, 0x00, 0x00, 0x01, 0x32, 0x00, 0x00, 0x00, 0x00,
    0x10, 0x00, 0x00, 0x01, 0x9F, 0xFE, 0x80, 0x00, 0x0A, 0xFE, 0xBE, 0xF8, 0x00, 0x2F, 0xF5, 0x06,
    0xFF, 0x10, 0x4F, 0xF2, 0x03, 0xFF, 0x50, 0x3F, 0xF4, 0x05, 0xFF, 0x70, 0x0D, 0xFD, 0x8D, 0xFF,
    0x80, 0x03, 0xDF, 0xFD, 0xFF, 0x70, 0x00, 0x13, 0x42, 0xFF, 0x40, 0x01, 0x00, 0x09, 0xFE, 0x00,
    0x0A, 0xCA, 0xCF, 0xF6, 0x00, 0x08, 0xFF, 0xFE, 0x60, 0x00, 0x00, 0x13, 0x20, 0x00, 0x00, 0x01,
    0x33, 0x00, 0x07, 0xFD, 0x00, 0x07, 0xFD, 0x00, 0x05, 0x98, 0x00, 0x00, 0x00, 0x00, 0x00, 0x00,
    0x00, 0x06, 0xCB, 0x00, 0x07, 0xFD, 0x00, 0x07, 0xFD, 0x00, 0x01, 0x33, 0x00, 0x07, 0xFD, 0x00,
    0x07, 0xFD, 0x00, 0x05, 0x98, 0x00, 0x00, 0x00, 0x00, 0x00, 0x00, 0x00, 0x06, 0xCB, 0x00, 0x07,
    0xFD, 0x00, 0x08, 0xFC, 0x00, 0x0B, 0xF4, 0x00, 0x0F, 0x90, 0x00, 0x02, 0x10, 0x00, 0x00, 0x00,
    0x00, 0x01, 0x6A, 0x00, 0x00, 0x00, 0x03, 0x9E, 0xFD, 0x00, 0x00, 0x16, 0xCF, 0xFC, 0x61, 0x00,
    0x06, 0xEF, 0xE8, 0x30, 0x00, 0x00, 0x09, 0xFE, 0x50, 0x00, 0x00, 0x00, 0x02, 0x9E, 0xFE, 0x83,
    0x00, 0x00, 0x00, 0x01, 0x6C, 0xFF, 0xC6, 0x00, 0x00, 0x00, 0x00, 0x39, 0xED, 0x00, 0x00, 0x00,
    0x00, 0x00, 0x15, 0x00, 0x02, 0x44, 0x44, 0x44, 0x43, 0x00, 0x09, 0xFF, 0xFF, 0xFF, 0xFD, 0x00,
    0x04, 0x77, 0x77, 0x77, 0x76, 0x00, 0x00, 0x00, 0x00, 0x00, 0x00, 0x00, 0x08, 0xDD, 0xDD, 0xDD,
    0xDC, 0x00, 0x07, 0xDD, 0xDD, 0xDD, 0xDB, 0x00, 0x00, 0x00, 0x00, 0x00, 0x00, 0x00, 0x00, 0x00,
    0x00, 0x00, 0x00, 0x00, 0x07, 0x82, 0x00, 0x00, 0x00, 0x00, 0x08, 0xFF, 0xB5, 0x00, 0x00, 0x00,
    0x00, 0x4A, 0xFF, 0xE8, 0x20, 0x00, 0x00, 0x00, 0x17, 0xCF, 0xFA, 0x00, 0x00, 0x00, 0x00, 0x3B,
    0xFD, 0x00, 0x00, 0x01, 0x7C, 0xFF, 0xB4, 0x00, 0x03, 0xAF, 0xFD, 0x82, 0x00, 0x00, 0x09, 0xFB,
    0x50, 0x00, 0x00, 0x00, 0x04, 0x20, 0x00, 0x00, 0x00, 0x00, 0x00, 0x02, 0x00, 0x00, 0x0B, 0xFF,
    0xFB, 0x20, 0x1F, 0xFD, 0xFF, 0xA0, 0x17, 0x00, 0x8F, 0xE0, 0x00, 0x00, 0xAF, 0xD0, 0x00, 0x06,
    0xFF, 0x60, 0x00, 0x4F, 0xF8, 0x00, 0x00, 0x9F, 0xC0, 0x00, 0x00, 0x35, 0x30, 0x00, 0x00, 0x69,
    0x60, 0x00, 0x00, 0xBF, 0xA0, 0x00, 0x00, 0xBF, 0xA0, 0x00, 0x00, 0x00, 0x15, 0x87, 0x40, 0x00,
    0x00, 0x00, 0x06, 0xEF, 0xDD, 0xFD, 0x40, 0x00, 0x00, 0x7F, 0x81, 0x00, 0x2A, 0xF4, 0x00, 0x03,
    0xF6, 0x00, 0x31, 0x11, 0xAC, 0x00, 0x0A, 0xB0, 0x3E, 0xFD, 0xD8, 0x1F, 0x40, 0x0E, 0x50, 0xBE,
    0x48, 0xF8, 0x0C, 0x70, 0x1F, 0x30, 0xE8, 0x00, 0xF8, 0x0B, 0x80, 0x1F, 0x20, 0xF8, 0x00, 0xF8,
    0x0D, 0x60, 0x0E, 0x50, 0xCD, 0x16, 0xF9, 0x8E, 0x10, 0x0A, 0xA0, 0x4E, 0xFE, 0xDF, 0xE4, 0x00,
    0x04, 0xF5, 0x02, 0x52, 0x54, 0x10, 0x00, 0x00, 0x8F, 0x70, 0x00, 0x2B, 0x30, 0x00, 0x00, 0x07,
    0xFE, 0xCD, 0xFD, 0x30, 0x00, 0x00, 0x00, 0x26, 0x98, 0x50, 0x00, 0x00, 0x00, 0x06, 0xEE, 0xC0,
    0x00, 0x00, 0x00, 0x0B, 0xFF, 0xF3, 0x00, 0x00, 0x00, 0x2F, 0xFE, 0xF8, 0x00, 0x00, 0x00, 0x6F,
    0xE8, 0xFD, 0x00, 0x00, 0x00, 0xCF, 0xA3, 0xFF, 0x30, 0x00, 0x02, 0xFF, 0x50, 0xDF, 0x80, 0x00,
    0x07, 0xFF, 0x10, 0x9F, 0xD0, 0x00, 0x0C, 0xFF, 0xFF, 0xFF, 0xF3, 0x00, 0x2F, 0xFF, 0xFF, 0xFF,
    0xF8, 0x00, 0x7F, 0xF1, 0x00, 0x0A, 0xFD, 0x00, 0xCF, 0xC0, 0x00, 0x05, 0xFF, 0x30, 0x0B, 0xEE,
    0xEE, 0xC8, 0x00, 0x0C, 0xFF, 0xFF, 0xFF, 0x80, 0x0C, 0xFC, 0x01, 0xCF, 0xD0, 0x0C, 0xFC, 0x00,
    0xAF, 0xD0, 0x0C, 0xFE, 0xBB, 0xFF, 0x60, 0x0C, 0xFF, 0xFF, 0xFE, 0x50, 0x0C, 0xFC, 0x34, 0xBF,
    0xF1, 0x0C, 0xFC, 0x00, 0x4F, 0xF4, 0x0C, 0xFC, 0x00, 0x8F, 0xF3, 0x0C, 0xFF, 0xEE, 0xFF, 0xD1,
    0x0C, 0xFF, 0xFF, 0xDA, 0x20, 0x00, 0x00, 0x01, 0x10, 0x00, 0x00, 0x19, 0xEF, 0xFE, 0x80, 0x01,
    0xDF, 0xFF, 0xEF, 0xF1, 0x0A, 0xFF, 0x81, 0x02, 0x91, 0x1F, 0xFB, 0x00, 0x00, 0x00, 0x4F, 0xF6,
    0x00, 0x00, 0x00, 0x5F, 0xF5, 0x00, 0x00, 0x00, 0x4F, 0xF6, 0x00, 0x00, 0x00, 0x1F, 0xFB, 0x00,
    0x00, 0x00, 0x0A, 0xFF, 0x70, 0x01, 0x81, 0x02, 0xEF, 0xFE, 0xDF, 0xF1, 0x00, 0x2A, 0xFF, 0xFF,
    0xA0, 0x00, 0x00, 0x13, 0x20, 0x00, 0x0B, 0xEE, 0xED, 0xB7, 0x10, 0x00, 0x0C, 0xFF, 0xFF, 0xFF,
    0xD2, 0x00, 0x0C, 0xFC, 0x35, 0xAF, 0xFB, 0x00, 0x0C, 0xFC, 0x00, 0x0A, 0xFF, 0x30, 0x0C, 0xFC,
    0x00, 0x04, 0xFF, 0x60, 0x0C, 0xFC, 0x00, 0x02, 0xFF, 0x70, 0x0C, 0xFC, 0x00, 0x04, 0xFF, 0x60,
    0x0C, 0xFC, 0x00, 0x0A, 0xFF, 0x30, 0x0C, 0xFC, 0x24, 0x9F, 0xFC, 0x00, 0x0C, 0xFF, 0xFF, 0xFF,
    0xD2, 0x00, 0x0C, 0xFF, 0xFE, 0xC8, 0x10, 0x00, 0x0B, 0xEE, 0xEE, 0xEE, 0x10, 0x0C, 0xFF, 0xFF,
    0xFF, 0x10, 0x0C, 0xFC, 0x33, 0x33, 0x00, 0x0C, 0xFC, 0x00, 0x00, 0x00, 0x0C, 0xFE, 0xCC, 0xCA,
    0x00, 0x0C, 0xFF, 0xFF, 0xFC, 0x00, 0x0C, 0xFD, 0x55, 0x54, 0x00, 0x0C, 0xFC, 0x00, 0x00, 0x00,
    0x0C, 0xFC, 0x22, 0x22, 0x00, 0x0C, 0xFF, 0xFF, 0xFF, 0x40, 0x0C, 0xFF, 0xFF, 0xFF, 0x40, 0x0B,
    0xEE, 0xEE, 0xEE, 0x10, 0x0C, 0xFF, 0xFF, 0xFF, 0x10, 0x0C, 0xFC, 0x33, 0x33, 0x00, 0x0C, 0xFC,
    0x00, 0x00, 0x00, 0x0C, 0xFE, 0xCC, 0xCA, 0x00, 0x0C, 0xFF, 0xFF, 0xFC, 0x00, 0x0C, 0xFD, 0x55,
    0x54, 0x00, 0x0C, 0xFC, 0x00, 0x00, 0x00, 0x0C, 0xFC, 0x00, 0x00, 0x00, 0x0C, 0xFC, 0x00, 0x00,
    0x00, 0x0C, 0xFC, 0x00, 0x00, 0x00, 0x00, 0x00, 0x01, 0x10, 0x00, 0x00, 0x00, 0x19, 0xEF, 0xFF,
    0xB5, 0x00, 0x01, 0xDF, 0xFF, 0xEF, 0xFB, 0x00, 0x0A, 0xFF, 0x91, 0x01, 0x58, 0x00, 0x1F, 0xFC,
    0x00, 0x00, 0x00, 0x00, 0x4F, 0xF6, 0x00, 0x11, 0x11, 0x00, 0x5F, 0xF5, 0x00, 0xDF, 0xFF, 0x10,
    0x4F, 0xF6, 0x00, 0xBD, 0xFF, 0x10, 0x1F, 0xFB, 0x00, 0x05, 0xFF, 0x10, 0x0A, 0xFF, 0x70, 0x05,
    0xFF, 0x10, 0x02, 0xEF, 0xFE, 0xDF, 0xFF, 0x10, 0x00, 0x2A, 0xFF, 0xFF, 0xC6, 0x00, 0x00, 0x00,
    0x13, 0x21, 0x00, 0x00, 0x0B, 0xEB, 0x00, 0x07, 0xEE, 0x10, 0x0C, 0xFC, 0x00, 0x07, 0xFF, 0x10,
    0x0C, 0xFC, 0x00, 0x07, 0xFF, 0x10, 0x0C, 0xFC, 0x00, 0x07, 0xFF, 0x10, 0x0C, 0xFE, 0xCC, 0xCD,
    0xFF, 0x10, 0x0C, 0xFF, 0xFF, 0xFF, 0xFF, 0x10, 0x0C, 0xFD, 0x55, 0x5A, 0xFF, 0x10, 0x0C, 0xFC,
    0x00, 0x07, 0xFF, 0x10, 0x0C, 0xFC, 0x00, 0x07, 0xFF, 0x10, 0x0C, 0xFC, 0x00, 0x07, 0xFF, 0x10,
    0x0C, 0xFC, 0x00, 0x07, 0xFF, 0x10, 0x0B, 0xEB, 0x00, 0x0C, 0xFC, 0x00, 0x0C, 0xFC, 0x00, 0x0C,
    0xFC, 0x00, 0x0C, 0xFC, 0x00, 0x0C, 0xFC, 0x00, 0x0C, 0xFC, 0x00, 0x0C, 0xFC, 0x00, 0x0C, 0xFC,
    0x00, 0x0C, 0xFC, 0x00, 0x0C, 0xFC, 0x00, 0x00, 0xBE, 0xB0, 0x00, 0xCF, 0xC0, 0x00, 0xCF, 0xC0,
    0x00, 0xCF, 0xC0, 0x00, 0xCF, 0xC0, 0x00, 0xCF, 0xC0, 0x00, 0xCF, 0xC0, 0x00, 0xCF, 0xC0, 0x00,
    0xCF, 0xC0, 0x00, 0xCF, 0xC0, 0x00, 0xDF, 0xB0, 0x26, 0xFF, 0x90, 0xCF, 0xFF, 0x20, 0xBE, 0xB3,
    0x00, 0x0B, 0xEB, 0x00, 0x1D, 0xEC, 0x10, 0x0C, 0xFC, 0x01, 0xCF, 0xE2, 0x00, 0x0C, 0xFC, 0x0B,
    0xFE, 0x30, 0x00, 0x0C, 0xFC, 0xAF, 0xF4, 0x00, 0x00, 0x0C, 0xFF, 0xFF, 0x50, 0x00, 0x00, 0x0C,
    0xFF, 0xFD, 0x10, 0x00, 0x00, 0x0C, 0xFE, 0xFF, 0xB0, 0x00, 0x00, 0x0C, 0xFC, 0x7F, 0xFA, 0x00,
    0x00, 0x0C, 0xFC, 0x09, 0xFF, 0x90, 0x00, 0x0C, 0xFC, 0x00, 0xAF, 0xF8, 0x00, 0x0C, 0xFC, 0x00,
    0x0B, 0xFF, 0x60, 0x0B, 0xEB, 0x00, 0x00, 0x00, 0x0C, 0xFC, 0x00, 0x00, 0x00, 0x0C, 0xFC, 0x00,
    0x00, 0x00, 0x0C, 0xFC, 0x00, 0x00, 0x00, 0x0C, 0xFC, 0x00, 0x00, 0x00, 0x0C, 0xFC, 0x00, 0x00,
    0x00, 0x0C, 0xFC, 0x00, 0x00, 0x00, 0x0C, 0xFC, 0x00, 0x00, 0x00, 0x0C, 0xFC, 0x22, 0x22, 0x00,
    0x0C, 0xFF, 0xFF, 0xFF, 0x40, 0x0C, 0xFF, 0xFF, 0xFF, 0x40, 0x0B, 0xEE, 0x90, 0x00, 0x3E, 0xEE,
    0x30, 0x0C, 0xFF, 0xE1, 0x00, 0x9F, 0xFF, 0x30, 0x0C, 0xFF, 0xF6, 0x01, 0xEF, 0xFF, 0x30, 0x0C,
    0xFC, 0xFC, 0x05, 0xFC, 0xFF, 0x30, 0x0C, 0xFA, 0xCF, 0x2B, 0xF6, 0xFF, 0x30, 0x0C, 0xFA, 0x6F,
    0xAF, 0xC3, 0xFF, 0x30, 0x0C, 0xFA, 0x1E, 0xFF, 0x73, 0xFF, 0x30, 0x0C, 0xFA, 0x09, 0xFF, 0x13,
    0xFF, 0x30, 0x0C, 0xFA, 0x04, 0xD9, 0x03, 0xFF, 0x30, 0x0C, 0xFA, 0x00, 0x00, 0x03, 0xFF, 0x30,
    0x0C, 0xFA, 0x00, 0x00, 0x03, 0xFF, 0x30, 0x0B, 0xEE, 0x40, 0x05, 0xEE, 0x10, 0x0C, 0xFF, 0xB0,
    0x05, 0xFF, 0x10, 0x0C, 0xFF, 0xF4, 0x05, 0xFF, 0x10, 0x0C, 0xFE, 0xFB, 0x05, 0xFF, 0x10, 0x0C,
    0xFA, 0xDF, 0x35, 0xFF, 0x10, 0x0C, 0xFA, 0x6F, 0xA5, 0xFF, 0x10, 0x0C, 0xFA, 0x0E, 0xF8, 0xFF,
    0x10, 0x0C, 0xFA, 0x07, 0xFE, 0xFF, 0x10, 0x0C, 0xFA, 0x01, 0xEF, 0xFF, 0x10, 0x0C, 0xFA, 0x00,
    0x8F, 0xFF, 0x10, 0x0C, 0xFA, 0x00, 0x1E, 0xFF, 0x10, 0x00, 0x00, 0x02, 0x10, 0x00, 0x00, 0x00,
    0x2A, 0xFF, 0xFD, 0x60, 0x00, 0x02, 0xEF, 0xFE, 0xFF, 0xF8, 0x00, 0x0A, 0xFF, 0x60, 0x2C, 0xFF,
    0x30, 0x1F, 0xFA, 0x00, 0x03, 0xFF, 0x80, 0x4F, 0xF6, 0x00, 0x00, 0xEF, 0xB0, 0x5F, 0xF5, 0x00,
    0x00, 0xDF, 0xC0, 0x4F, 0xF6, 0x00, 0x00, 0xEF, 0xB0, 0x1F, 0xFA, 0x00, 0x02, 0xFF, 0x80, 0x0B,
    0xFF, 0x40, 0x1B, 0xFF, 0x30, 0x02, 0xEF, 0xFD, 0xFF, 0xF9, 0x00, 0x00, 0x3B, 0xFF, 0xFE, 0x70,
    0x00, 0x00, 0x00, 0x13, 0x20, 0x00, 0x00, 0x0B, 0xEE, 0xEE, 0xC7, 0x00, 0x0C, 0xFF, 0xFF, 0xFF,
    0xB0, 0x0C, 0xFC, 0x23, 0xBF, 0xF3, 0x0C, 0xFC, 0x00, 0x5F, 0xF5, 0x0C, 0xFC, 0x00, 0x8F, 0xF4,
    0x0C, 0xFF, 0xDE, 0xFF, 0xD0, 0x0C, 0xFF, 0xFF, 0xFB, 0x20, 0x0C, 0xFC, 0x33, 0x10, 0x00, 0x0C,
    0xFC, 0x00, 0x00, 0x00, 0x0C, 0xFC, 0x00, 0x00, 0x00, 0x0C, 0xFC, 0x00, 0x00, 0x00, 0x00, 0x00,
    0x02, 0x10, 0x00, 0x00, 0x00, 0x2A, 0xFF, 0xFD, 0x60, 0x00, 0x02, 0xEF, 0xFE, 0xFF, 0xF8, 0x00,
    0x0A, 0xFF, 0x60, 0x2C, 0xFF, 0x30, 0x1F, 0xFA, 0x00, 0x03, 0xFF, 0x80, 0x4F, 0xF6, 0x00, 0x00,
    0xEF, 0xB0, 0x5F, 0xF5, 0x00, 0x00, 0xDF, 0xC0, 0x4F, 0xF6, 0x00, 0x00, 0xEF, 0xA0, 0x1F, 0xF9,
    0x00, 0x02, 0xFF, 0x80, 0x0B, 0xFF, 0x40, 0x1B, 0xFF, 0x20, 0x03, 0xEF, 0xFD, 0xFF, 0xF8, 0x00,
    0x00, 0x3B, 0xFF, 0xFF, 0x70, 0x00, 0x00, 0x00, 0x13, 0xBF, 0xA0, 0x00, 0x00, 0x00, 0x00, 0x1D,
    0xF7, 0x00, 0x00, 0x00, 0x00, 0x01, 0x33, 0x00, 0x0B, 0xEE, 0xEE, 0xC7, 0x00, 0x00, 0x0C, 0xFF,
    0xFF, 0xFF, 0x70, 0x00, 0x0C, 0xFC, 0x24, 0xEF, 0xC0, 0x00, 0x0C, 0xFC, 0x00, 0xBF, 0xC0, 0x00,
    0x0C, 0xFC, 0x13, 0xEF, 0x80, 0x00, 0x0C, 0xFF, 0xFF, 0xFA, 0x10, 0x00, 0x0C, 0xFF, 0xDF, 0xFC,
    0x10, 0x00, 0x0C, 0xFC, 0x04, 0xFF, 0x80, 0x00, 0x0C, 0xFC, 0x00, 0xAF, 0xE1, 0x00, 0x0C, 0xFC,
    0x00, 0x4F, 0xF7, 0x00, 0x0C, 0xFC, 0x00, 0x0C, 0xFD, 0x00, 0x00, 0x00, 0x21, 0x00, 0x00, 0x01,
    0x9F, 0xFF, 0xEB, 0x10, 0x09, 0xFF, 0xEF, 0xFF, 0x10, 0x0E, 0xF8, 0x00, 0x28, 0x10, 0x0F, 0xF7,
    0x00, 0x00, 0x00, 0x0C, 0xFF, 0xDA, 0x50, 0x00, 0x03, 0xDF, 0xFF, 0xFD, 0x10, 0x00, 0x15, 0x9E,
    0xFF, 0x80, 0x00, 0x00, 0x00, 0xDF, 0xA0, 0x0A, 0x40, 0x01, 0xDF, 0x90, 0x0E, 0xFE, 0xDE, 0xFF,
    0x40, 0x08, 0xDF, 0xFF, 0xE7, 0x00, 0x00, 0x01, 0x33, 0x00, 0x00, 0xDE, 0xEE, 0xEE, 0xEE, 0xE2,
    0xEF, 0xFF, 0xFF, 0xFF, 0xF2, 0x33, 0x3B, 0xFE, 0x33, 0x30, 0x00, 0x0A, 0xFD, 0x00, 0x00, 0x00,
    0x0A, 0xFD, 0x00, 0x00, 0x00, 0x0A, 0xFD, 0x00, 0x00, 0x00, 0x0A, 0xFD, 0x00, 0x00, 0x00, 0x0A,
    0xFD, 0x00, 0x00, 0x00, 0x0A, 0xFD, 0x00, 0x00, 0x00, 0x0A, 0xFD, 0x00, 0x00, 0x00, 0x0A, 0xFD,
    0x00, 0x00, 0x0B, 0xEB, 0x00, 0x0B, 0xEA, 0x00, 0x0C, 0xFC, 0x00, 0x0C, 0xFB, 0x00, 0x0C, 0xFC,
    0x00, 0x0C, 0xFB, 0x00, 0x0C, 0xFC, 0x00, 0x0C, 0xFB, 0x00, 0x0C, 0xFC, 0x00, 0x0C, 0xFB, 0x00,
    0x0C, 0xFC, 0x00, 0x0C, 0xFB, 0x00, 0x0B, 0xFC, 0x00, 0x0C, 0xFB, 0x00, 0x0B, 0xFD, 0x00, 0x0D,
    0xFA, 0x00, 0x08, 0xFF, 0x30, 0x4F, 0xF7, 0x00, 0x02, 0xFF, 0xFE, 0xFF, 0xE2, 0x00, 0x00, 0x4D,
    0xFF, 0xFD, 0x40, 0x00, 0x00, 0x00, 0x23, 0x20, 0x00, 0x00, 0xBE, 0xB0, 0x00, 0x05, 0xEE, 0x30,
    0x7F, 0xF1, 0x00, 0x0A, 0xFE, 0x00, 0x2F, 0xF6, 0x00, 0x0E, 0xF9, 0x00, 0x0C, 0xFB, 0x00, 0x4F,
    0xF4, 0x00, 0x07, 0xFF, 0x10, 0x9F, 0xD0, 0x00, 0x02, 0xFF, 0x60, 0xEF, 0x90, 0x00, 0x00, 0xCF,
    0xB4, 0xFF, 0x40, 0x00, 0x00, 0x7F, 0xF9, 0xFD, 0x00, 0x00, 0x00, 0x2F, 0xFF, 0xF9, 0x00, 0x00,
    0x00, 0x0C, 0xFF, 0xF4, 0x00, 0x00, 0x00, 0x07, 0xFF, 0xD0, 0x00, 0x00, 0x7E, 0xD0, 0x00, 0xCE,
    0xB0, 0x01, 0xEE, 0x50, 0x4F, 0xF2, 0x01, 0xFF, 0xE0, 0x04, 0xFF, 0x20, 0x1F, 0xF5, 0x05, 0xFF,
    0xF3, 0x07, 0xFE, 0x00, 0x0D, 0xF8, 0x08, 0xFA, 0xF6, 0x0A, 0xFB, 0x00, 0x0A, 0xFC, 0x0B, 0xF4,
    0xF9, 0x0D, 0xF8, 0x00, 0x07, 0xFF, 0x0E, 0xD0, 0xEC, 0x2F, 0xF5, 0x00, 0x03, 0xFF, 0x5F, 0x90,
    0xBF, 0x5F, 0xF2, 0x00, 0x00, 0xFF, 0xCF, 0x60, 0x8F, 0xCF, 0xD0, 0x00, 0x00, 0xCF, 0xFF, 0x30,
    0x5F, 0xFF, 0xA0, 0x00, 0x00, 0x9F, 0xFF, 0x00, 0x2F, 0xFF, 0x70, 0x00, 0x00, 0x6F, 0xFC, 0x00,
    0x0D, 0xFF, 0x40, 0x00, 0x5E, 0xE5, 0x00, 0x1D, 0xEA, 0x00, 0x0B, 0xFD, 0x10, 0x8F, 0xF2, 0x00,
    0x02, 0xFF, 0x82, 0xFF, 0x80, 0x00, 0x00, 0x8F, 0xFC, 0xFD, 0x00, 0x00, 0x00, 0x0D, 0xFF, 0xF4,
    0x00, 0x00, 0x00, 0x07, 0xFF, 0xD0, 0x00, 0x00, 0x00, 0x1E, 0xFF, 0xF6, 0x00, 0x00, 0x00, 0x9F,
    0xEB, 0xFE, 0x10, 0x00, 0x03, 0xFF, 0x72, 0xEF, 0x90, 0x00, 0x0C, 0xFC, 0x00, 0x6F, 0xF3, 0x00,
    0x7F, 0xF3, 0x00, 0x0C, 0xFC, 0x00, 0x0C, 0xEC, 0x00, 0x02, 0xEE, 0x90, 0x04, 0xFF, 0x70, 0x0B,
    0xFE, 0x20, 0x00, 0xAF, 0xE1, 0x4F, 0xF7, 0x00, 0x00, 0x2E, 0xFA, 0xCF, 0xD0, 0x00, 0x00, 0x07,
    0xFF, 0xFF, 0x40, 0x00, 0x00, 0x00, 0xDF, 0xFA, 0x00, 0x00, 0x00, 0x00, 0x6F, 0xF3, 0x00, 0x00,
    0x00, 0x00, 0x6F, 0xF2, 0x00, 0x00, 0x00, 0x00, 0x6F, 0xF2, 0x00, 0x00, 0x00, 0x00, 0x6F, 0xF2,
    0x00, 0x00, 0x00, 0x00, 0x6F, 0xF2, 0x00, 0x00, 0x3E, 0xEE, 0xEE, 0xEE, 0xE0, 0x4F, 0xFF, 0xFF,
    0xFF, 0xF0, 0x13, 0x33, 0x38, 0xFF, 0x70, 0x00, 0x00, 0x2E, 0xFB, 0x00, 0x00, 0x00, 0xCF, 0xE1,
    0x00, 0x00, 0x09, 0xFF, 0x40, 0x00, 0x00, 0x5F, 0xF8, 0x00, 0x00, 0x02, 0xEF, 0xB0, 0x00, 0x00,
    0x0C, 0xFE, 0x32, 0x22, 0x20, 0x5F, 0xFF, 0xFF, 0xFF, 0xF3, 0x6F, 0xFF, 0xFF, 0xFF, 0xF3, 0x05,
    0x66, 0x61, 0x0D, 0xFF, 0xF4, 0x0D, 0xF8, 0x41, 0x0D, 0xF6, 0x00, 0x0D, 0xF6, 0x00, 0x0D, 0xF6,
    0x00, 0x0D, 0xF6, 0x00, 0x0D, 0xF6, 0x00, 0x0D, 0xF6, 0x00, 0x0D, 0xF6, 0x00, 0x0D, 0xF6, 0x00,
    0x0D, 0xF6, 0x00, 0x0D, 0xFC, 0xA3, 0x0C, 0xFF, 0xF4, 0xC8, 0x00, 0x00, 0x9D, 0x00, 0x00, 0x5F,
    0x20, 0x00, 0x1F, 0x60, 0x00, 0x0B, 0xB0, 0x00, 0x07, 0xE0, 0x00, 0x03, 0xF4, 0x00, 0x00, 0xE8,
    0x00, 0x00, 0x9C, 0x00, 0x00, 0x5F, 0x20, 0x00, 0x1F, 0x60, 0x00, 0x0C, 0xA0, 0x00, 0x03, 0x50,
    0x06, 0x66, 0x60, 0x1F, 0xFF, 0xF0, 0x04, 0x6F, 0xF0, 0x00, 0x4F, 0xF0, 0x00, 0x4F, 0xF0, 0x00,
    0x4F, 0xF0, 0x00, 0x4F, 0xF0, 0x00, 0x4F, 0xF0, 0x00, 0x4F, 0xF0, 0x00, 0x4F, 0xF0, 0x00, 0x4F,
    0xF0, 0x00, 0x4F, 0xF0, 0x1A, 0xBF, 0xF0, 0x1F, 0xFF, 0xF0, 0x00, 0x00, 0x8E, 0xC1, 0x00, 0x00,
    0x00, 0x06, 0xFF, 0xFA, 0x00, 0x00, 0x00, 0x4F, 0xC2, 0x9F, 0x80, 0x00, 0x02, 0xEA, 0x10, 0x07,
    0xF6, 0x00, 0x01, 0x20, 0x00, 0x00, 0x22, 0x00, 0x00, 0x00, 0x00, 0x00, 0x00, 0x00, 0x00, 0x00,
    0x00, 0x00, 0x00, 0x00, 0x00, 0x00, 0x00, 0x00, 0x00, 0x00, 0x00, 0x00, 0x00, 0x00, 0x00, 0x00,
    0x00, 0x00, 0x00, 0x00, 0x00, 0x00, 0x00, 0x00, 0x00, 0x00, 0x00, 0x00, 0x00, 0x00, 0x00, 0x00,
    0x00, 0x00, 0x00, 0x00, 0xDD, 0xDD, 0xDD, 0xA0, 0x88, 0x88, 0x88, 0x60, 0x1D, 0xC0, 0x00, 0x00,
    0x02, 0xE7, 0x00, 0x00, 0x00, 0x3B, 0x10, 0x00, 0x00, 0x00, 0x00, 0x00, 0x00, 0x00, 0x00, 0x00,
    0x00, 0x00, 0x00, 0x00, 0x00, 0x00, 0x00, 0x00, 0x00, 0x00, 0x00, 0x00, 0x00, 0x00, 0x00, 0x00,
    0x00, 0x00, 0x00, 0x00, 0x00, 0x00, 0x00, 0x00, 0x00, 0x00, 0x00, 0x00, 0x01, 0x45, 0x64, 0x10,
    0x00, 0x0C, 0xFF, 0xFF, 0xE3, 0x00, 0x0A, 0x86, 0x6D, 0xFB, 0x00, 0x00, 0x13, 0x48, 0xFF, 0x00,
    0x08, 0xFF, 0xFF, 0xFF, 0x10, 0x3F, 0xF8, 0x58, 0xFF, 0x10, 0x6F, 0xF0, 0x08, 0xFF, 0x10, 0x3F,
    0xFB, 0xAF, 0xFF, 0x10, 0x09, 0xFF, 0xD7, 0xFF, 0x10, 0x00, 0x13, 0x00, 0x00, 0x00, 0x05, 0x63,
    0x00, 0x00, 0x00, 0x0D, 0xF8, 0x00, 0x00, 0x00, 0x0D, 0xF8, 0x00, 0x00, 0x00, 0x0D, 0xF8, 0x15,
    0x50, 0x00, 0x0D, 0xFA, 0xEF, 0xFC, 0x10, 0x0D, 0xFF, 0xA9, 0xFF, 0x80, 0x0D, 0xFB, 0x00, 0xAF,
    0xD0, 0x0D, 0xF8, 0x00, 0x6F, 0xF0, 0x0D, 0xF8, 0x00, 0x7F, 0xF0, 0x0D, 0xFD, 0x00, 0xBF, 0xC0,
    0x0D, 0xFF, 0xDC, 0xFF, 0x60, 0x0D, 0xF9, 0xCF, 0xFA, 0x00, 0x00, 0x00, 0x02, 0x20, 0x00, 0x00,
    0x03, 0x65, 0x20, 0x02, 0xCF, 0xFF, 0xF1, 0x0C, 0xFF, 0x98, 0xD1, 0x4F, 0xF6, 0x00, 0x00, 0x6F,
    0xF1, 0x00, 0x00, 0x6F, 0xF2, 0x00, 0x00, 0x3F, 0xF8, 0x00, 0x10, 0x0B, 0xFF, 0xCB, 0xE1, 0x01,
    0xAF, 0xFF, 0xE1, 0x00, 0x01, 0x32, 0x00, 0x00, 0x00, 0x00, 0x56, 0x30, 0x00, 0x00, 0x00, 0xDF,
    0x80, 0x00, 0x00, 0x00, 0xDF, 0x80, 0x00, 0x26, 0x40, 0xDF, 0x80, 0x04, 0xEF, 0xFA, 0xDF, 0x80,
    0x0D, 0xFE, 0x8D, 0xFF, 0x80, 0x3F, 0xF5, 0x02, 0xFF, 0x80, 0x5F, 0xF1, 0x00, 0xDF, 0x80, 0x5F,
    0xF2, 0x00, 0xEF, 0x80, 0x2F, 0xF6, 0x03, 0xFF, 0x80, 0x0B, 0xFF, 0xBE, 0xFF, 0x80, 0x02, 0xDF,
    0xF8, 0xDF, 0x80, 0x00, 0x03, 0x10, 0x00, 0x00, 0x00, 0x04, 0x65, 0x10, 0x00, 0x02, 0xDF, 0xFF,
    0xE3, 0x00, 0x0C, 0xFC, 0x6A, 0xFE, 0x10, 0x4F, 0xF2, 0x01, 0xFF, 0x50, 0x6F, 0xFF, 0xFF, 0xFF,
    0x70, 0x6F, 0xFA, 0x99, 0x99, 0x50, 0x3F, 0xF4, 0x00, 0x03, 0x10, 0x0B, 0xFE, 0x99, 0xCF, 0x20,
    0x01, 0xAF, 0xFF, 0xFB, 0x10, 0x00, 0x01, 0x32, 0x10, 0x00, 0x00, 0x14, 0x66, 0x02, 0xEF, 0xFF,
    0x07, 0xFE, 0x65, 0x2A, 0xFD, 0x32, 0xBF, 0xFF, 0xFC, 0x8D, 0xFE, 0xA8, 0x09, 0xFC, 0x00, 0x09,
    0xFC, 0x00, 0x09, 0xFC, 0x00, 0x09, 0xFC, 0x00, 0x09, 0xFC, 0x00, 0x09, 0xFC, 0x00, 0x00, 0x25,
    0x40, 0x33, 0x20, 0x04, 0xEF, 0xFA, 0xDF, 0x80, 0x0D, 0xFE, 0x8D, 0xFF, 0x80, 0x3F, 0xF4, 0x02,
    0xFF, 0x80, 0x5F, 0xF1, 0x00, 0xDF, 0x80, 0x5F, 0xF2, 0x00, 0xEF, 0x80, 0x2F, 0xF8, 0x05, 0xFF,
    0x80, 0x0A, 0xFF, 0xEF, 0xEF, 0x80, 0x01, 0xAF, 0xD5, 0xDF, 0x80, 0x01, 0x00, 0x02, 0xFF, 0x50,
    0x07, 0xC8, 0x9E, 0xFD, 0x10, 0x06, 0xFF, 0xFF, 0xC2, 0x00, 0x00, 0x13, 0x31, 0x00, 0x00, 0x05,
    0x63, 0x00, 0x00, 0x00, 0x0D, 0xF8, 0x00, 0x00, 0x00, 0x0D, 0xF8, 0x00, 0x00, 0x00, 0x0D, 0xF8,
    0x15, 0x41, 0x00, 0x0D, 0xFA, 0xDF, 0xFC, 0x00, 0x0D, 0xFF, 0xCB, 0xFF, 0x50, 0x0D, 0xFC, 0x00,
    0xEF, 0x80, 0x0D, 0xF8, 0x00, 0xCF, 0x80, 0x0D, 0xF8, 0x00, 0xCF, 0x80, 0x0D, 0xF8, 0x00, 0xCF,
    0x80, 0x0D, 0xF8, 0x00, 0xCF, 0x80, 0x0D, 0xF8, 0x00, 0xCF, 0x80, 0x05, 0x63, 0x00, 0x0D, 0xF8,
    0x00, 0x09, 0xB6, 0x00, 0x03, 0x32, 0x00, 0x0D, 0xF8, 0x00, 0x0D, 0xF8, 0x00, 0x0D, 0xF8, 0x00,
    0x0D, 0xF8, 0x00, 0x0D, 0xF8, 0x00, 0x0D, 0xF8, 0x00, 0x0D, 0xF8, 0x00, 0x0D, 0xF8, 0x00, 0x00,
    0x56, 0x30, 0x00, 0xDF, 0x80, 0x00, 0x9B, 0x60, 0x00, 0x33, 0x20, 0x00, 0xDF, 0x80, 0x00, 0xDF,
    0x80, 0x00, 0xDF, 0x80, 0x00, 0xDF, 0x80, 0x00, 0xDF, 0x80, 0x00, 0xDF, 0x80, 0x00, 0xDF, 0x80,
    0x00, 0xDF, 0x70, 0x00, 0xEF, 0x60, 0x3A, 0xFF, 0x30, 0x7F, 0xF8, 0x00, 0x23, 0x10, 0x00, 0x05,
    0x63, 0x00, 0x00, 0x00, 0x0D, 0xF8, 0x00, 0x00, 0x00, 0x0D, 0xF8, 0x00, 0x00, 0x00, 0x0D, 0xF8,
    0x00, 0x33, 0x30, 0x0D, 0xF8, 0x06, 0xFF, 0x40, 0x0D, 0xF8, 0x5F, 0xF5, 0x00, 0x0D, 0xFB, 0xFF,
    0x60, 0x00, 0x0D, 0xFF, 0xF9, 0x00, 0x00, 0x0D, 0xFE, 0xFE, 0x30, 0x00, 0x0D, 0xF8, 0xBF, 0xE2,
    0x00, 0x0D, 0xF8, 0x1C, 0xFD, 0x10, 0x0D, 0xF8, 0x02, 0xEF, 0xB0, 0x05, 0x63, 0x00, 0x0D, 0xF8,
    0x00, 0x0D, 0xF8, 0x00, 0x0D, 0xF8, 0x00, 0x0D, 0xF8, 0x00, 0x0D, 0xF8, 0x00, 0x0D, 0xF8, 0x00,
    0x0D, 0xF8, 0x00, 0x0D, 0xF8, 0x00, 0x0D, 0xF8, 0x00, 0x0D, 0xF8, 0x00, 0x0D, 0xF8, 0x00, 0x03,
    0x32, 0x15, 0x40, 0x03, 0x52, 0x00, 0x0D, 0xFA, 0xEF, 0xF8, 0x7F, 0xFF, 0x40, 0x0D, 0xFF, 0xBC,
    0xFF, 0xFA, 0xEF, 0xC0, 0x0D, 0xFB, 0x03, 0xFF, 0x80, 0x7F, 0xE0, 0x0D, 0xF8, 0x02, 0xFF, 0x40,
    0x6F, 0xF0, 0x0D, 0xF8, 0x02, 0xFF, 0x40, 0x6F, 0xF0, 0x0D, 0xF8, 0x02, 0xFF, 0x40, 0x6F, 0xF0,
    0x0D, 0xF8, 0x02, 0xFF, 0x40, 0x6F, 0xF0, 0x0D, 0xF8, 0x02, 0xFF, 0x40, 0x6F, 0xF0, 0x03, 0x32,
    0x15, 0x41, 0x00, 0x0D, 0xFA, 0xDF, 0xFC, 0x00, 0x0D, 0xFF, 0xCB, 0xFF, 0x50, 0x0D, 0xFC, 0x00,
    0xEF, 0x80, 0x0D, 0xF8, 0x00, 0xCF, 0x80, 0x0D, 0xF8, 0x00, 0xCF, 0x80, 0x0D, 0xF8, 0x00, 0xCF,
    0x80, 0x0D, 0xF8, 0x00, 0xCF, 0x80, 0x0D, 0xF8, 0x00, 0xCF, 0x80, 0x00, 0x04, 0x65, 0x10, 0x00,
    0x02, 0xDF, 0xFF, 0xE5, 0x00, 0x0D, 0xFE, 0x8C, 0xFF, 0x20, 0x4F, 0xF4, 0x01, 0xEF, 0x80, 0x6F,
    0xF1, 0x00, 0xCF, 0xA0, 0x6F, 0xF2, 0x00, 0xCF, 0xA0, 0x3F, 0xF6, 0x02, 0xFF, 0x70, 0x0B, 0xFF,
    0xBE, 0xFE, 0x10, 0x01, 0xAF, 0xFF, 0xD3, 0x00, 0x00, 0x01, 0x32, 0x00, 0x00, 0x03, 0x32, 0x15,
    0x50, 0x00, 0x0D, 0xFA, 0xEF, 0xFC, 0x10, 0x0D, 0xFF, 0xA9, 0xFF, 0x80, 0x0D, 0xFB, 0x00, 0xAF,
    0xD0, 0x0D, 0xF8, 0x00, 0x6F, 0xF0, 0x0D, 0xF8, 0x00, 0x7F, 0xF0, 0x0D, 0xFD, 0x00, 0xBF, 0xC0,
    0x0D, 0xFF, 0xDC, 0xFF, 0x60, 0x0D, 0xF9, 0xCF, 0xFA, 0x00, 0x0D, 0xF8, 0x02, 0x20, 0x00, 0x0D,
    0xF8, 0x00, 0x00, 0x00, 0x0D, 0xF8, 0x00, 0x00, 0x00, 0x02, 0x21, 0x00, 0x00, 0x00, 0x00, 0x25,
    0x40, 0x33, 0x20, 0x04, 0xEF, 0xFA, 0xDF, 0x80, 0x0D, 0xFE, 0x8D, 0xFF, 0x80, 0x3F, 0xF5, 0x02,
    0xFF, 0x80, 0x5F, 0xF1, 0x00, 0xDF, 0x80, 0x5F, 0xF2, 0x00, 0xEF, 0x80, 0x2F, 0xF6, 0x03, 0xFF,
    0x80, 0x0B, 0xFF, 0xBE, 0xFF, 0x80, 0x02, 0xDF, 0xF8, 0xDF, 0x80, 0x00, 0x03, 0x10, 0xDF, 0x80,
    0x00, 0x00, 0x00, 0xDF, 0x80, 0x00, 0x00, 0x00, 0xDF, 0x80, 0x00, 0x00, 0x00, 0x22, 0x10, 0x03,
    0x32, 0x15, 0x30, 0x0D, 0xF9, 0xDF, 0x90, 0x0D, 0xFF, 0xEB, 0x80, 0x0D, 0xFE, 0x10, 0x00, 0x0D,
    0xF9, 0x00, 0x00, 0x0D, 0xF8, 0x00, 0x00, 0x0D, 0xF8, 0x00, 0x00, 0x0D, 0xF8, 0x00, 0x00, 0x0D,
    0xF8, 0x00, 0x00, 0x00, 0x35, 0x54, 0x10, 0x0A, 0xFF, 0xFF, 0xE0, 0x3F, 0xE6, 0x68, 0xC0, 0x4F,
    0xE4, 0x10, 0x00, 0x1E, 0xFF, 0xFD, 0x60, 0x02, 0x8B, 0xEF, 0xF3, 0x11, 0x00, 0x0E, 0xF5, 0x3E,
    0xA9, 0xAF, 0xF3, 0x2D, 0xFF, 0xFE, 0x70, 0x00, 0x13, 0x21, 0x00, 0x05, 0x86, 0x00, 0x00, 0x0A,
    0xFB, 0x00, 0x00, 0x3B, 0xFC, 0x33, 0x00, 0xCF, 0xFF, 0xFF, 0x20, 0x8D, 0xFE, 0xAA, 0x10, 0x0A,
    0xFB, 0x00, 0x00, 0x0A, 0xFB, 0x00, 0x00, 0x0A, 0xFB, 0x00, 0x00, 0x09, 0xFC, 0x00, 0x00, 0x07,
    0xFF, 0xEC, 0x00, 0x01, 0xAE, 0xFE, 0x00, 0x03, 0x31, 0x00, 0x33, 0x10, 0x0E, 0xF6, 0x00, 0xDF,
    0x70, 0x0E, 0xF6, 0x00, 0xDF, 0x70, 0x0E, 0xF6, 0x00, 0xDF, 0x70, 0x0E, 0xF6, 0x00, 0xDF, 0x70,
    0x0E, 0xF6, 0x00, 0xEF, 0x70, 0x0D, 0xF9, 0x05, 0xFF, 0x70, 0x0A, 0xFF, 0xCF, 0xFF, 0x70, 0x02,
    0xDF, 0xF7, 0xDF, 0x70, 0x00, 0x03, 0x10, 0x00, 0x00, 0x23, 0x20, 0x00, 0x23, 0x20, 0x8F, 0xC0,
    0x01, 0xEF, 0x50, 0x3F, 0xF2, 0x05, 0xFE, 0x10, 0x0D, 0xF7, 0x0A, 0xFA, 0x00, 0x07, 0xFB, 0x0E,
    0xF4, 0x00, 0x02, 0xFF, 0x6F, 0xE0, 0x00, 0x00, 0xCF, 0xEF, 0x90, 0x00, 0x00, 0x6F, 0xFF, 0x30,
    0x00, 0x00, 0x1F, 0xFD, 0x00, 0x00, 0x23, 0x20, 0x02, 0x31, 0x01, 0x33, 0x5F, 0xE0, 0x0E, 0xF6,
    0x07, 0xFD, 0x2F, 0xF2, 0x2F, 0xF9, 0x0A, 0xF9, 0x0D, 0xF5, 0x5F, 0xEC, 0x0D, 0xF5, 0x0A, 0xF9,
    0x9E, 0x8F, 0x2F, 0xF2, 0x06, 0xFC, 0xCC, 0x4F, 0x9F, 0xD0, 0x03, 0xFF, 0xF8, 0x1F, 0xFF, 0xA0,
    0x00, 0xEF, 0xF5, 0x0D, 0xFF, 0x60, 0x00, 0xAF, 0xF2, 0x09, 0xFF, 0x30, 0x23, 0x30, 0x01, 0x33,
    0x10, 0x3F, 0xF4, 0x09, 0xFD, 0x10, 0x08, 0xFD, 0x4F, 0xF4, 0x00, 0x00, 0xDF, 0xFF, 0x80, 0x00,
    0x00, 0x3F, 0xFD, 0x10, 0x00, 0x00, 0x7F, 0xFF, 0x30, 0x00, 0x02, 0xFF, 0xCF, 0xC0, 0x00, 0x0C,
    0xFA, 0x1E, 0xF8, 0x00, 0x7F, 0xE1, 0x05, 0xFF, 0x30, 0x23, 0x20, 0x00, 0x33, 0x20, 0x9F, 0xC0,
    0x01, 0xFF, 0x50, 0x3F, 0xF2, 0x05, 0xFE, 0x00, 0x0C, 0xF7, 0x09, 0xF9, 0x00, 0x06, 0xFD, 0x0E,
    0xF4, 0x00, 0x01, 0xEF, 0x7F, 0xE0, 0x00, 0x00, 0xAF, 0xEF, 0x90, 0x00, 0x00, 0x4F, 0xFF, 0x40,
    0x00, 0x00, 0x0D, 0xFD, 0x00, 0x00, 0x00, 0x0A, 0xF8, 0x00, 0x00, 0x05, 0x8F, 0xF2, 0x00, 0x00,
    0x0A, 0xFF, 0x70, 0x00, 0x00, 0x02, 0x32, 0x00, 0x00, 0x00, 0x13, 0x33, 0x33, 0x31, 0x4F, 0xFF,
    0xFF, 0xF3, 0x2A, 0xAA, 0xDF, 0xF2, 0x00, 0x04, 0xFF, 0x70, 0x00, 0x2E, 0xF9, 0x00, 0x01, 0xDF,
    0xB0, 0x00, 0x0C, 0xFC, 0x10, 0x00, 0x6F, 0xFE, 0xDD, 0xD3, 0x6F, 0xFF, 0xFF, 0xF3, 0x00, 0x00,
    0x04, 0x65, 0x00, 0x00, 0x00, 0xBF, 0xFE, 0x00, 0x00, 0x02, 0xFF, 0x84, 0x00, 0x00, 0x04, 0xFF,
    0x00, 0x00, 0x00, 0x04, 0xFF, 0x00, 0x00, 0x00, 0x05, 0xFE, 0x00, 0x00, 0x01, 0x5C, 0xFC, 0x00,
    0x00, 0x05, 0xFF, 0xE3, 0x00, 0x00, 0x02, 0x7D, 0xFB, 0x00, 0x00, 0x00, 0x06, 0xFE, 0x00, 0x00,
    0x00, 0x04, 0xFF, 0x00, 0x00, 0x00, 0x04, 0xFF, 0x00, 0x00, 0x00, 0x02, 0xFF, 0x73, 0x00, 0x00,
    0x00, 0xBF, 0xFE, 0x00, 0x00, 0x00, 0x05, 0x76, 0x00, 0x02, 0x71, 0x00, 0x04, 0xF3, 0x00, 0x04,
    0xF3, 0x00, 0x04, 0xF3, 0x00, 0x04, 0xF3, 0x00, 0x04, 0xF3, 0x00, 0x04, 0xF3, 0x00, 0x04, 0xF3,
    0x00, 0x04, 0xF3, 0x00, 0x04, 0xF3, 0x00, 0x04, 0xF3, 0x00, 0x04, 0xF3, 0x00, 0x04, 0xF3, 0x00,
    0x04, 0xF3, 0x00, 0x04, 0xF3, 0x00, 0x02, 0x82, 0x00, 0x02, 0x65, 0x20, 0x00, 0x00, 0x05, 0xFF,
    0xF5, 0x00, 0x00, 0x01, 0x4C, 0xFB, 0x00, 0x00, 0x00, 0x06, 0xFD, 0x00, 0x00, 0x00, 0x05, 0xFD,
    0x00, 0x00, 0x00, 0x05, 0xFE, 0x00, 0x00, 0x00, 0x02, 0xFF, 0x84, 0x00, 0x00, 0x00, 0x8F, 0xFE,
    0x00, 0x00, 0x02, 0xFF, 0xA5, 0x00, 0x00, 0x05, 0xFE, 0x00, 0x00, 0x00, 0x05, 0xFD, 0x00, 0x00,
    0x00, 0x06, 0xFD, 0x00, 0x00, 0x01, 0x4B, 0xFC, 0x00, 0x00, 0x05, 0xFF, 0xF6, 0x00, 0x00, 0x02,
    0x76, 0x30, 0x00, 0x00, 0x00, 0x00, 0x00, 0x00, 0x00, 0x00, 0x02, 0xAF, 0xEA, 0x41, 0x4B, 0x00,
    0x09, 0xEB, 0xCF, 0xFF, 0xFB, 0x00, 0x05, 0x10, 0x02, 0x79, 0x60, 0x00, 0x00, 0x00, 0x00, 0x00,
    0x00, 0x00, 0x00, 0x00, 0x00, 0x00, 0x00, 0x00, 0x00, 0x00, 0x00, 0x00, 0x00, 0x00, 0x00, 0x33,
    0x10, 0x02, 0xFF, 0x40, 0x02, 0xFF, 0x40, 0x01, 0x66, 0x20, 0x00, 0x68, 0x00, 0x00, 0xDF, 0x10,
    0x00, 0xFF, 0x20, 0x01, 0xFF, 0x40, 0x02, 0xFF, 0x40, 0x02, 0xFF, 0x40, 0x02, 0xFF, 0x40, 0x01,
    0xBB, 0x30, 0x00, 0x02, 0x10, 0x00, 0x06, 0xEF, 0xFA, 0x00, 0x04, 0x42, 0x7F, 0x60, 0x03, 0xBD,
    0xEF, 0x90, 0x0D, 0xD2, 0x4F, 0x90, 0x0D, 0xD5, 0xBF, 0x90, 0x04, 0xCD, 0x5B, 0x70, 0x03, 0x33,
    0x33, 0x20, 0x0D, 0xFF, 0xFF, 0x80, 0x03, 0x44, 0x44, 0x20, 0x00, 0x00, 0x00, 0x00, 0x00, 0x00,
    0x00, 0x00, 0x00, 0x13, 0x00, 0x00, 0x03, 0xEF, 0xC1, 0x00, 0x0A, 0x80, 0xB6, 0x00, 0x0C, 0x50,
    0x88, 0x00, 0x07, 0xD9, 0xE3, 0x00, 0x00, 0x69, 0x40, 0x00, 0x00, 0x00, 0x00, 0x00, 0x00, 0x00,
    0x00, 0x00, 0x00, 0x00, 0x00, 0x00, 0x00, 0x00, 0x00, 0x00, 0x00, 0x00, 0x00, 0x00, 0x00, 0x00,
    0x00, 0x00, 0x00, 0x00, 0x16, 0x30, 0x00, 0x00, 0x00, 0x00, 0x2F, 0x70, 0x00, 0x00, 0x00, 0x00,
    0x2F, 0x70, 0x00, 0x00, 0x07, 0xCC, 0xDF, 0xDC, 0xCB, 0x00, 0x08, 0xEE, 0xEF, 0xEE, 0xEC, 0x00,
    0x00, 0x00, 0x2F, 0x70, 0x00, 0x00, 0x00, 0x00, 0x2F, 0x70, 0x00, 0x00, 0x00, 0x00, 0x18, 0x30,
    0x00, 0x00, 0x07, 0xBB, 0xBB, 0xBB, 0xBA, 0x00, 0x09, 0xFF, 0xFF, 0xFF, 0xFD, 0x00, 0x03, 0x32,
    0x00, 0x23, 0x20, 0x0D, 0xF8, 0x00, 0xCF, 0x80, 0x0D, 0xF8, 0x00, 0xCF, 0x80, 0x0D, 0xF8, 0x00,
    0xCF, 0x80, 0x0D, 0xF8, 0x00, 0xCF, 0x80, 0x0D, 0xF8, 0x00, 0xCF, 0x80, 0x0D, 0xFB, 0x01, 0xEF,
    0x90, 0x0D, 0xFF, 0xDE, 0xFF, 0xF6, 0x0D, 0xFD, 0xFF, 0x7E, 0xF7, 0x0D, 0xF8, 0x22, 0x01, 0x30,
    0x0D, 0xF8, 0x00, 0x00, 0x00, 0x0D, 0xF8, 0x00, 0x00, 0x00, 0x02, 0x21, 0x00, 0x00, 0x00, 0x06,
    0x97, 0x00, 0x09, 0xFB, 0x00, 0x09, 0xFB, 0x00, 0x02, 0x32, 0x00, 0x00, 0x00, 0x00, 0x00, 0x00,
    0x00, 0x00, 0x00, 0x00, 0x00, 0x01, 0x10, 0x00, 0x03, 0xDF, 0xFA, 0x10, 0x0D, 0xE3, 0x8F, 0x80,
    0x3F, 0xA0, 0x1F, 0xC0, 0x2F, 0xB0, 0x2F, 0xB0, 0x0C, 0xF7, 0xAF, 0x60, 0x01, 0x9D, 0xC6, 0x00,
    0x03, 0x33, 0x33, 0x20, 0x0E, 0xFF, 0xFF, 0x80, 0x04, 0x44, 0x44, 0x20, 0x00, 0x00, 0x00, 0x00,
    0x00, 0x00, 0x00, 0x00, 0x00, 0x02, 0x32, 0x00, 0x00, 0x0C, 0xF9, 0x00, 0x00, 0x0C, 0xF9, 0x00,
    0x00, 0x05, 0x64, 0x00, 0x00, 0x06, 0x84, 0x00, 0x00, 0x1E, 0xF7, 0x00, 0x01, 0xCF, 0xD1, 0x00,
    0x09, 0xFE, 0x20, 0x00, 0x0E, 0xF7, 0x00, 0x00, 0x0F, 0xF8, 0x03, 0xA0, 0x0B, 0xFF, 0xFF, 0xE0,
    0x01, 0x9D, 0xEC, 0x70, 0x00, 0x00, 0x02, 0x30, 0x00, 0x00, 0x00, 0x00, 0x2E, 0x90, 0x00, 0x00,
    0x00, 0x00, 0x78, 0x00, 0x00, 0x00, 0x00, 0x00, 0x00, 0x00, 0x00, 0x00, 0x00, 0x06, 0xEE, 0xC0,
    0x00, 0x00, 0x00, 0x0B, 0xFF, 0xF3, 0x00, 0x00, 0x00, 0x2F, 0xFE, 0xF8, 0x00, 0x00, 0x00, 0x6F,
    0xE8, 0xFD, 0x00, 0x00, 0x00, 0xCF, 0xA3, 0xFF, 0x30, 0x00, 0x02, 0xFF, 0x50, 0xDF, 0x80, 0x00,
    0x07, 0xFF, 0x10, 0x9F, 0xD0, 0x00, 0x0C, 0xFF, 0xFF, 0xFF, 0xF3, 0x00, 0x2F, 0xFF, 0xFF, 0xFF,
    0xF8, 0x00, 0x7F, 0xF1, 0x00, 0x0A, 0xFD, 0x00, 0xCF, 0xC0, 0x00, 0x05, 0xFF, 0x30, 0x00, 0x00,
    0x03, 0x20, 0x00, 0x00, 0x00, 0x8E, 0x30, 0x00, 0x00, 0x02, 0xB3, 0x00, 0x00, 0x00, 0x00, 0x00,
    0x00, 0x00, 0x0B, 0xEE, 0xEE, 0xEE, 0x10, 0x0C, 0xFF, 0xFF, 0xFF, 0x10, 0x0C, 0xFC, 0x33, 0x33,
    0x00, 0x0C, 0xFC, 0x00, 0x00, 0x00, 0x0C, 0xFE, 0xCC, 0xCA, 0x00, 0x0C, 0xFF, 0xFF, 0xFC, 0x00,
    0x0C, 0xFD, 0x55, 0x54, 0x00, 0x0C, 0xFC, 0x00, 0x00, 0x00, 0x0C, 0xFC, 0x22, 0x22, 0x00, 0x0C,
    0xFF, 0xFF, 0xFF, 0x40, 0x0C, 0xFF, 0xFF, 0xFF, 0x40, 0x00, 0x13, 0x10, 0x00, 0xCC, 0x10, 0x04,
    0xA1, 0x00, 0x00, 0x00, 0x00, 0x0B, 0xEB, 0x00, 0x0C, 0xFC, 0x00, 0x0C, 0xFC, 0x00, 0x0C, 0xFC,
    0x00, 0x0C, 0xFC, 0x00, 0x0C, 0xFC, 0x00, 0x0C, 0xFC, 0x00, 0x0C, 0xFC, 0x00, 0x0C, 0xFC, 0x00,
    0x0C, 0xFC, 0x00, 0x0C, 0xFC, 0x00, 0x00, 0x00, 0x20, 0x12, 0x00, 0x00, 0x00, 0x09, 0xFB, 0x99,
    0x00, 0x00, 0x00, 0x09, 0x26, 0xA2, 0x00, 0x00, 0x00, 0x00, 0x00, 0x00, 0x00, 0x00, 0x0B, 0xEE,
    0x40, 0x05, 0xEE, 0x10, 0x0C, 0xFF, 0xB0, 0x05, 0xFF, 0x10, 0x0C, 0xFF, 0xF4, 0x05, 0xFF, 0x10,
    0x0C, 0xFE, 0xFB, 0x05, 0xFF, 0x10, 0x0C, 0xFA, 0xDF, 0x35, 0xFF, 0x10, 0x0C, 0xFA, 0x6F, 0xA5,
    0xFF, 0x10, 0x0C, 0xFA, 0x0E, 0xF8, 0xFF, 0x10, 0x0C, 0xFA, 0x07, 0xFE, 0xFF, 0x10, 0x0C, 0xFA,
    0x01, 0xEF, 0xFF, 0x10, 0x0C, 0xFA, 0x00, 0x8F, 0xFF, 0x10, 0x0C, 0xFA, 0x00, 0x1E, 0xFF, 0x10,
    0x00, 0x00, 0x00, 0x32, 0x00, 0x00, 0x00, 0x00, 0x08, 0xE3, 0x00, 0x00, 0x00, 0x00, 0x2B, 0x30,
    0x00, 0x00, 0x00, 0x00, 0x02, 0x10, 0x00, 0x00, 0x00, 0x2A, 0xFF, 0xFD, 0x60, 0x00, 0x02, 0xEF,
    0xFE, 0xFF, 0xF8, 0x00, 0x0A, 0xFF, 0x60, 0x2C, 0xFF, 0x30, 0x1F, 0xFA, 0x00, 0x03, 0xFF, 0x80,
    0x4F, 0xF6, 0x00, 0x00, 0xEF, 0xB0, 0x5F, 0xF5, 0x00, 0x00, 0xDF, 0xC0, 0x4F, 0xF6, 0x00, 0x00,
    0xEF, 0xB0, 0x1F, 0xFA, 0x00, 0x02, 0xFF, 0x80, 0x0B, 0xFF, 0x40, 0x1B, 0xFF, 0x30, 0x02, 0xEF,
    0xFD, 0xFF, 0xF9, 0x00, 0x00, 0x3B, 0xFF, 0xFE, 0x70, 0x00, 0x00, 0x00, 0x13, 0x20, 0x00, 0x00,
    0x00, 0x00, 0x01, 0x31, 0x00, 0x00, 0x00, 0x00, 0x0C, 0xC1, 0x00, 0x00, 0x00, 0x00, 0x5A, 0x10,
    0x00, 0x00, 0x00, 0x00, 0x00, 0x00, 0x00, 0x00, 0x0B, 0xEB, 0x00, 0x0B, 0xEA, 0x00, 0x0C, 0xFC,
    0x00, 0x0C, 0xFB, 0x00, 0x0C, 0xFC, 0x00, 0x0C, 0xFB, 0x00, 0x0C, 0xFC, 0x00, 0x0C, 0xFB, 0x00,
    0x0C, 0xFC, 0x00, 0x0C, 0xFB, 0x00, 0x0C, 0xFC, 0x00, 0x0C, 0xFB, 0x00, 0x0B, 0xFC, 0x00, 0x0C,
    0xFB, 0x00, 0x0B, 0xFD, 0x00, 0x0D, 0xFA, 0x00, 0x08, 0xFF, 0x30, 0x4F, 0xF7, 0x00, 0x02, 0xFF,
    0xFE, 0xFF, 0xE2, 0x00, 0x00, 0x4D, 0xFF, 0xFD, 0x40, 0x00, 0x00, 0x00, 0x23, 0x20, 0x00, 0x00,
    0x00, 0x02, 0x20, 0x31, 0x00, 0x00, 0x00, 0x09, 0xE0, 0xF8, 0x00, 0x00, 0x00, 0x06, 0x90, 0x95,
    0x00, 0x00, 0x00, 0x00, 0x00, 0x00, 0x00, 0x00, 0x0B, 0xEB, 0x00, 0x0B, 0xEA, 0x00, 0x0C, 0xFC,
    0x00, 0x0C, 0xFB, 0x00, 0x0C, 0xFC, 0x00, 0x0C, 0xFB, 0x00, 0x0C, 0xFC, 0x00, 0x0C, 0xFB, 0x00,
    0x0C, 0xFC, 0x00, 0x0C, 0xFB, 0x00, 0x0C, 0xFC, 0x00, 0x0C, 0xFB, 0x00, 0x0B, 0xFC, 0x00, 0x0C,
    0xFB, 0x00, 0x0B, 0xFD, 0x00, 0x0D, 0xFA, 0x00, 0x08, 0xFF, 0x30, 0x4F, 0xF7, 0x00, 0x02, 0xFF,
    0xFE, 0xFF, 0xE2, 0x00, 0x00, 0x4D, 0xFF, 0xFD, 0x40, 0x00, 0x00, 0x00, 0x23, 0x20, 0x00, 0x00,
    0x00, 0x00, 0x0C, 0xD1, 0x00, 0x00, 0x00, 0x8E, 0x20, 0x00, 0x00, 0x02, 0xB3, 0x00, 0x00, 0x01,
    0x45, 0x64, 0x10, 0x00, 0x0C, 0xFF, 0xFF, 0xE3, 0x00, 0x0A, 0x86, 0x6D, 0xFB, 0x00, 0x00, 0x13,
    0x48, 0xFF, 0x00, 0x08, 0xFF, 0xFF, 0xFF, 0x10, 0x3F, 0xF8, 0x58, 0xFF, 0x10, 0x6F, 0xF0, 0x08,
    0xFF, 0x10, 0x3F, 0xFB, 0xAF, 0xFF, 0x10, 0x09, 0xFF, 0xD7, 0xFF, 0x10, 0x00, 0x13, 0x00, 0x00,
    0x00, 0x00, 0x00, 0x0A, 0xE3, 0x00, 0x00, 0x00, 0x5F, 0x40, 0x00, 0x00, 0x00, 0xA5, 0x00, 0x00,
    0x00, 0x04, 0x65, 0x10, 0x00, 0x02, 0xDF, 0xFF, 0xE3, 0x00, 0x0C, 0xFC, 0x6A, 0xFE, 0x10, 0x4F,
    0xF2, 0x01, 0xFF, 0x50, 0x6F, 0xFF, 0xFF, 0xFF, 0x70, 0x6F, 0xFA, 0x99, 0x99, 0x50, 0x3F, 0xF4,
    0x00, 0x03, 0x10, 0x0B, 0xFE, 0x99, 0xCF, 0x20, 0x01, 0xAF, 0xFF, 0xFB, 0x10, 0x00, 0x01, 0x32,
    0x10, 0x00, 0x00, 0x1E, 0xB0, 0x00, 0xAD, 0x10, 0x03, 0xB2, 0x00, 0x03, 0x32, 0x00, 0x0D, 0xF8,
    0x00, 0x0D, 0xF8, 0x00, 0x0D, 0xF8, 0x00, 0x0D, 0xF8, 0x00, 0x0D, 0xF8, 0x00, 0x0D, 0xF8, 0x00,
    0x0D, 0xF8, 0x00, 0x0D, 0xF8, 0x00, 0x00, 0x07, 0x70, 0x72, 0x00, 0x00, 0x3D, 0xAD, 0xE1, 0x00,
    0x00, 0x24, 0x04, 0x30, 0x00, 0x03, 0x32, 0x15, 0x41, 0x00, 0x0D, 0xFA, 0xDF, 0xFC, 0x00, 0x0D,
    0xFF, 0xCB, 0xFF, 0x50, 0x0D, 0xFC, 0x00, 0xEF, 0x80, 0x0D, 0xF8, 0x00, 0xCF, 0x80, 0x0D, 0xF8,
    0x00, 0xCF, 0x80, 0x0D, 0xF8, 0x00, 0xCF, 0x80, 0x0D, 0xF8, 0x00, 0xCF, 0x80, 0x0D, 0xF8, 0x00,
    0xCF, 0x80, 0x00, 0x00, 0x0A, 0xE3, 0x00, 0x00, 0x00, 0x5F, 0x40, 0x00, 0x00, 0x00, 0xA5, 0x00,
    0x00, 0x00, 0x04, 0x65, 0x10, 0x00, 0x02, 0xDF, 0xFF, 0xE5, 0x00, 0x0D, 0xFE, 0x8C, 0xFF, 0x20,
    0x4F, 0xF4, 0x01, 0xEF, 0x80, 0x6F, 0xF1, 0x00, 0xCF, 0xA0, 0x6F, 0xF2, 0x00, 0xCF, 0xA0, 0x3F,
    0xF6, 0x02, 0xFF, 0x70, 0x0B, 0xFF, 0xBE, 0xFE, 0x10, 0x01, 0xAF, 0xFF, 0xD3, 0x00, 0x00, 0x01,
    0x32, 0x00, 0x00, 0x00, 0x00, 0x07, 0xF4, 0x00, 0x00, 0x00, 0x3F, 0x60, 0x00, 0x00, 0x00, 0x87,
    0x00, 0x00, 0x03, 0x31, 0x00, 0x33, 0x10, 0x0E, 0xF6, 0x00, 0xDF, 0x70, 0x0E, 0xF6, 0x00, 0xDF,
    0x70, 0x0E, 0xF6, 0x00, 0xDF, 0x70, 0x0E, 0xF6, 0x00, 0xDF, 0x70, 0x0E, 0xF6, 0x00, 0xEF, 0x70,
    0x0D, 0xF9, 0x05, 0xFF, 0x70, 0x0A, 0xFF, 0xCF, 0xFF, 0x70, 0x02, 0xDF, 0xF7, 0xDF, 0x70, 0x00,
    0x03, 0x10, 0x00, 0x00, 0x00, 0x39, 0x26, 0x80, 0x00, 0x00, 0x4F, 0x4A, 0xD0, 0x00, 0x00, 0x13,
    0x12, 0x20, 0x00, 0x03, 0x31, 0x00, 0x33, 0x10, 0x0E, 0xF6, 0x00, 0xDF, 0x70, 0x0E, 0xF6, 0x00,
    0xDF, 0x70, 0x0E, 0xF6, 0x00, 0xDF, 0x70, 0x0E, 0xF6, 0x00, 0xDF, 0x70, 0x0E, 0xF6, 0x00, 0xEF,
    0x70, 0x0D, 0xF9, 0x05, 0xFF, 0x70, 0x0A, 0xFF, 0xCF, 0xFF, 0x70, 0x02, 0xDF, 0xF7, 0xDF, 0x70,
    0x00, 0x03, 0x10, 0x00, 0x00,
};

const gfx2_glyph_t font_ui_14b_glyphs[117] = {
    {      0,   0,   0,    0,    0,   5 }, /* 'U+0020' */
    {      0,   6,  11,    0,    3,   6 }, /* '!' */
    {     33,   7,  11,    0,    3,   7 }, /* '"' */
    {     77,  11,  11,    0,    3,  11 }, /* '#' */
    {    143,   9,  15,    0,    2,   9 }, /* '$' */
    {    218,  14,  13,    0,    2,  14 }, /* '%' */
    {    309,  12,  13,    0,    2,  12 }, /* '&' */
    {    387,   4,  11,    0,    3,   4 }, /* ''' */
    {    409,   6,  14,    0,    2,   6 }, /* '(' */
    {    451,   6,  14,    0,    2,   6 }, /* ')' */
    {    493,   7,  12,    0,    2,   7 }, /* '*' */
    {    541,  11,  10,    0,    4,  11 }, /* '+' */
    {    601,   5,   6,    0,   11,   5 }, /* ',' */
    {    619,   6,   6,    0,    8,   6 }, /* '-' */
    {    637,   5,   3,    0,   11,   5 }, /* '.' */
    {    646,   5,  13,    0,    3,   5 }, /* '/' */
    {    685,   9,  13,    0,    2,   9 }, /* '0' */
    {    750,   9,  11,    0,    3,   9 }, /* '1' */
    {    805,   9,  12,    0,    2,   9 }, /* '2' */
    {    865,   9,  13,    0,    2,   9 }, /* '3' */
    {    930,   9,  11,    0,    3,   9 }, /* '4' */
    {    985,   9,  12,    0,    3,   9 }, /* '5' */
    {   1045,   9,  13,    0,    2,   9 }, /* '6' */
    {   1110,   9,  11,    0,    3,   9 }, /* '7' */
    {   1165,   9,  13,    0,    2,   9 }, /* '8' */
    {   1230,   9,  13,    0,    2,   9 }, /* '9' */
    {   1295,   5,   9,    0,    5,   5 }, /* ':' */
    {   1322,   5,  12,    0,    5,   5 }, /* ';' */
    {   1358,  11,   9,    0,    5,  11 }, /* '<' */
    {   1412,  11,   8,    0,    6,  11 }, /* '=' */
    {   1460,  11,   9,    0,    5,  11 }, /* '>' */
    {   1514,   8,  12,    0,    2,   8 }, /* '?' */
    {   1562,  14,  14,    0,    3,  14 }, /* '@' */
    {   1660,  11,  11,    0,    3,  10 }, /* 'A' */
    {   1726,  10,  11,    0,    3,  10 }, /* 'B' */
    {   1781,  10,  13,    0,    2,  10 }, /* 'C' */
    {   1846,  11,  11,    0,    3,  11 }, /* 'D' */
    {   1912,   9,  11,    0,    3,   9 }, /* 'E' */
    {   1967,   9,  11,    0,    3,   9 }, /* 'F' */
    {   2022,  11,  13,    0,    2,  11 }, /* 'G' */
    {   2100,  11,  11,    0,    3,  11 }, /* 'H' */
    {   2166,   5,  11,    0,    3,   5 }, /* 'I' */
    {   2199,   6,  14,   -1,    3,   5 }, /* 'J' */
    {   2241,  11,  11,    0,    3,  10 }, /* 'K' */
    {   2307,   9,  11,    0,    3,   9 }, /* 'L' */
    {   2362,  13,  11,    0,    3,  13 }, /* 'M' */
    {   2439,  11,  11,    0,    3,  11 }, /* 'N' */
    {   2505,  11,  13,    0,    2,  11 }, /* 'O' */
    {   2583,  10,  11,    0,    3,  10 }, /* 'P' */
    {   2638,  11,  15,    0,    2,  11 }, /* 'Q' */
    {   2728,  11,  11,    0,    3,  10 }, /* 'R' */
    {   2794,  10,  13,    0,    2,  10 }, /* 'S' */
    {   2859,  10,  11,    0,    3,   9 }, /* 'T' */
    {   2914,  11,  12,    0,    3,  11 }, /* 'U' */
    {   2986,  11,  11,    0,    3,  10 }, /* 'V' */
    {   3052,  15,  11,    0,    3,  15 }, /* 'W' */
    {   3140,  11,  11,    0,    3,  10 }, /* 'X' */
    {   3206,  11,  11,   -1,    3,  10 }, /* 'Y' */
    {   3272,  10,  11,    0,    3,  10 }, /* 'Z' */
    {   3327,   6,  14,    0,    2,   6 }, /* '[' */
    {   3369,   5,  13,    0,    3,   5 }, /* 'U+005C' */
    {   3408,   6,  14,    0,    2,   6 }, /* ']' */
    {   3450,  11,  11,    0,    3,  11 }, /* '^' */
    {   3516,   7,   4,    0,   14,   7 }, /* '_' */
    {   3532,   7,  12,    0,    2,   7 }, /* '`' */
    {   3580,   9,  10,    0,    5,   9 }, /* 'a' */
    {   3630,  10,  13,    0,    2,  10 }, /* 'b' */
    {   3695,   8,  10,    0,    5,   8 }, /* 'c' */
    {   3735,  10,  13,    0,    2,  10 }, /* 'd' */
    {   3800,   9,  10,    0,    5,   9 }, /* 'e' */
    {   3850,   6,  12,    0,    2,   6 }, /* 'f' */
    {   3886,  10,  13,    0,    5,  10 }, /* 'g' */
    {   3951,  10,  12,    0,    2,  10 }, /* 'h' */
    {   4011,   5,  12,    0,    2,   5 }, /* 'i' */
    {   4047,   6,  16,   -1,    2,   5 }, /* 'j' */
    {   4095,  10,  12,    0,    2,   9 }, /* 'k' */
    {   4155,   5,  12,    0,    2,   5 }, /* 'l' */
    {   4191,  14,   9,    0,    5,  14 }, /* 'm' */
    {   4254,  10,   9,    0,    5,  10 }, /* 'n' */
    {   4299,   9,  10,    0,    5,   9 }, /* 'o' */
    {   4349,  10,  13,    0,    5,  10 }, /* 'p' */
    {   4414,  10,  13,    0,    5,  10 }, /* 'q' */
    {   4479,   7,   9,    0,    5,   7 }, /* 'r' */
    {   4515,   8,  10,    0,    5,   8 }, /* 's' */
    {   4555,   7,  11,    0,    3,   6 }, /* 't' */
    {   4599,  10,  10,    0,    5,  10 }, /* 'u' */
    {   4649,   9,   9,    0,    5,   9 }, /* 'v' */
    {   4694,  12,   9,    0,    5,  12 }, /* 'w' */
    {   4748,   9,   9,    0,    5,   9 }, /* 'x' */
    {   4793,   9,  13,    0,    5,   9 }, /* 'y' */
    {   4858,   8,   9,    0,    5,   8 }, /* 'z' */
    {   4894,  10,  15,    0,    2,  10 }, /* '{' */
    {   4969,   5,  16,    0,    2,   5 }, /* '|' */
    {   5017,  10,  15,    0,    2,  10 }, /* '}' */
    {   5092,  11,   7,    0,    7,  11 }, /* '~' */
    {   5134,   6,  12,    0,    5,   6 }, /* 'U+00A1' */
    {   5170,   8,  12,    0,    2,   8 }, /* 'U+00AA' */
    {   5218,   7,  12,    0,    2,   7 }, /* 'U+00B0' */
    {   5266,  11,  10,    0,    4,  11 }, /* 'U+00B1' */
    {   5326,  10,  13,    0,    5,  10 }, /* 'U+00B5' */
    {   5391,   5,   7,    0,    7,   5 }, /* 'U+00B7' */
    {   5412,   8,  12,    0,    2,   8 }, /* 'U+00BA' */
    {   5460,   8,  12,    0,    5,   8 }, /* 'U+00BF' */
    {   5508,  11,  15,    0,   -1,  10 }, /* 'U+00C1' */
    {   5598,   9,  15,    0,   -1,   9 }, /* 'U+00C9' */
    {   5673,   5,  15,    0,   -1,   5 }, /* 'U+00CD' */
    {   5718,  11,  15,    0,   -1,  11 }, /* 'U+00D1' */
    {   5808,  11,  16,    0,   -1,  11 }, /* 'U+00D3' */
    {   5904,  11,  16,    0,   -1,  11 }, /* 'U+00DA' */
    {   6000,  11,  16,    0,   -1,  11 }, /* 'U+00DC' */
    {   6096,   9,  13,    0,    2,   9 }, /* 'U+00E1' */
    {   6161,   9,  13,    0,    2,   9 }, /* 'U+00E9' */
    {   6226,   6,  12,    0,    2,   5 }, /* 'U+00ED' */
    {   6262,  10,  12,    0,    2,  10 }, /* 'U+00F1' */
    {   6322,   9,  13,    0,    2,   9 }, /* 'U+00F3' */
    {   6387,  10,  13,    0,    2,  10 }, /* 'U+00FA' */
    {   6452,  10,  13,    0,    2,  10 }, /* 'U+00FC' */
};

const gfx2_range_t font_ui_14b_ranges[22] = {
    { 0x0020, 0x007E, 0 },
    { 0x00A1, 0x00A1, 95 },
    { 0x00AA, 0x00AA, 96 },
    { 0x00B0, 0x00B1, 97 },
    { 0x00B5, 0x00B5, 99 },
    { 0x00B7, 0x00B7, 100 },
    { 0x00BA, 0x00BA, 101 },
    { 0x00BF, 0x00BF, 102 },
    { 0x00C1, 0x00C1, 103 },
    { 0x00C9, 0x00C9, 104 },
    { 0x00CD, 0x00CD, 105 },
    { 0x00D1, 0x00D1, 106 },
    { 0x00D3, 0x00D3, 107 },
    { 0x00DA, 0x00DA, 108 },
    { 0x00DC, 0x00DC, 109 },
    { 0x00E1, 0x00E1, 110 },
    { 0x00E9, 0x00E9, 111 },
    { 0x00ED, 0x00ED, 112 },
    { 0x00F1, 0x00F1, 113 },
    { 0x00F3, 0x00F3, 114 },
    { 0x00FA, 0x00FA, 115 },
    { 0x00FC, 0x00FC, 116 },
};

const gfx2_font_t font_ui_14b = {
    font_ui_14b_bitmap, font_ui_14b_glyphs, font_ui_14b_ranges,
    22, 14, 4, 18
};


/* ------------------------------------------------------------------ */
#include "font_ui_18b.h"


const uint8_t font_ui_18b_bitmap[9910] = {
    0x00, 0x8D, 0xD5, 0x00, 0x00, 0x9F, 0xF6, 0x00, 0x00, 0x9F, 0xF6, 0x00, 0x00, 0x9F, 0xF6, 0x00,
    0x00, 0x9F, 0xF6, 0x00, 0x00, 0x9F, 0xF6, 0x00, 0x00, 0x7F, 0xF4, 0x00, 0x00, 0x6F, 0xF3, 0x00,
    0x00, 0x4F, 0xF1, 0x00, 0x00, 0x15, 0x50, 0x00, 0x00, 0x34, 0x42, 0x00, 0x00, 0x9F, 0xF6, 0x00,
    0x00, 0x9F, 0xF6, 0x00, 0x00, 0x9F, 0xF6, 0x00, 0x05, 0xD8, 0x09, 0xD4, 0x00, 0x05, 0xF9, 0x0A,
    0xF4, 0x00, 0x05, 0xF9, 0x0A, 0xF4, 0x00, 0x05, 0xF9, 0x0A, 0xF4, 0x00, 0x05, 0xF9, 0x0A, 0xF4,
    0x00, 0x02, 0x43, 0x03, 0x41, 0x00, 0x00, 0x00, 0x00, 0x00, 0x00, 0x00, 0x00, 0x00, 0x00, 0x00,
    0x00, 0x00, 0x00, 0x00, 0x00, 0x00, 0x00, 0x00, 0x00, 0x00, 0x00, 0x00, 0x00, 0x00, 0x00, 0x00,
    0x00, 0x00, 0x00, 0x00, 0x00, 0x00, 0x00, 0x00, 0x00, 0x00, 0x00, 0x00, 0x00, 0x00, 0x00, 0x00,
    0x03, 0xA5, 0x02, 0xA6, 0x00, 0x00, 0x00, 0x08, 0xF5, 0x07, 0xF6, 0x00, 0x00, 0x00, 0x0B, 0xF2,
    0x0A, 0xF3, 0x00, 0x00, 0x11, 0x1E, 0xE1, 0x1D, 0xE1, 0x10, 0x00, 0xDF, 0xFF, 0xFF, 0xFF, 0xFF,
    0xF3, 0x00, 0xCE, 0xEF, 0xEE, 0xEF, 0xEE, 0xE2, 0x00, 0x00, 0xAF, 0x30, 0x9F, 0x40, 0x00, 0x00,
    0x00, 0xDE, 0x00, 0xCF, 0x10, 0x00, 0x07, 0x89, 0xFE, 0x88, 0xFE, 0x88, 0x20, 0x0D, 0xFF, 0xFF,
    0xFF, 0xFF, 0xFF, 0x30, 0x06, 0x7C, 0xF9, 0x7B, 0xF9, 0x77, 0x10, 0x00, 0x0B, 0xF2, 0x0A, 0xF2,
    0x00, 0x00, 0x00, 0x0E, 0xD0, 0x0E, 0xE0, 0x00, 0x00, 0x00, 0x3F, 0xA0, 0x2F, 0xB0, 0x00, 0x00,
    0x00, 0x00, 0x05, 0x40, 0x00, 0x00, 0x00, 0x00, 0x0B, 0xA0, 0x00, 0x00, 0x00, 0x00, 0x2C, 0xB3,
    0x10, 0x00, 0x00, 0x5D, 0xFF, 0xFF, 0xFC, 0x00, 0x03, 0xFF, 0xFE, 0xEE, 0xFF, 0x00, 0x08, 0xFF,
    0x3B, 0xA0, 0x27, 0x00, 0x09, 0xFF, 0x2B, 0xA0, 0x00, 0x00, 0x07, 0xFF, 0xEE, 0xC5, 0x10, 0x00,
    0x01, 0xDF, 0xFF, 0xFF, 0xF8, 0x00, 0x00, 0x18, 0xCF, 0xFF, 0xFF, 0x50, 0x00, 0x00, 0x0B, 0xB9,
    0xFF, 0x90, 0x01, 0x00, 0x0B, 0xA0, 0xEF, 0xB0, 0x0A, 0xC6, 0x4B, 0xB6, 0xFF, 0x80, 0x0A, 0xFF,
    0xFF, 0xFF, 0xFE, 0x20, 0x02, 0x8C, 0xEF, 0xFD, 0x92, 0x00, 0x00, 0x00, 0x0B, 0xA0, 0x00, 0x00,
    0x00, 0x00, 0x0B, 0xA0, 0x00, 0x00, 0x00, 0x00, 0x09, 0x80, 0x00, 0x00, 0x00, 0x01, 0x10, 0x00,
    0x00, 0x01, 0x21, 0x00, 0x00, 0x03, 0xCF, 0xFB, 0x10, 0x00, 0x0C, 0xE1, 0x00, 0x00, 0x0D, 0xF9,
    0xBF, 0xA0, 0x00, 0x5F, 0x80, 0x00, 0x00, 0x4F, 0xC0, 0x1F, 0xF1, 0x00, 0xDE, 0x10, 0x00, 0x00,
    0x6F, 0xA0, 0x0E, 0xF3, 0x06, 0xF6, 0x00, 0x00, 0x00, 0x5F, 0xB0, 0x0E, 0xF1, 0x1E, 0xD0, 0x00,
    0x00, 0x00, 0x2F, 0xF4, 0x7F, 0xD0, 0x7F, 0x50, 0x00, 0x00, 0x00, 0x06, 0xFF, 0xFE, 0x41, 0xEC,
    0x00, 0x34, 0x10, 0x00, 0x00, 0x26, 0x51, 0x09, 0xF4, 0x1C, 0xFF, 0xF6, 0x00, 0x00, 0x00, 0x00,
    0x2F, 0xB0, 0xAF, 0xA6, 0xEF, 0x20, 0x00, 0x00, 0x00, 0xAF, 0x30, 0xEF, 0x20, 0xAF, 0x70, 0x00,
    0x00, 0x03, 0xFA, 0x01, 0xFF, 0x00, 0x8F, 0x80, 0x00, 0x00, 0x0B, 0xF2, 0x00, 0xEF, 0x20, 0xAF,
    0x70, 0x00, 0x00, 0x4F, 0x80, 0x00, 0x9F, 0xB6, 0xEF, 0x20, 0x00, 0x00, 0xCE, 0x10, 0x00, 0x1C,
    0xFF, 0xF6, 0x00, 0x00, 0x01, 0x43, 0x00, 0x00, 0x00, 0x34, 0x10, 0x00, 0x00, 0x00, 0x00, 0x11,
    0x00, 0x00, 0x00, 0x00, 0x00, 0x00, 0x7E, 0xFF, 0xEA, 0x10, 0x00, 0x00, 0x00, 0x09, 0xFF, 0xFF,
    0xFF, 0x10, 0x00, 0x00, 0x00, 0x0F, 0xFF, 0x53, 0x6C, 0x10, 0x00, 0x00, 0x00, 0x1F, 0xFE, 0x00,
    0x00, 0x00, 0x00, 0x00, 0x00, 0x0C, 0xFF, 0x70, 0x00, 0x00, 0x00, 0x00, 0x00, 0x1B, 0xFF, 0xF4,
    0x00, 0x04, 0x43, 0x00, 0x00, 0xBF, 0xFF, 0xFE, 0x20, 0x1F, 0xF8, 0x00, 0x07, 0xFF, 0xAA, 0xFF,
    0xC1, 0x4F, 0xF5, 0x00, 0x0C, 0xFF, 0x11, 0xCF, 0xFA, 0xBF, 0xF1, 0x00, 0x0E, 0xFE, 0x00, 0x2E,
    0xFF, 0xFF, 0xA0, 0x00, 0x0D, 0xFF, 0x40, 0x04, 0xFF, 0xFE, 0x20, 0x00, 0x09, 0xFF, 0xD5, 0x36,
    0xEF, 0xFE, 0x30, 0x00, 0x02, 0xEF, 0xFF, 0xFF, 0xFF, 0xFF, 0xD1, 0x00, 0x00, 0x2B, 0xFF, 0xFF,
    0xB3, 0xBF, 0xFB, 0x00, 0x00, 0x00, 0x14, 0x31, 0x00, 0x00, 0x00, 0x00, 0x05, 0xD8, 0x00, 0x05,
    0xF9, 0x00, 0x05, 0xF9, 0x00, 0x05, 0xF9, 0x00, 0x05, 0xF9, 0x00, 0x02, 0x43, 0x00, 0x00, 0x00,
    0x00, 0x00, 0x00, 0x00, 0x00, 0x00, 0x00, 0x00, 0x00, 0x00, 0x00, 0x00, 0x00, 0x00, 0x00, 0x00,
    0x00, 0x00, 0x00, 0x00, 0x00, 0x00, 0x00, 0x01, 0x66, 0x20, 0x00, 0x07, 0xFF, 0x10, 0x00, 0x1E,
    0xF9, 0x00, 0x00, 0x6F, 0xF4, 0x00, 0x00, 0xBF, 0xE0, 0x00, 0x01, 0xFF, 0xB0, 0x00, 0x04, 0xFF,
    0x80, 0x00, 0x06, 0xFF, 0x60, 0x00, 0x07, 0xFF, 0x50, 0x00, 0x07, 0xFF, 0x50, 0x00, 0x06, 0xFF,
    0x60, 0x00, 0x04, 0xFF, 0x80, 0x00, 0x01, 0xFF, 0xB0, 0x00, 0x00, 0xCF, 0xE0, 0x00, 0x00, 0x6F,
    0xF4, 0x00, 0x00, 0x1E, 0xF9, 0x00, 0x00, 0x08, 0xFE, 0x10, 0x00, 0x01, 0x88, 0x30, 0x03, 0x66,
    0x00, 0x00, 0x03, 0xFF, 0x50, 0x00, 0x00, 0xCF, 0xC0, 0x00, 0x00, 0x7F, 0xF3, 0x00, 0x00, 0x2F,
    0xF9, 0x00, 0x00, 0x0E, 0xFD, 0x00, 0x00, 0x0B, 0xFF, 0x10, 0x00, 0x09, 0xFF, 0x30, 0x00, 0x08,
    0xFF, 0x50, 0x00, 0x08, 0xFF, 0x50, 0x00, 0x09, 0xFF, 0x30, 0x00, 0x0B, 0xFF, 0x10, 0x00, 0x0E,
    0xFD, 0x00, 0x00, 0x2F, 0xF9, 0x00, 0x00, 0x7F, 0xF4, 0x00, 0x00, 0xCF, 0xD0, 0x00, 0x03, 0xFF,
    0x50, 0x00, 0x04, 0x87, 0x00, 0x00, 0x00, 0x00, 0x20, 0x00, 0x00, 0x00, 0x04, 0xF3, 0x00, 0x00,
    0x24, 0x04, 0xF3, 0x05, 0x10, 0x7F, 0xA5, 0xF5, 0xBF, 0x60, 0x06, 0xDF, 0xFF, 0xD5, 0x00, 0x00,
    0x5F, 0xFF, 0x50, 0x00, 0x3B, 0xFC, 0xFC, 0xFB, 0x20, 0x6D, 0x54, 0xF3, 0x5D, 0x50, 0x01, 0x04,
    0xF3, 0x01, 0x00, 0x00, 0x03, 0xB2, 0x00, 0x00, 0x00, 0x00, 0x00, 0x00, 0x00, 0x00, 0x00, 0x00,
    0x00, 0x00, 0x00, 0x00, 0x00, 0x00, 0x00, 0x00, 0x00, 0x00, 0x00, 0x00, 0x00, 0x00, 0x00, 0x00,
    0x00, 0x00, 0x00, 0x00, 0xBE, 0x20, 0x00, 0x00, 0x00, 0x00, 0x00, 0xCF, 0x20, 0x00, 0x00, 0x00,
    0x00, 0x00, 0xCF, 0x20, 0x00, 0x00, 0x00, 0x00, 0x00, 0xCF, 0x20, 0x00, 0x00, 0x00, 0x11, 0x11,
    0xDF, 0x31, 0x11, 0x00, 0x03, 0xFF, 0xFF, 0xFF, 0xFF, 0xFF, 0x80, 0x03, 0xFF, 0xFF, 0xFF, 0xFF,
    0xFF, 0x80, 0x00, 0x22, 0x22, 0xDF, 0x42, 0x22, 0x10, 0x00, 0x00, 0x00, 0xCF, 0x20, 0x00, 0x00,
    0x00, 0x00, 0x00, 0xCF, 0x20, 0x00, 0x00, 0x00, 0x00, 0x00, 0xCF, 0x20, 0x00, 0x00, 0x00, 0x00,
    0x00, 0xCF, 0x20, 0x00, 0x00, 0x02, 0x99, 0x70, 0x00, 0x04, 0xFF, 0xB0, 0x00, 0x04, 0xFF, 0xB0,
    0x00, 0x05, 0xFF, 0x90, 0x00, 0x08, 0xFE, 0x10, 0x00, 0x0C, 0xF6, 0x00, 0x00, 0x0A, 0x90, 0x00,
    0x00, 0x1C, 0xCC, 0xCC, 0x20, 0x1F, 0xFF, 0xFF, 0x30, 0x1D, 0xDD, 0xDD, 0x20, 0x00, 0x00, 0x00,
    0x00, 0x00, 0x00, 0x00, 0x00, 0x00, 0x00, 0x00, 0x00, 0x00, 0x00, 0x00, 0x00, 0x02, 0x99, 0x70,
    0x00, 0x04, 0xFF, 0xB0, 0x00, 0x04, 0xFF, 0xB0, 0x00, 0x04, 0xFF, 0xB0, 0x00, 0x00, 0x00, 0x9D,
    0x20, 0x00, 0x00, 0xED, 0x00, 0x00, 0x04, 0xF9, 0x00, 0x00, 0x08, 0xF5, 0x00, 0x00, 0x0D, 0xF1,
    0x00, 0x00, 0x2F, 0xB0, 0x00, 0x00, 0x6F, 0x70, 0x00, 0x00, 0xAF, 0x30, 0x00, 0x00, 0xED, 0x00,
    0x00, 0x04, 0xF9, 0x00, 0x00, 0x08, 0xF5, 0x00, 0x00, 0x0C, 0xF1, 0x00, 0x00, 0x1F, 0xB0, 0x00,
    0x00, 0x5F, 0x70, 0x00, 0x00, 0xAF, 0x30, 0x00, 0x00, 0xAB, 0x00, 0x00, 0x00, 0x00, 0x00, 0x01,
    0x10, 0x00, 0x00, 0x00, 0x07, 0xDF, 0xFD, 0x60, 0x00, 0x00, 0x9F, 0xFF, 0xFF, 0xF7, 0x00, 0x04,
    0xFF, 0xE7, 0x7F, 0xFF, 0x20, 0x0A, 0xFF, 0x70, 0x09, 0xFF, 0x80, 0x0E, 0xFF, 0x30, 0x05, 0xFF,
    0xC0, 0x1F, 0xFF, 0x10, 0x03, 0xFF, 0xF0, 0x2F, 0xFF, 0x10, 0x02, 0xFF, 0xF1, 0x2F, 0xFF, 0x10,
    0x02, 0xFF, 0xF1, 0x2F, 0xFF, 0x10, 0x03, 0xFF, 0xF0, 0x0E, 0xFF, 0x30, 0x04, 0xFF, 0xD0, 0x0B,
    0xFF, 0x60, 0x08, 0xFF, 0x90, 0x05, 0xFF, 0xD4, 0x4E, 0xFF, 0x30, 0x00, 0xBF, 0xFF, 0xFF, 0xF9,
    0x00, 0x00, 0x19, 0xFF, 0xFF, 0x80, 0x00, 0x00, 0x00, 0x13, 0x31, 0x00, 0x00, 0x00, 0x58, 0xBD,
    0xDB, 0x00, 0x00, 0x01, 0xFF, 0xFF, 0xFD, 0x00, 0x00, 0x01, 0xFD, 0xBF, 0xFD, 0x00, 0x00, 0x00,
    0x20, 0x2F, 0xFD, 0x00, 0x00, 0x00, 0x00, 0x2F, 0xFD, 0x00, 0x00, 0x00, 0x00, 0x2F, 0xFD, 0x00,
    0x00, 0x00, 0x00, 0x2F, 0xFD, 0x00, 0x00, 0x00, 0x00, 0x2F, 0xFD, 0x00, 0x00, 0x00, 0x00, 0x2F,
    0xFD, 0x00, 0x00, 0x00, 0x00, 0x2F, 0xFD, 0x00, 0x00, 0x00, 0x00, 0x2F, 0xFD, 0x00, 0x00, 0x00,
    0x77, 0x8F, 0xFE, 0x77, 0x50, 0x00, 0xFF, 0xFF, 0xFF, 0xFF, 0xB0, 0x00, 0xFF, 0xFF, 0xFF, 0xFF,
    0xB0, 0x00, 0x00, 0x01, 0x10, 0x00, 0x00, 0x03, 0x9D, 0xFF, 0xFD, 0x60, 0x00, 0x09, 0xFF, 0xFF,
    0xFF, 0xF8, 0x00, 0x09, 0xFA, 0x67, 0xDF, 0xFF, 0x10, 0x05, 0x20, 0x00, 0x3F, 0xFF, 0x40, 0x00,
    0x00, 0x00, 0x0E, 0xFF, 0x40, 0x00, 0x00, 0x00, 0x2F, 0xFF, 0x10, 0x00, 0x00, 0x00, 0xBF, 0xF9,
    0x00, 0x00, 0x00, 0x0A, 0xFF, 0xC0, 0x00, 0x00, 0x00, 0xAF, 0xFC, 0x10, 0x00, 0x00, 0x0B, 0xFF,
    0xC1, 0x00, 0x00, 0x00, 0xBF, 0xFC, 0x10, 0x00, 0x00, 0x09, 0xFF, 0xFA, 0x99, 0x99, 0x40, 0x0A,
    0xFF, 0xFF, 0xFF, 0xFF, 0x60, 0x0A, 0xFF, 0xFF, 0xFF, 0xFF, 0x60, 0x00, 0x00, 0x01, 0x10, 0x00,
    0x00, 0x03, 0xBE, 0xFF, 0xFD, 0x80, 0x00, 0x05, 0xFF, 0xFF, 0xFF, 0xFA, 0x00, 0x05, 0xC8, 0x67,
    0xDF, 0xFF, 0x20, 0x00, 0x00, 0x00, 0x2F, 0xFF, 0x30, 0x00, 0x00, 0x00, 0x1F, 0xFF, 0x10, 0x00,
    0x03, 0x46, 0xCF, 0xF8, 0x00, 0x00, 0x0B, 0xFF, 0xFF, 0x80, 0x00, 0x00, 0x0B, 0xFF, 0xFF, 0xF8,
    0x00, 0x00, 0x00, 0x02, 0x8F, 0xFF, 0x30, 0x00, 0x00, 0x00, 0x0C, 0xFF, 0x70, 0x00, 0x00, 0x00,
    0x0C, 0xFF, 0x80, 0x0C, 0x95, 0x34, 0x9F, 0xFF, 0x50, 0x0D, 0xFF, 0xFF, 0xFF, 0xFC, 0x00, 0x09,
    0xEF, 0xFF, 0xFE, 0x81, 0x00, 0x00, 0x02, 0x34, 0x20, 0x00, 0x00, 0x00, 0x00, 0x06, 0xDD, 0xD4,
    0x00, 0x00, 0x00, 0x1E, 0xFF, 0xF5, 0x00, 0x00, 0x00, 0xAF, 0xFF, 0xF5, 0x00, 0x00, 0x04, 0xFE,
    0xCF, 0xF5, 0x00, 0x00, 0x0D, 0xF7, 0xBF, 0xF5, 0x00, 0x00, 0x7F, 0xC0, 0xBF, 0xF5, 0x00, 0x02,
    0xEF, 0x40, 0xBF, 0xF5, 0x00, 0x0A, 0xF9, 0x00, 0xBF, 0xF5, 0x00, 0x3F, 0xE3, 0x22, 0xBF, 0xF6,
    0x20, 0x4F, 0xFF, 0xFF, 0xFF, 0xFF, 0xF2, 0x4F, 0xFF, 0xFF, 0xFF, 0xFF, 0xF2, 0x27, 0x77, 0x77,
    0xDF, 0xFA, 0x71, 0x00, 0x00, 0x00, 0xBF, 0xF5, 0x00, 0x00, 0x00, 0x00, 0xBF, 0xF5, 0x00, 0x02,
    0xDD, 0xDD, 0xDD, 0xDA, 0x00, 0x03, 0xFF, 0xFF, 0xFF, 0xFC, 0x00, 0x03, 0xFF, 0xDC, 0xCC, 0xCA,
    0x00, 0x03, 0xFF, 0x60, 0x00, 0x00, 0x00, 0x03, 0xFF, 0x74, 0x41, 0x00, 0x00, 0x03, 0xFF, 0xFF,
    0xFF, 0xB1, 0x00, 0x03, 0xFF, 0xFF, 0xFF, 0xFC, 0x00, 0x03, 0xA5, 0x33, 0x9F, 0xFF, 0x50, 0x00,
    0x00, 0x00, 0x0B, 0xFF, 0x90, 0x00, 0x00, 0x00, 0x08, 0xFF, 0xA0, 0x03, 0x00, 0x00, 0x0B, 0xFF,
    0x90, 0x0A, 0xC6, 0x34, 0x9F, 0xFF, 0x50, 0x0A, 0xFF, 0xFF, 0xFF, 0xFB, 0x00, 0x05, 0xBF, 0xFF,
    0xFE, 0x81, 0x00, 0x00, 0x01, 0x24, 0x30, 0x00, 0x00, 0x00, 0x00, 0x00, 0x10, 0x00, 0x00, 0x00,
    0x01, 0x9E, 0xFF, 0xEA, 0x10, 0x00, 0x2D, 0xFF, 0xFF, 0xFF, 0x20, 0x00, 0xCF, 0xFC, 0x64, 0x7C,
    0x20, 0x04, 0xFF, 0xD0, 0x00, 0x00, 0x00, 0x09, 0xFF, 0x60, 0x11, 0x00, 0x00, 0x0C, 0xFF, 0x9E,
    0xFF, 0xC3, 0x00, 0x0D, 0xFF, 0xFF, 0xFF, 0xFE, 0x20, 0x0E, 0xFF, 0xF5, 0x3C, 0xFF, 0xA0, 0x0D,
    0xFF, 0xA0, 0x04, 0xFF, 0xE0, 0x0B, 0xFF, 0x80, 0x02, 0xFF, 0xE0, 0x08, 0xFF, 0x90, 0x03, 0xFF,
    0xD0, 0x02, 0xFF, 0xE3, 0x1A, 0xFF, 0x90, 0x00, 0x8F, 0xFF, 0xFF, 0xFE, 0x10, 0x00, 0x07, 0xEF,
    0xFF, 0xB2, 0x00, 0x00, 0x00, 0x03, 0x42, 0x00, 0x00, 0x0B, 0xDD, 0xDD, 0xDD, 0xDD, 0x70, 0x0D,
    0xFF, 0xFF, 0xFF, 0xFF, 0x80, 0x0A, 0xCC, 0xCC, 0xCF, 0xFF, 0x60, 0x00, 0x00, 0x00, 0x2F, 0xFE,
    0x10, 0x00, 0x00, 0x00, 0x8F, 0xF9, 0x00, 0x00, 0x00, 0x01, 0xEF, 0xF3, 0x00, 0x00, 0x00, 0x06,
    0xFF, 0xB0, 0x00, 0x00, 0x00, 0x0C, 0xFF, 0x50, 0x00, 0x00, 0x00, 0x3F, 0xFE, 0x00, 0x00, 0x00,
    0x00, 0x9F, 0xF8, 0x00, 0x00, 0x00, 0x01, 0xEF, 0xF2, 0x00, 0x00, 0x00, 0x06, 0xFF, 0xB0, 0x00,
    0x00, 0x00, 0x0D, 0xFF, 0x40, 0x00, 0x00, 0x00, 0x4F, 0xFD, 0x00, 0x00, 0x00, 0x00, 0x00, 0x01,
    0x10, 0x00, 0x00, 0x00, 0x3B, 0xFF, 0xFE, 0xA2, 0x00, 0x02, 0xEF, 0xFF, 0xFF, 0xFE, 0x10, 0x08,
    0xFF, 0xD4, 0x4E, 0xFF, 0x60, 0x0A, 0xFF, 0x60, 0x08, 0xFF, 0x80, 0x08, 0xFF, 0x70, 0x09, 0xFF,
    0x60, 0x02, 0xEF, 0xE8, 0x8F, 0xFD, 0x10, 0x00, 0x2C, 0xFF, 0xFF, 0xB1, 0x00, 0x01, 0xCF, 0xFD,
    0xEF, 0xFB, 0x10, 0x09, 0xFF, 0x80, 0x0A, 0xFF, 0x70, 0x0D, 0xFF, 0x20, 0x04, 0xFF, 0xB0, 0x0E,
    0xFF, 0x20, 0x04, 0xFF, 0xC0, 0x0B, 0xFF, 0xA1, 0x1B, 0xFF, 0xA0, 0x05, 0xFF, 0xFF, 0xFF, 0xFF,
    0x30, 0x00, 0x5D, 0xFF, 0xFF, 0xD4, 0x00, 0x00, 0x00, 0x24, 0x42, 0x00, 0x00, 0x00, 0x00, 0x01,
    0x00, 0x00, 0x00, 0x00, 0x19, 0xEF, 0xFB, 0x30, 0x00, 0x01, 0xDF, 0xFF, 0xFF, 0xF4, 0x00, 0x09,
    0xFF, 0xB3, 0x7F, 0xFD, 0x00, 0x0E, 0xFF, 0x20, 0x0C, 0xFF, 0x50, 0x1F, 0xFF, 0x00, 0x0A, 0xFF,
    0x90, 0x1F, 0xFF, 0x10, 0x0B, 0xFF, 0xB0, 0x0D, 0xFF, 0x81, 0x4F, 0xFF, 0xC0, 0x06, 0xFF, 0xFF,
    0xFF, 0xFF, 0xC0, 0x00, 0x7F, 0xFF, 0xFB, 0xFF, 0xB0, 0x00, 0x01, 0x44, 0x17, 0xFF, 0x80, 0x00,
    0x00, 0x00, 0x0D, 0xFF, 0x30, 0x04, 0x83, 0x23, 0xBF, 0xFB, 0x00, 0x04, 0xFF, 0xFF, 0xFF, 0xE2,
    0x00, 0x03, 0xEF, 0xFF, 0xFA, 0x20, 0x00, 0x00, 0x02, 0x33, 0x10, 0x00, 0x00, 0x01, 0x66, 0x50,
    0x00, 0x01, 0xFF, 0xE0, 0x00, 0x01, 0xFF, 0xE0, 0x00, 0x01, 0xFF, 0xE0, 0x00, 0x00, 0x33, 0x30,
    0x00, 0x00, 0x00, 0x00, 0x00, 0x00, 0x00, 0x00, 0x00, 0x01, 0x99, 0x80, 0x00, 0x01, 0xFF, 0xE0,
    0x00, 0x01, 0xFF, 0xE0, 0x00, 0x01, 0xFF, 0xE0, 0x00, 0x01, 0x66, 0x50, 0x00, 0x01, 0xFF, 0xE0,
    0x00, 0x01, 0xFF, 0xE0, 0x00, 0x01, 0xFF, 0xE0, 0x00, 0x00, 0x33, 0x30, 0x00, 0x00, 0x00, 0x00,
    0x00, 0x00, 0x00, 0x00, 0x00, 0x01, 0x99, 0x80, 0x00, 0x01, 0xFF, 0xE0, 0x00, 0x01, 0xFF, 0xE0,
    0x00, 0x02, 0xFF, 0xB0, 0x00, 0x06, 0xFF, 0x30, 0x00, 0x0A, 0xF9, 0x00, 0x00, 0x09, 0xA1, 0x00,
    0x00, 0x00, 0x00, 0x00, 0x00, 0x00, 0x00, 0x20, 0x00, 0x00, 0x00, 0x00, 0x02, 0x8E, 0x80, 0x00,
    0x00, 0x00, 0x05, 0xBF, 0xFF, 0x80, 0x00, 0x00, 0x28, 0xEF, 0xFF, 0xB5, 0x10, 0x00, 0x5B, 0xFF,
    0xFD, 0x82, 0x00, 0x00, 0x03, 0xFF, 0xFA, 0x40, 0x00, 0x00, 0x00, 0x03, 0xFF, 0xE8, 0x30, 0x00,
    0x00, 0x00, 0x00, 0x6C, 0xFF, 0xFC, 0x61, 0x00, 0x00, 0x00, 0x00, 0x39, 0xEF, 0xFF, 0xA4, 0x00,
    0x00, 0x00, 0x00, 0x16, 0xCF, 0xFF, 0x70, 0x00, 0x00, 0x00, 0x00, 0x03, 0x9E, 0x80, 0x00, 0x00,
    0x00, 0x00, 0x00, 0x01, 0x30, 0x00, 0x22, 0x22, 0x22, 0x22, 0x22, 0x10, 0x03, 0xFF, 0xFF, 0xFF,
    0xFF, 0xFF, 0x80, 0x03, 0xFF, 0xFF, 0xFF, 0xFF, 0xFF, 0x80, 0x00, 0x00, 0x00, 0x00, 0x00, 0x00,
    0x00, 0x00, 0x00, 0x00, 0x00, 0x00, 0x00, 0x00, 0x03, 0xEE, 0xEE, 0xEE, 0xEE, 0xEE, 0x70, 0x03,
    0xFF, 0xFF, 0xFF, 0xFF, 0xFF, 0x80, 0x01, 0x44, 0x44, 0x44, 0x44, 0x44, 0x20, 0x00, 0x00, 0x00,
    0x00, 0x00, 0x00, 0x00, 0x00, 0x00, 0x00, 0x00, 0x00, 0x00, 0x00, 0x01, 0x10, 0x00, 0x00, 0x00,
    0x00, 0x00, 0x03, 0xFA, 0x40, 0x00, 0x00, 0x00, 0x00, 0x03, 0xFF, 0xFD, 0x71, 0x00, 0x00, 0x00,
    0x00, 0x49, 0xEF, 0xFF, 0xA4, 0x00, 0x00, 0x00, 0x00, 0x16, 0xBF, 0xFF, 0xD7, 0x10, 0x00, 0x00,
    0x00, 0x02, 0x8D, 0xFF, 0x80, 0x00, 0x00, 0x00, 0x01, 0x6C, 0xFF, 0x80, 0x00, 0x00, 0x04, 0xAF,
    0xFF, 0xE8, 0x20, 0x00, 0x28, 0xDF, 0xFF, 0xB5, 0x00, 0x00, 0x03, 0xFF, 0xFE, 0x82, 0x00, 0x00,
    0x00, 0x03, 0xFB, 0x50, 0x00, 0x00, 0x00, 0x00, 0x01, 0x20, 0x00, 0x00, 0x00, 0x00, 0x00, 0x00,
    0x00, 0x10, 0x00, 0x00, 0x06, 0xBF, 0xFF, 0xC4, 0x00, 0x0C, 0xFF, 0xFF, 0xFF, 0x40, 0x0C, 0xC7,
    0x6C, 0xFF, 0xA0, 0x04, 0x00, 0x04, 0xFF, 0xC0, 0x00, 0x00, 0x07, 0xFF, 0xA0, 0x00, 0x00, 0x3E,
    0xFF, 0x40, 0x00, 0x02, 0xEF, 0xF8, 0x00, 0x00, 0x0C, 0xFF, 0x90, 0x00, 0x00, 0x1F, 0xFF, 0x10,
    0x00, 0x00, 0x05, 0x55, 0x00, 0x00, 0x00, 0x04, 0x44, 0x00, 0x00, 0x00, 0x1F, 0xFE, 0x00, 0x00,
    0x00, 0x1F, 0xFE, 0x00, 0x00, 0x00, 0x1F, 0xFE, 0x00, 0x00, 0x00, 0x00, 0x00, 0x03, 0x54, 0x20,
    0x00, 0x00, 0x00, 0x00, 0x00, 0x18, 0xEF, 0xFF, 0xFC, 0x40, 0x00, 0x00, 0x00, 0x03, 0xDF, 0xD8,
    0x67, 0xAF, 0xF8, 0x00, 0x00, 0x00, 0x2E, 0xF6, 0x00, 0x00, 0x02, 0xCF, 0x60, 0x00, 0x00, 0xAF,
    0x40, 0x01, 0x20, 0x00, 0x1C, 0xE2, 0x00, 0x03, 0xF9, 0x00, 0x8F, 0xFB, 0xAF, 0x23, 0xF7, 0x00,
    0x08, 0xF2, 0x05, 0xFE, 0x9D, 0xFF, 0x20, 0xDB, 0x00, 0x0B, 0xD0, 0x0B, 0xF4, 0x02, 0xFF, 0x20,
    0xBD, 0x00, 0x0D, 0xB0, 0x0E, 0xF0, 0x00, 0xDF, 0x20, 0xBD, 0x00, 0x0D, 0xB0, 0x0E, 0xF0, 0x00,
    0xDF, 0x20, 0xEB, 0x00, 0x0B, 0xD0, 0x0B, 0xF4, 0x02, 0xFF, 0x27, 0xF6, 0x00, 0x08, 0xF2, 0x05,
    0xFE, 0x9D, 0xFF, 0xBF, 0xB0, 0x00, 0x03, 0xF9, 0x00, 0x9F, 0xFC, 0xAF, 0xE9, 0x10, 0x00, 0x00,
    0xAF, 0x50, 0x01, 0x20, 0x22, 0x00, 0x00, 0x00, 0x00, 0x1E, 0xF6, 0x00, 0x00, 0x04, 0xB0, 0x00,
    0x00, 0x00, 0x02, 0xDF, 0xD9, 0x78, 0xCF, 0xE3, 0x00, 0x00, 0x00, 0x00, 0x18, 0xEF, 0xFF, 0xFA,
    0x20, 0x00, 0x00, 0x00, 0x00, 0x00, 0x03, 0x43, 0x10, 0x00, 0x00, 0x00, 0x00, 0x00, 0x6D, 0xDD,
    0x90, 0x00, 0x00, 0x00, 0x00, 0xBF, 0xFF, 0xE0, 0x00, 0x00, 0x00, 0x01, 0xFF, 0xFF, 0xF5, 0x00,
    0x00, 0x00, 0x06, 0xFF, 0xDF, 0xFA, 0x00, 0x00, 0x00, 0x0B, 0xFF, 0x5F, 0xFE, 0x00, 0x00, 0x00,
    0x1F, 0xFE, 0x0B, 0xFF, 0x50, 0x00, 0x00, 0x6F, 0xFA, 0x06, 0xFF, 0xA0, 0x00, 0x00, 0xBF, 0xF5,
    0x02, 0xFF, 0xE0, 0x00, 0x01, 0xFF, 0xF2, 0x11, 0xCF, 0xF5, 0x00, 0x06, 0xFF, 0xFF, 0xFF, 0xFF,
    0xFA, 0x00, 0x0B, 0xFF, 0xFF, 0xFF, 0xFF, 0xFE, 0x00, 0x1F, 0xFF, 0x77, 0x77, 0x7D, 0xFF, 0x50,
    0x6F, 0xFC, 0x00, 0x00, 0x08, 0xFF, 0xA0, 0xBF, 0xF7, 0x00, 0x00, 0x04, 0xFF, 0xE1, 0x06, 0xDD,
    0xDD, 0xDC, 0xA5, 0x00, 0x00, 0x07, 0xFF, 0xFF, 0xFF, 0xFF, 0x90, 0x00, 0x07, 0xFF, 0xE9, 0x9D,
    0xFF, 0xF2, 0x00, 0x07, 0xFF, 0xC0, 0x01, 0xFF, 0xF4, 0x00, 0x07, 0xFF, 0xC0, 0x00, 0xEF, 0xF3,
    0x00, 0x07, 0xFF, 0xD7, 0x7B, 0xFF, 0xD0, 0x00, 0x07, 0xFF, 0xFF, 0xFF, 0xFE, 0x20, 0x00, 0x07,
    0xFF, 0xFE, 0xEF, 0xFF, 0xD1, 0x00, 0x07, 0xFF, 0xC0, 0x01, 0xCF, 0xF8, 0x00, 0x07, 0xFF, 0xC0,
    0x00, 0x6F, 0xFC, 0x00, 0x07, 0xFF, 0xC0, 0x00, 0x8F, 0xFC, 0x00, 0x07, 0xFF, 0xD7, 0x79, 0xFF,
    0xF9, 0x00, 0x07, 0xFF, 0xFF, 0xFF, 0xFF, 0xE2, 0x00, 0x07, 0xFF, 0xFF, 0xFF, 0xD9, 0x20, 0x00,
    0x00, 0x00, 0x00, 0x01, 0x10, 0x00, 0x00, 0x00, 0x01, 0x7C, 0xFF, 0xFD, 0x71, 0x00, 0x00, 0x2C,
    0xFF, 0xFF, 0xFF, 0xF7, 0x00, 0x00, 0xCF, 0xFF, 0xB8, 0x8C, 0xF7, 0x00, 0x06, 0xFF, 0xF6, 0x00,
    0x00, 0x34, 0x00, 0x0C, 0xFF, 0xB0, 0x00, 0x00, 0x00, 0x00, 0x0F, 0xFF, 0x60, 0x00, 0x00, 0x00,
    0x00, 0x1F, 0xFF, 0x40, 0x00, 0x00, 0x00, 0x00, 0x2F, 0xFF, 0x30, 0x00, 0x00, 0x00, 0x00, 0x1F,
    0xFF, 0x50, 0x00, 0x00, 0x00, 0x00, 0x0C, 0xFF, 0xA0, 0x00, 0x00, 0x00, 0x00, 0x07, 0xFF, 0xF4,
    0x00, 0x00, 0x13, 0x00, 0x01, 0xDF, 0xFF, 0x95, 0x69, 0xE7, 0x00, 0x00, 0x3E, 0xFF, 0xFF, 0xFF,
    0xF7, 0x00, 0x00, 0x02, 0x9E, 0xFF, 0xFF, 0xA2, 0x00, 0x00, 0x00, 0x00, 0x34, 0x20, 0x00, 0x00,
    0x06, 0xDD, 0xDC, 0xCB, 0x84, 0x00, 0x00, 0x07, 0xFF, 0xFF, 0xFF, 0xFF, 0xB1, 0x00, 0x07, 0xFF,
    0xFD, 0xDF, 0xFF, 0xFC, 0x00, 0x07, 0xFF, 0xC0, 0x01, 0x9F, 0xFF, 0x80, 0x07, 0xFF, 0xC0, 0x00,
    0x0A, 0xFF, 0xE0, 0x07, 0xFF, 0xC0, 0x00, 0x03, 0xFF, 0xF2, 0x07, 0xFF, 0xC0, 0x00, 0x01, 0xFF,
    0xF4, 0x07, 0xFF, 0xC0, 0x00, 0x01, 0xFF, 0xF4, 0x07, 0xFF, 0xC0, 0x00, 0x03, 0xFF, 0xF3, 0x07,
    0xFF, 0xC0, 0x00, 0x09, 0xFF, 0xE0, 0x07, 0xFF, 0xC0, 0x00, 0x7F, 0xFF, 0x90, 0x07, 0xFF, 0xEB,
    0xBE, 0xFF, 0xFD, 0x10, 0x07, 0xFF, 0xFF, 0xFF, 0xFF, 0xD2, 0x00, 0x07, 0xFF, 0xFF, 0xED, 0xB6,
    0x00, 0x00, 0x06, 0xDD, 0xDD, 0xDD, 0xDD, 0x30, 0x07, 0xFF, 0xFF, 0xFF, 0xFF, 0x40, 0x07, 0xFF,
    0xFD, 0xDD, 0xDD, 0x30, 0x07, 0xFF, 0xC0, 0x00, 0x00, 0x00, 0x07, 0xFF, 0xC0, 0x00, 0x00, 0x00,
    0x07, 0xFF, 0xE9, 0x99, 0x98, 0x00, 0x07, 0xFF, 0xFF, 0xFF, 0xFE, 0x00, 0x07, 0xFF, 0xFF, 0xFF,
    0xFE, 0x00, 0x07, 0xFF, 0xC2, 0x22, 0x22, 0x00, 0x07, 0xFF, 0xC0, 0x00, 0x00, 0x00, 0x07, 0xFF,
    0xC0, 0x00, 0x00, 0x00, 0x07, 0xFF, 0xEB, 0xBB, 0xBB, 0x40, 0x07, 0xFF, 0xFF, 0xFF, 0xFF, 0x60,
    0x07, 0xFF, 0xFF, 0xFF, 0xFF, 0x60, 0x06, 0xDD, 0xDD, 0xDD, 0xDD, 0x30, 0x07, 0xFF, 0xFF, 0xFF,
    0xFF, 0x40, 0x07, 0xFF, 0xFD, 0xDD, 0xDD, 0x30, 0x07, 0xFF, 0xC0, 0x00, 0x00, 0x00, 0x07, 0xFF,
    0xC0, 0x00, 0x00, 0x00, 0x07, 0xFF, 0xE9, 0x99, 0x98, 0x00, 0x07, 0xFF, 0xFF, 0xFF, 0xFE, 0x00,
    0x07, 0xFF, 0xFF, 0xFF, 0xFE, 0x00, 0x07, 0xFF, 0xC2, 0x22, 0x22, 0x00, 0x07, 0xFF, 0xC0, 0x00,
    0x00, 0x00, 0x07, 0xFF, 0xC0, 0x00, 0x00, 0x00, 0x07, 0xFF, 0xC0, 0x00, 0x00, 0x00, 0x07, 0xFF,
    0xC0, 0x00, 0x00, 0x00, 0x07, 0xFF, 0xC0, 0x00, 0x00, 0x00, 0x00, 0x00, 0x00, 0x01, 0x10, 0x00,
    0x00, 0x00, 0x00, 0x6C, 0xFF, 0xFE, 0xB6, 0x10, 0x00, 0x2C, 0xFF, 0xFF, 0xFF, 0xFF, 0x50, 0x00,
    0xCF, 0xFF, 0xC8, 0x8A, 0xEF, 0x50, 0x06, 0xFF, 0xF7, 0x00, 0x00, 0x05, 0x30, 0x0C, 0xFF, 0xB0,
    0x00, 0x00, 0x00, 0x00, 0x0F, 0xFF, 0x50, 0x00, 0x00, 0x00, 0x00, 0x2F, 0xFF, 0x30, 0x02, 0xAA,
    0xAA, 0x80, 0x2F, 0xFF, 0x30, 0x04, 0xFF, 0xFF, 0xC0, 0x1F, 0xFF, 0x50, 0x02, 0xBC, 0xFF, 0xC0,
    0x0C, 0xFF, 0xA0, 0x00, 0x04, 0xFF, 0xC0, 0x07, 0xFF, 0xF4, 0x00, 0x04, 0xFF, 0xC0, 0x01, 0xDF,
    0xFF, 0x95, 0x5A, 0xFF, 0xC0, 0x00, 0x3E, 0xFF, 0xFF, 0xFF, 0xFF, 0xC0, 0x00, 0x02, 0x9E, 0xFF,
    0xFF, 0xD8, 0x20, 0x00, 0x00, 0x00, 0x34, 0x31, 0x00, 0x00, 0x06, 0xDD, 0xA0, 0x00, 0x06, 0xDD,
    0x90, 0x07, 0xFF, 0xC0, 0x00, 0x07, 0xFF, 0xB0, 0x07, 0xFF, 0xC0, 0x00, 0x07, 0xFF, 0xB0, 0x07,
    0xFF, 0xC0, 0x00, 0x07, 0xFF, 0xB0, 0x07, 0xFF, 0xC0, 0x00, 0x07, 0xFF, 0xB0, 0x07, 0xFF, 0xE9,
    0x99, 0x9C, 0xFF, 0xB0, 0x07, 0xFF, 0xFF, 0xFF, 0xFF, 0xFF, 0xB0, 0x07, 0xFF, 0xFF, 0xFF, 0xFF,
    0xFF, 0xB0, 0x07, 0xFF, 0xC2, 0x22, 0x28, 0xFF, 0xB0, 0x07, 0xFF, 0xC0, 0x00, 0x07, 0xFF, 0xB0,
    0x07, 0xFF, 0xC0, 0x00, 0x07, 0xFF, 0xB0, 0x07, 0xFF, 0xC0, 0x00, 0x07, 0xFF, 0xB0, 0x07, 0xFF,
    0xC0, 0x00, 0x07, 0xFF, 0xB0, 0x07, 0xFF, 0xC0, 0x00, 0x07, 0xFF, 0xB0, 0x06, 0xDD, 0xA0, 0x07,
    0xFF, 0xC0, 0x07, 0xFF, 0xC0, 0x07, 0xFF, 0xC0, 0x07, 0xFF, 0xC0, 0x07, 0xFF, 0xC0, 0x07, 0xFF,
    0xC0, 0x07, 0xFF, 0xC0, 0x07, 0xFF, 0xC0, 0x07, 0xFF, 0xC0, 0x07, 0xFF, 0xC0, 0x07, 0xFF, 0xC0,
    0x07, 0xFF, 0xC0, 0x07, 0xFF, 0xC0, 0x00, 0x5D, 0xDA, 0x00, 0x00, 0x6F, 0xFC, 0x00, 0x00, 0x6F,
    0xFC, 0x00, 0x00, 0x6F, 0xFC, 0x00, 0x00, 0x6F, 0xFC, 0x00, 0x00, 0x6F, 0xFC, 0x00, 0x00, 0x6F,
    0xFC, 0x00, 0x00, 0x6F, 0xFC, 0x00, 0x00, 0x6F, 0xFC, 0x00, 0x00, 0x6F, 0xFC, 0x00, 0x00, 0x6F,
    0xFC, 0x00, 0x00, 0x6F, 0xFC, 0x00, 0x00, 0x6F, 0xFC, 0x00, 0x00, 0x8F, 0xFB, 0x00, 0x02, 0xEF,
    0xF9, 0x00, 0xDF, 0xFF, 0xF3, 0x00, 0xEF, 0xFF, 0x70, 0x00, 0xBB, 0x93, 0x00, 0x00, 0x06, 0xDD,
    0xA0, 0x00, 0x1B, 0xDD, 0xA0, 0x07, 0xFF, 0xC0, 0x01, 0xCF, 0xFD, 0x10, 0x07, 0xFF, 0xC0, 0x0B,
    0xFF, 0xD2, 0x00, 0x07, 0xFF, 0xC0, 0xAF, 0xFE, 0x20, 0x00, 0x07, 0xFF, 0xC9, 0xFF, 0xE3, 0x00,
    0x00, 0x07, 0xFF, 0xFF, 0xFF, 0x40, 0x00, 0x00, 0x07, 0xFF, 0xFF, 0xF6, 0x00, 0x00, 0x00, 0x07,
    0xFF, 0xFF, 0xFC, 0x10, 0x00, 0x00, 0x07, 0xFF, 0xEF, 0xFF, 0xB0, 0x00, 0x00, 0x07, 0xFF, 0xC5,
    0xFF, 0xFA, 0x00, 0x00, 0x07, 0xFF, 0xC0, 0x7F, 0xFF, 0x90, 0x00, 0x07, 0xFF, 0xC0, 0x08, 0xFF,
    0xF7, 0x00, 0x07, 0xFF, 0xC0, 0x00, 0x9F, 0xFF, 0x60, 0x07, 0xFF, 0xC0, 0x00, 0x0B, 0xFF, 0xF5,
    0x06, 0xDD, 0xA0, 0x00, 0x00, 0x00, 0x07, 0xFF, 0xC0, 0x00, 0x00, 0x00, 0x07, 0xFF, 0xC0, 0x00,
    0x00, 0x00, 0x07, 0xFF, 0xC0, 0x00, 0x00, 0x00, 0x07, 0xFF, 0xC0, 0x00, 0x00, 0x00, 0x07, 0xFF,
    0xC0, 0x00, 0x00, 0x00, 0x07, 0xFF, 0xC0, 0x00, 0x00, 0x00, 0x07, 0xFF, 0xC0, 0x00, 0x00, 0x00,
    0x07, 0xFF, 0xC0, 0x00, 0x00, 0x00, 0x07, 0xFF, 0xC0, 0x00, 0x00, 0x00, 0x07, 0xFF, 0xC0, 0x00,
    0x00, 0x00, 0x07, 0xFF, 0xEB, 0xBB, 0xBB, 0x40, 0x07, 0xFF, 0xFF, 0xFF, 0xFF, 0x60, 0x07, 0xFF,
    0xFF, 0xFF, 0xFF, 0x60, 0x06, 0xDD, 0xDA, 0x00, 0x00, 0x0A, 0xDD, 0xD6, 0x00, 0x07, 0xFF, 0xFF,
    0x30, 0x00, 0x2F, 0xFF, 0xF7, 0x00, 0x07, 0xFF, 0xFF, 0x80, 0x00, 0x8F, 0xFF, 0xF7, 0x00, 0x07,
    0xFF, 0xFF, 0xE0, 0x00, 0xEF, 0xFF, 0xF7, 0x00, 0x07, 0xFF, 0xBF, 0xF5, 0x05, 0xFF, 0xBF, 0xF7,
    0x00, 0x07, 0xFF, 0x9B, 0xFB, 0x0B, 0xFC, 0x9F, 0xF7, 0x00, 0x07, 0xFF, 0x96, 0xFF, 0x3F, 0xF6,
    0x9F, 0xF7, 0x00, 0x07, 0xFF, 0x91, 0xEF, 0xDF, 0xE1, 0x9F, 0xF7, 0x00, 0x07, 0xFF, 0x90, 0x9F,
    0xFF, 0x90, 0x9F, 0xF7, 0x00, 0x07, 0xFF, 0x90, 0x3F, 0xFF, 0x40, 0x9F, 0xF7, 0x00, 0x07, 0xFF,
    0x90, 0x0D, 0xFD, 0x00, 0x9F, 0xF7, 0x00, 0x07, 0xFF, 0x90, 0x03, 0x53, 0x00, 0x9F, 0xF7, 0x00,
    0x07, 0xFF, 0x90, 0x00, 0x00, 0x00, 0x9F, 0xF7, 0x00, 0x07, 0xFF, 0x90, 0x00, 0x00, 0x00, 0x9F,
    0xF7, 0x00, 0x06, 0xDD, 0xD5, 0x00, 0x04, 0xDD, 0x90, 0x07, 0xFF, 0xFC, 0x00, 0x05, 0xFF, 0xB0,
    0x07, 0xFF, 0xFF, 0x40, 0x05, 0xFF, 0xB0, 0x07, 0xFF, 0xFF, 0xB0, 0x05, 0xFF, 0xB0, 0x07, 0xFF,
    0xEF, 0xF3, 0x05, 0xFF, 0xB0, 0x07, 0xFF, 0xAD, 0xFB, 0x05, 0xFF, 0xB0, 0x07, 0xFF, 0x96, 0xFF,
    0x35, 0xFF, 0xB0, 0x07, 0xFF, 0x91, 0xEF, 0xA5, 0xFF, 0xB0, 0x07, 0xFF, 0x90, 0x7F, 0xF7, 0xFF,
    0xB0, 0x07, 0xFF, 0x90, 0x1E, 0xFD, 0xFF, 0xB0, 0x07, 0xFF, 0x90, 0x08, 0xFF, 0xFF, 0xB0, 0x07,
    0xFF, 0x90, 0x01, 0xEF, 0xFF, 0xB0, 0x07, 0xFF, 0x90, 0x00, 0x9F, 0xFF, 0xB0, 0x07, 0xFF, 0x90,
    0x00, 0x2F, 0xFF, 0xB0, 0x00, 0x00, 0x00, 0x11, 0x00, 0x00, 0x00, 0x00, 0x00, 0x01, 0x8D, 0xFF,
    0xFB, 0x50, 0x00, 0x00, 0x00, 0x3E, 0xFF, 0xFF, 0xFF, 0xF9, 0x00, 0x00, 0x01, 0xDF, 0xFE, 0x98,
    0xCF, 0xFF, 0x70, 0x00, 0x07, 0xFF, 0xF3, 0x00, 0x0A, 0xFF, 0xE1, 0x00, 0x0C, 0xFF, 0xA0, 0x00,
    0x02, 0xFF, 0xF5, 0x00, 0x0F, 0xFF, 0x50, 0x00, 0x00, 0xCF, 0xF8, 0x00, 0x2F, 0xFF, 0x30, 0x00,
    0x00, 0xBF, 0xF9, 0x00, 0x2F, 0xFF, 0x30, 0x00, 0x00, 0xAF, 0xFA, 0x00, 0x1F, 0xFF, 0x50, 0x00,
    0x00, 0xCF, 0xF9, 0x00, 0x0D, 0xFF, 0x90, 0x00, 0x01, 0xFF, 0xF6, 0x00, 0x08, 0xFF, 0xE2, 0x00,
    0x08, 0xFF, 0xF1, 0x00, 0x02, 0xEF, 0xFD, 0x75, 0x9F, 0xFF, 0x80, 0x00, 0x00, 0x4F, 0xFF, 0xFF,
    0xFF, 0xFB, 0x10, 0x00, 0x00, 0x03, 0xBF, 0xFF, 0xFE, 0x70, 0x00, 0x00, 0x00, 0x00, 0x01, 0x34,
    0x20, 0x00, 0x00, 0x00, 0x06, 0xDD, 0xDD, 0xDC, 0xA5, 0x00, 0x00, 0x07, 0xFF, 0xFF, 0xFF, 0xFF,
    0xA0, 0x00, 0x07, 0xFF, 0xEB, 0xBE, 0xFF, 0xF6, 0x00, 0x07, 0xFF, 0xC0, 0x01, 0xCF, 0xFA, 0x00,
    0x07, 0xFF, 0xC0, 0x00, 0x8F, 0xFC, 0x00, 0x07, 0xFF, 0xC0, 0x00, 0xAF, 0xFB, 0x00, 0x07, 0xFF,
    0xD6, 0x69, 0xFF, 0xF8, 0x00, 0x07, 0xFF, 0xFF, 0xFF, 0xFF, 0xD1, 0x00, 0x07, 0xFF, 0xFF, 0xFF,
    0xFA, 0x20, 0x00, 0x07, 0xFF, 0xC3, 0x32, 0x00, 0x00, 0x00, 0x07, 0xFF, 0xC0, 0x00, 0x00, 0x00,
    0x00, 0x07, 0xFF, 0xC0, 0x00, 0x00, 0x00, 0x00, 0x07, 0xFF, 0xC0, 0x00, 0x00, 0x00, 0x00, 0x07,
    0xFF, 0xC0, 0x00, 0x00, 0x00, 0x00, 0x00, 0x00, 0x00, 0x11, 0x00, 0x00, 0x00, 0x00, 0x00, 0x01,
    0x8D, 0xFF, 0xFB, 0x50, 0x00, 0x00, 0x00, 0x3E, 0xFF, 0xFF, 0xFF, 0xF9, 0x00, 0x00, 0x01, 0xDF,
    0xFE, 0x98, 0xCF, 0xFF, 0x70, 0x00, 0x07, 0xFF, 0xF3, 0x00, 0x0A, 0xFF, 0xE1, 0x00, 0x0C, 0xFF,
    0xA0, 0x00, 0x02, 0xFF, 0xF5, 0x00, 0x0F, 0xFF, 0x50, 0x00, 0x00, 0xCF, 0xF8, 0x00, 0x2F, 0xFF,
    0x30, 0x00, 0x00, 0xBF, 0xF9, 0x00, 0x2F, 0xFF, 0x30, 0x00, 0x00, 0xAF, 0xF9, 0x00, 0x1F, 0xFF,
    0x40, 0x00, 0x00, 0xCF, 0xF8, 0x00, 0x0D, 0xFF, 0x80, 0x00, 0x01, 0xFF, 0xF5, 0x00, 0x08, 0xFF,
    0xE1, 0x00, 0x08, 0xFF, 0xE1, 0x00, 0x02, 0xEF, 0xFD, 0x65, 0x9F, 0xFF, 0x70, 0x00, 0x00, 0x4E,
    0xFF, 0xFF, 0xFF, 0xFA, 0x00, 0x00, 0x00, 0x03, 0xAF, 0xFF, 0xFF, 0x80, 0x00, 0x00, 0x00, 0x00,
    0x01, 0x35, 0xFF, 0xC1, 0x00, 0x00, 0x00, 0x00, 0x00, 0x00, 0x6F, 0xFA, 0x00, 0x00, 0x00, 0x00,
    0x00, 0x00, 0x08, 0xCC, 0x50, 0x00, 0x06, 0xDD, 0xDD, 0xDC, 0x94, 0x00, 0x00, 0x07, 0xFF, 0xFF,
    0xFF, 0xFF, 0x70, 0x00, 0x07, 0xFF, 0xEB, 0xCF, 0xFF, 0xE1, 0x00, 0x07, 0xFF, 0xC0, 0x03, 0xFF,
    0xF3, 0x00, 0x07, 0xFF, 0xC0, 0x00, 0xFF, 0xF3, 0x00, 0x07, 0xFF, 0xC0, 0x03, 0xFF, 0xE0, 0x00,
    0x07, 0xFF, 0xEB, 0xBF, 0xFF, 0x60, 0x00, 0x07, 0xFF, 0xFF, 0xFF, 0xF5, 0x00, 0x00, 0x07, 0xFF,
    0xEC, 0xEF, 0xFE, 0x30, 0x00, 0x07, 0xFF, 0xC0, 0x0B, 0xFF, 0xC0, 0x00, 0x07, 0xFF, 0xC0, 0x02,
    0xFF, 0xF4, 0x00, 0x07, 0xFF, 0xC0, 0x00, 0xBF, 0xFB, 0x00, 0x07, 0xFF, 0xC0, 0x00, 0x4F, 0xFF,
    0x20, 0x07, 0xFF, 0xC0, 0x00, 0x0C, 0xFF, 0x90, 0x00, 0x00, 0x01, 0x10, 0x00, 0x00, 0x00, 0x2A,
    0xEF, 0xFF, 0xC9, 0x20, 0x01, 0xDF, 0xFF, 0xFF, 0xFF, 0x40, 0x08, 0xFF, 0xE9, 0x89, 0xDF, 0x40,
    0x0B, 0xFF, 0x40, 0x00, 0x03, 0x20, 0x0B, 0xFF, 0x50, 0x00, 0x00, 0x00, 0x09, 0xFF, 0xFC, 0x84,
    0x00, 0x00, 0x02, 0xEF, 0xFF, 0xFF, 0xE7, 0x00, 0x00, 0x3B, 0xFF, 0xFF, 0xFF, 0x70, 0x00, 0x00,
    0x26, 0xAF, 0xFF, 0xD0, 0x00, 0x00, 0x00, 0x04, 0xFF, 0xF0, 0x06, 0x20, 0x00, 0x02, 0xFF, 0xF0,
    0x0A, 0xFB, 0x75, 0x6C, 0xFF, 0xC0, 0x0A, 0xFF, 0xFF, 0xFF, 0xFF, 0x50, 0x04, 0xAE, 0xFF, 0xFF,
    0xD6, 0x00, 0x00, 0x00, 0x13, 0x42, 0x00, 0x00, 0xCD, 0xDD, 0xDD, 0xDD, 0xDD, 0xD7, 0xEF, 0xFF,
    0xFF, 0xFF, 0xFF, 0xF8, 0xCD, 0xDD, 0xFF, 0xFE, 0xDD, 0xD7, 0x00, 0x00, 0xCF, 0xF7, 0x00, 0x00,
    0x00, 0x00, 0xCF, 0xF7, 0x00, 0x00, 0x00, 0x00, 0xCF, 0xF7, 0x00, 0x00, 0x00, 0x00, 0xCF, 0xF7,
    0x00, 0x00, 0x00, 0x00, 0xCF, 0xF7, 0x00, 0x00, 0x00, 0x00, 0xCF, 0xF7, 0x00, 0x00, 0x00, 0x00,
    0xCF, 0xF7, 0x00, 0x00, 0x00, 0x00, 0xCF, 0xF7, 0x00, 0x00, 0x00, 0x00, 0xCF, 0xF7, 0x00, 0x00,
    0x00, 0x00, 0xCF, 0xF7, 0x00, 0x00, 0x00, 0x00, 0xCF, 0xF7, 0x00, 0x00, 0x06, 0xDD, 0xA0, 0x00,
    0x0B, 0xDD, 0x40, 0x07, 0xFF, 0xC0, 0x00, 0x0E, 0xFF, 0x50, 0x07, 0xFF, 0xC0, 0x00, 0x0E, 0xFF,
    0x50, 0x07, 0xFF, 0xC0, 0x00, 0x0E, 0xFF, 0x50, 0x07, 0xFF, 0xC0, 0x00, 0x0E, 0xFF, 0x50, 0x07,
    0xFF, 0xC0, 0x00, 0x0E, 0xFF, 0x50, 0x07, 0xFF, 0xC0, 0x00, 0x0E, 0xFF, 0x50, 0x07, 0xFF, 0xC0,
    0x00, 0x0E, 0xFF, 0x50, 0x06, 0xFF, 0xC0, 0x00, 0x0E, 0xFF, 0x50, 0x06, 0xFF, 0xD0, 0x00, 0x0F,
    0xFF, 0x40, 0x03, 0xFF, 0xF2, 0x00, 0x4F, 0xFF, 0x10, 0x00, 0xDF, 0xFD, 0x77, 0xEF, 0xFC, 0x00,
    0x00, 0x5F, 0xFF, 0xFF, 0xFF, 0xF4, 0x00, 0x00, 0x05, 0xDF, 0xFF, 0xFC, 0x40, 0x00, 0x00, 0x00,
    0x02, 0x43, 0x10, 0x00, 0x00, 0xAD, 0xD6, 0x00, 0x00, 0x03, 0xDD, 0xC1, 0x7F, 0xFB, 0x00, 0x00,
    0x08, 0xFF, 0xB0, 0x2F, 0xFF, 0x10, 0x00, 0x0D, 0xFF, 0x60, 0x0C, 0xFF, 0x60, 0x00, 0x2F, 0xFF,
    0x10, 0x07, 0xFF, 0xB0, 0x00, 0x7F, 0xFB, 0x00, 0x02, 0xFF, 0xF1, 0x00, 0xCF, 0xF6, 0x00, 0x00,
    0xCF, 0xF5, 0x02, 0xFF, 0xF1, 0x00, 0x00, 0x7F, 0xFA, 0x07, 0xFF, 0xB0, 0x00, 0x00, 0x2F, 0xFF,
    0x1C, 0xFF, 0x60, 0x00, 0x00, 0x0C, 0xFF, 0x7F, 0xFF, 0x10, 0x00, 0x00, 0x07, 0xFF, 0xEF, 0xFB,
    0x00, 0x00, 0x00, 0x02, 0xFF, 0xFF, 0xF5, 0x00, 0x00, 0x00, 0x00, 0xCF, 0xFF, 0xF1, 0x00, 0x00,
    0x00, 0x00, 0x7F, 0xFF, 0xA0, 0x00, 0x00, 0x5D, 0xD9, 0x00, 0x03, 0xDD, 0xD1, 0x00, 0x0A, 0xDD,
    0x30, 0x3F, 0xFD, 0x00, 0x06, 0xFF, 0xF4, 0x00, 0x1F, 0xFF, 0x10, 0x0F, 0xFF, 0x10, 0x09, 0xFF,
    0xF7, 0x00, 0x4F, 0xFC, 0x00, 0x0C, 0xFF, 0x50, 0x0C, 0xFE, 0xFA, 0x00, 0x7F, 0xF9, 0x00, 0x08,
    0xFF, 0x80, 0x1F, 0xF8, 0xFE, 0x00, 0xAF, 0xF6, 0x00, 0x05, 0xFF, 0xB0, 0x4F, 0xF2, 0xFF, 0x20,
    0xDF, 0xF3, 0x00, 0x02, 0xFF, 0xE0, 0x7F, 0xC0, 0xEF, 0x51, 0xFF, 0xE0, 0x00, 0x00, 0xEF, 0xF2,
    0xAF, 0x80, 0xBF, 0x84, 0xFF, 0xC0, 0x00, 0x00, 0xBF, 0xF6, 0xDF, 0x50, 0x7F, 0xB8, 0xFF, 0x80,
    0x00, 0x00, 0x7F, 0xFA, 0xFF, 0x20, 0x4F, 0xEB, 0xFF, 0x50, 0x00, 0x00, 0x4F, 0xFF, 0xFE, 0x00,
    0x1F, 0xFF, 0xFF, 0x20, 0x00, 0x00, 0x1F, 0xFF, 0xFB, 0x00, 0x0D, 0xFF, 0xFE, 0x00, 0x00, 0x00,
    0x0D, 0xFF, 0xF8, 0x00, 0x0A, 0xFF, 0xFB, 0x00, 0x00, 0x00, 0x0A, 0xFF, 0xF4, 0x00, 0x06, 0xFF,
    0xF7, 0x00, 0x00, 0x3D, 0xDC, 0x20, 0x00, 0x0B, 0xDD, 0x50, 0x0A, 0xFF, 0xA0, 0x00, 0x8F, 0xFC,
    0x00, 0x02, 0xEF, 0xF4, 0x02, 0xFF, 0xF4, 0x00, 0x00, 0x7F, 0xFD, 0x1B, 0xFF, 0x90, 0x00, 0x00,
    0x0D, 0xFF, 0xCF, 0xFE, 0x10, 0x00, 0x00, 0x04, 0xFF, 0xFF, 0xF6, 0x00, 0x00, 0x00, 0x00, 0x9F,
    0xFF, 0xC0, 0x00, 0x00, 0x00, 0x00, 0xBF, 0xFF, 0xD0, 0x00, 0x00, 0x00, 0x05, 0xFF, 0xFF, 0xF7,
    0x00, 0x00, 0x00, 0x1D, 0xFF, 0xAF, 0xFE, 0x20, 0x00, 0x00, 0x8F, 0xFC, 0x0A, 0xFF, 0xA0, 0x00,
    0x02, 0xFF, 0xF3, 0x02, 0xEF, 0xF5, 0x00, 0x0B, 0xFF, 0x90, 0x00, 0x7F, 0xFD, 0x10, 0x6F, 0xFE,
    0x10, 0x00, 0x0C, 0xFF, 0x80, 0x0B, 0xDD, 0x70, 0x00, 0x03, 0xDD, 0xD4, 0x06, 0xFF, 0xF2, 0x00,
    0x0B, 0xFF, 0xB0, 0x00, 0xCF, 0xFA, 0x00, 0x5F, 0xFF, 0x30, 0x00, 0x3F, 0xFF, 0x40, 0xDF, 0xF8,
    0x00, 0x00, 0x09, 0xFF, 0xD7, 0xFF, 0xE1, 0x00, 0x00, 0x01, 0xEF, 0xFF, 0xFF, 0x60, 0x00, 0x00,
    0x00, 0x6F, 0xFF, 0xFC, 0x00, 0x00, 0x00, 0x00, 0x0C, 0xFF, 0xF3, 0x00, 0x00, 0x00, 0x00, 0x06,
    0xFF, 0xC0, 0x00, 0x00, 0x00, 0x00, 0x06, 0xFF, 0xC0, 0x00, 0x00, 0x00, 0x00, 0x06, 0xFF, 0xC0,
    0x00, 0x00, 0x00, 0x00, 0x06, 0xFF, 0xC0, 0x00, 0x00, 0x00, 0x00, 0x06, 0xFF, 0xC0, 0x00, 0x00,
    0x00, 0x00, 0x06, 0xFF, 0xC0, 0x00, 0x00, 0x0D, 0xDD, 0xDD, 0xDD, 0xDD, 0xD6, 0x0F, 0xFF, 0xFF,
    0xFF, 0xFF, 0xF7, 0x0D, 0xDD, 0xDD, 0xDE, 0xFF, 0xF4, 0x00, 0x00, 0x00, 0x2E, 0xFF, 0x80, 0x00,
    0x00, 0x00, 0xBF, 0xFC, 0x00, 0x00, 0x00, 0x08, 0xFF, 0xE2, 0x00, 0x00, 0x00, 0x4F, 0xFF, 0x50,
    0x00, 0x00, 0x01, 0xEF, 0xF9, 0x00, 0x00, 0x00, 0x0B, 0xFF, 0xC0, 0x00, 0x00, 0x00, 0x7F, 0xFE,
    0x20, 0x00, 0x00, 0x04, 0xFF, 0xF5, 0x00, 0x00, 0x00, 0x1D, 0xFF, 0xEB, 0xBB, 0xBB, 0xB7, 0x4F,
    0xFF, 0xFF, 0xFF, 0xFF, 0xFA, 0x4F, 0xFF, 0xFF, 0xFF, 0xFF, 0xFA, 0x03, 0x77, 0x77, 0x40, 0x08,
    0xFF, 0xFF, 0xA0, 0x08, 0xFF, 0xBA, 0x60, 0x08, 0xFF, 0x50, 0x00, 0x08, 0xFF, 0x50, 0x00, 0x08,
    0xFF, 0x50, 0x00, 0x08, 0xFF, 0x50, 0x00, 0x08, 0xFF, 0x50, 0x00, 0x08, 0xFF, 0x50, 0x00, 0x08,
    0xFF, 0x50, 0x00, 0x08, 0xFF, 0x50, 0x00, 0x08, 0xFF, 0x50, 0x00, 0x08, 0xFF, 0x50, 0x00, 0x08,
    0xFF, 0x50, 0x00, 0x08, 0xFF, 0x50, 0x00, 0x08, 0xFF, 0xB9, 0x60, 0x08, 0xFF, 0xFF, 0xA0, 0x04,
    0x88, 0x88, 0x50, 0xBC, 0x00, 0x00, 0x00, 0x9F, 0x30, 0x00, 0x00, 0x5F, 0x80, 0x00, 0x00, 0x1F,
    0xC0, 0x00, 0x00, 0x0C, 0xF1, 0x00, 0x00, 0x08, 0xF5, 0x00, 0x00, 0x03, 0xFA, 0x00, 0x00, 0x00,
    0xEE, 0x00, 0x00, 0x00, 0xAF, 0x30, 0x00, 0x00, 0x6F, 0x70, 0x00, 0x00, 0x1F, 0xB0, 0x00, 0x00,
    0x0C, 0xF1, 0x00, 0x00, 0x08, 0xF5, 0x00, 0x00, 0x04, 0xF9, 0x00, 0x00, 0x00, 0xED, 0x00, 0x00,
    0x00, 0x8C, 0x20, 0x06, 0x77, 0x77, 0x20, 0x0D, 0xFF, 0xFF, 0x50, 0x08, 0xAC, 0xFF, 0x50, 0x00,
    0x08, 0xFF, 0x50, 0x00, 0x08, 0xFF, 0x50, 0x00, 0x08, 0xFF, 0x50, 0x00, 0x08, 0xFF, 0x50, 0x00,
    0x08, 0xFF, 0x50, 0x00, 0x08, 0xFF, 0x50, 0x00, 0x08, 0xFF, 0x50, 0x00, 0x08, 0xFF, 0x50, 0x00,
    0x08, 0xFF, 0x50, 0x00, 0x08, 0xFF, 0x50, 0x00, 0x08, 0xFF, 0x50, 0x00, 0x08, 0xFF, 0x50, 0x07,
    0x9C, 0xFF, 0x50, 0x0D, 0xFF, 0xFF, 0x50, 0x06, 0x88, 0x88, 0x30, 0x00, 0x00, 0x03, 0xDD, 0x70,
    0x00, 0x00, 0x00, 0x00, 0x2E, 0xFF, 0xF5, 0x00, 0x00, 0x00, 0x01, 0xCF, 0xEC, 0xFF, 0x30, 0x00,
    0x00, 0x0B, 0xFC, 0x20, 0x9F, 0xE2, 0x00, 0x00, 0x9F, 0xA1, 0x00, 0x07, 0xFD, 0x10, 0x01, 0x54,
    0x00, 0x00, 0x00, 0x35, 0x20, 0x00, 0x00, 0x00, 0x00, 0x00, 0x00, 0x00, 0x00, 0x00, 0x00, 0x00,
    0x00, 0x00, 0x00, 0x00, 0x00, 0x00, 0x00, 0x00, 0x00, 0x00, 0x00, 0x00, 0x00, 0x00, 0x00, 0x00,
    0x00, 0x00, 0x00, 0x00, 0x00, 0x00, 0x00, 0x00, 0x00, 0x00, 0x00, 0x00, 0x00, 0x00, 0x00, 0x00,
    0x00, 0x00, 0x00, 0x00, 0x00, 0x00, 0x00, 0x00, 0x00, 0x00, 0x00, 0x00, 0x00, 0x00, 0x00, 0x00,
    0x00, 0x00, 0x00, 0x00, 0x00, 0x00, 0x00, 0x44, 0x44, 0x44, 0x44, 0x20, 0xFF, 0xFF, 0xFF, 0xFF,
    0x80, 0x77, 0x77, 0x77, 0x77, 0x40, 0x03, 0x31, 0x00, 0x00, 0x00, 0x09, 0xF9, 0x00, 0x00, 0x00,
    0x00, 0xBF, 0x40, 0x00, 0x00, 0x00, 0x1C, 0xD1, 0x00, 0x00, 0x00, 0x01, 0x42, 0x00, 0x00, 0x00,
    0x00, 0x00, 0x00, 0x00, 0x00, 0x00, 0x00, 0x00, 0x00, 0x00, 0x00, 0x00, 0x00, 0x00, 0x00, 0x00,
    0x00, 0x00, 0x00, 0x00, 0x00, 0x00, 0x00, 0x00, 0x00, 0x00, 0x00, 0x00, 0x00, 0x00, 0x00, 0x00,
    0x00, 0x00, 0x00, 0x00, 0x00, 0x00, 0x00, 0x00, 0x00, 0x00, 0x00, 0x00, 0x00, 0x00, 0x00, 0x00,
    0x00, 0x00, 0x00, 0x00, 0x00, 0x00, 0x01, 0x47, 0x99, 0x85, 0x10, 0x00, 0x07, 0xFF, 0xFF, 0xFF,
    0xD2, 0x00, 0x07, 0xEB, 0x99, 0xDF, 0xFB, 0x00, 0x02, 0x10, 0x00, 0x1E, 0xFF, 0x10, 0x00, 0x27,
    0x9A, 0xAE, 0xFF, 0x20, 0x06, 0xFF, 0xFF, 0xFF, 0xFF, 0x30, 0x1F, 0xFF, 0x95, 0x5D, 0xFF, 0x30,
    0x3F, 0xFC, 0x00, 0x0E, 0xFF, 0x30, 0x2F, 0xFE, 0x20, 0x9F, 0xFF, 0x30, 0x0D, 0xFF, 0xFF, 0xEE,
    0xFF, 0x30, 0x03, 0xDF, 0xFE, 0x4C, 0xFF, 0x30, 0x00, 0x03, 0x30, 0x00, 0x00, 0x00, 0x04, 0x77,
    0x30, 0x00, 0x00, 0x00, 0x08, 0xFF, 0x60, 0x00, 0x00, 0x00, 0x08, 0xFF, 0x60, 0x00, 0x00, 0x00,
    0x08, 0xFF, 0x60, 0x00, 0x00, 0x00, 0x08, 0xFF, 0x61, 0x79, 0x71, 0x00, 0x08, 0xFF, 0x8D, 0xFF,
    0xFD, 0x20, 0x08, 0xFF, 0xFE, 0xCF, 0xFF, 0xB0, 0x08, 0xFF, 0xE2, 0x04, 0xFF, 0xF2, 0x08, 0xFF,
    0x90, 0x00, 0xCF, 0xF5, 0x08, 0xFF, 0x70, 0x00, 0xAF, 0xF7, 0x08, 0xFF, 0x70, 0x00, 0xAF, 0xF6,
    0x08, 0xFF, 0xB0, 0x00, 0xDF, 0xF4, 0x08, 0xFF, 0xF7, 0x39, 0xFF, 0xE1, 0x08, 0xFF, 0xDF, 0xFF,
    0xFF, 0x70, 0x08, 0xFF, 0x79, 0xFF, 0xF9, 0x00, 0x00, 0x00, 0x00, 0x24, 0x20, 0x00, 0x00, 0x02,
    0x79, 0x97, 0x30, 0x00, 0x7F, 0xFF, 0xFF, 0xF0, 0x05, 0xFF, 0xFE, 0xCE, 0xF0, 0x0D, 0xFF, 0xA0,
    0x00, 0x50, 0x2F, 0xFF, 0x10, 0x00, 0x00, 0x4F, 0xFD, 0x00, 0x00, 0x00, 0x3F, 0xFE, 0x00, 0x00,
    0x00, 0x1F, 0xFF, 0x30, 0x00, 0x00, 0x0B, 0xFF, 0xD5, 0x24, 0xB0, 0x02, 0xEF, 0xFF, 0xFF, 0xF0,
    0x00, 0x2B, 0xFF, 0xFF, 0xC0, 0x00, 0x00, 0x13, 0x32, 0x00, 0x00, 0x00, 0x00, 0x01, 0x77, 0x50,
    0x00, 0x00, 0x00, 0x03, 0xFF, 0xC0, 0x00, 0x00, 0x00, 0x03, 0xFF, 0xC0, 0x00, 0x00, 0x00, 0x03,
    0xFF, 0xC0, 0x00, 0x06, 0x98, 0x23, 0xFF, 0xC0, 0x00, 0xBF, 0xFF, 0xF7, 0xFF, 0xC0, 0x07, 0xFF,
    0xFD, 0xEF, 0xFF, 0xC0, 0x0D, 0xFF, 0x70, 0x1C, 0xFF, 0xC0, 0x2F, 0xFF, 0x10, 0x05, 0xFF, 0xC0,
    0x3F, 0xFE, 0x00, 0x04, 0xFF, 0xC0, 0x3F, 0xFE, 0x00, 0x04, 0xFF, 0xC0, 0x1F, 0xFF, 0x20, 0x07,
    0xFF, 0xC0, 0x0C, 0xFF, 0xB3, 0x5E, 0xFF, 0xC0, 0x04, 0xFF, 0xFF, 0xFE, 0xFF, 0xC0, 0x00, 0x6E,
    0xFF, 0xB4, 0xFF, 0xC0, 0x00, 0x01, 0x32, 0x00, 0x00, 0x00, 0x00, 0x02, 0x79, 0x96, 0x10, 0x00,
    0x00, 0x8F, 0xFF, 0xFF, 0xD2, 0x00, 0x06, 0xFF, 0xEA, 0xBF, 0xFD, 0x00, 0x0D, 0xFF, 0x40, 0x09,
    0xFF, 0x60, 0x2F, 0xFE, 0x55, 0x58, 0xFF, 0xA0, 0x4F, 0xFF, 0xFF, 0xFF, 0xFF, 0xB0, 0x3F, 0xFE,
    0xBB, 0xBB, 0xBB, 0x80, 0x1F, 0xFE, 0x00, 0x00, 0x00, 0x00, 0x0B, 0xFF, 0xA1, 0x01, 0x5B, 0x50,
    0x03, 0xEF, 0xFF, 0xEF, 0xFF, 0x50, 0x00, 0x3B, 0xFF, 0xFF, 0xEA, 0x20, 0x00, 0x00, 0x13, 0x32,
    0x00, 0x00, 0x00, 0x02, 0x56, 0x74, 0x00, 0x6F, 0xFF, 0xF9, 0x00, 0xEF, 0xFD, 0xB7, 0x02, 0xFF,
    0xD0, 0x00, 0x48, 0xFF, 0xD6, 0x62, 0xAF, 0xFF, 0xFF, 0xF5, 0xAF, 0xFF, 0xFF, 0xF5, 0x03, 0xFF,
    0xC0, 0x00, 0x03, 0xFF, 0xC0, 0x00, 0x03, 0xFF, 0xC0, 0x00, 0x03, 0xFF, 0xC0, 0x00, 0x03, 0xFF,
    0xC0, 0x00, 0x03, 0xFF, 0xC0, 0x00, 0x03, 0xFF, 0xC0, 0x00, 0x03, 0xFF, 0xC0, 0x00, 0x00, 0x06,
    0x98, 0x21, 0x66, 0x50, 0x00, 0xBF, 0xFF, 0xE7, 0xFF, 0xC0, 0x07, 0xFF, 0xFD, 0xEF, 0xFF, 0xC0,
    0x0E, 0xFF, 0x70, 0x1C, 0xFF, 0xC0, 0x2F, 0xFF, 0x10, 0x05, 0xFF, 0xC0, 0x3F, 0xFE, 0x00, 0x03,
    0xFF, 0xC0, 0x3F, 0xFE, 0x00, 0x04, 0xFF, 0xC0, 0x1F, 0xFF, 0x40, 0x09, 0xFF, 0xC0, 0x0A, 0xFF,
    0xE7, 0x9F, 0xFF, 0xC0, 0x02, 0xEF, 0xFF, 0xFB, 0xFF, 0xC0, 0x00, 0x3B, 0xFD, 0x74, 0xFF, 0xC0,
    0x00, 0x00, 0x00, 0x08, 0xFF, 0x90, 0x01, 0xC6, 0x33, 0x7F, 0xFF, 0x40, 0x01, 0xFF, 0xFF, 0xFF,
    0xF9, 0x00, 0x01, 0xAE, 0xFF, 0xFC, 0x50, 0x00, 0x00, 0x00, 0x01, 0x00, 0x00, 0x00, 0x04, 0x77,
    0x30, 0x00, 0x00, 0x00, 0x08, 0xFF, 0x60, 0x00, 0x00, 0x00, 0x08, 0xFF, 0x60, 0x00, 0x00, 0x00,
    0x08, 0xFF, 0x60, 0x00, 0x00, 0x00, 0x08, 0xFF, 0x61, 0x79, 0x71, 0x00, 0x08, 0xFF, 0x8D, 0xFF,
    0xFD, 0x10, 0x08, 0xFF, 0xFF, 0xEF, 0xFF, 0x80, 0x08, 0xFF, 0xE3, 0x08, 0xFF, 0xB0, 0x08, 0xFF,
    0x90, 0x03, 0xFF, 0xC0, 0x08, 0xFF, 0x70, 0x03, 0xFF, 0xD0, 0x08, 0xFF, 0x60, 0x03, 0xFF, 0xD0,
    0x08, 0xFF, 0x60, 0x03, 0xFF, 0xD0, 0x08, 0xFF, 0x60, 0x03, 0xFF, 0xD0, 0x08, 0xFF, 0x60, 0x03,
    0xFF, 0xD0, 0x08, 0xFF, 0x60, 0x03, 0xFF, 0xD0, 0x04, 0x77, 0x30, 0x08, 0xFF, 0x60, 0x08, 0xFF,
    0x60, 0x02, 0x44, 0x20, 0x03, 0x66, 0x20, 0x08, 0xFF, 0x60, 0x08, 0xFF, 0x60, 0x08, 0xFF, 0x60,
    0x08, 0xFF, 0x60, 0x08, 0xFF, 0x60, 0x08, 0xFF, 0x60, 0x08, 0xFF, 0x60, 0x08, 0xFF, 0x60, 0x08,
    0xFF, 0x60, 0x08, 0xFF, 0x60, 0x00, 0x47, 0x73, 0x00, 0x00, 0x8F, 0xF7, 0x00, 0x00, 0x8F, 0xF7,
    0x00, 0x00, 0x24, 0x42, 0x00, 0x00, 0x36, 0x63, 0x00, 0x00, 0x8F, 0xF7, 0x00, 0x00, 0x8F, 0xF7,
    0x00, 0x00, 0x8F, 0xF7, 0x00, 0x00, 0x8F, 0xF7, 0x00, 0x00, 0x8F, 0xF7, 0x00, 0x00, 0x8F, 0xF7,
    0x00, 0x00, 0x8F, 0xF7, 0x00, 0x00, 0x8F, 0xF7, 0x00, 0x00, 0x8F, 0xF7, 0x00, 0x00, 0x8F, 0xF7,
    0x00, 0x00, 0x9F, 0xF5, 0x00, 0x13, 0xDF, 0xF3, 0x00, 0x8F, 0xFF, 0xC0, 0x00, 0x8F, 0xFB, 0x20,
    0x00, 0x11, 0x10, 0x00, 0x00, 0x04, 0x77, 0x30, 0x00, 0x00, 0x00, 0x08, 0xFF, 0x60, 0x00, 0x00,
    0x00, 0x08, 0xFF, 0x60, 0x00, 0x00, 0x00, 0x08, 0xFF, 0x60, 0x00, 0x00, 0x00, 0x08, 0xFF, 0x60,
    0x02, 0x66, 0x61, 0x08, 0xFF, 0x60, 0x1D, 0xFF, 0x70, 0x08, 0xFF, 0x61, 0xCF, 0xF8, 0x00, 0x08,
    0xFF, 0x7B, 0xFF, 0x80, 0x00, 0x08, 0xFF, 0xEF, 0xF9, 0x00, 0x00, 0x08, 0xFF, 0xFF, 0xE1, 0x00,
    0x00, 0x08, 0xFF, 0xEF, 0xFB, 0x00, 0x00, 0x08, 0xFF, 0x7C, 0xFF, 0x90, 0x00, 0x08, 0xFF, 0x62,
    0xEF, 0xF8, 0x00, 0x08, 0xFF, 0x60, 0x3F, 0xFF, 0x60, 0x08, 0xFF, 0x60, 0x05, 0xFF, 0xF4, 0x04,
    0x77, 0x30, 0x08, 0xFF, 0x60, 0x08, 0xFF, 0x60, 0x08, 0xFF, 0x60, 0x08, 0xFF, 0x60, 0x08, 0xFF,
    0x60, 0x08, 0xFF, 0x60, 0x08, 0xFF, 0x60, 0x08, 0xFF, 0x60, 0x08, 0xFF, 0x60, 0x08, 0xFF, 0x60,
    0x08, 0xFF, 0x60, 0x08, 0xFF, 0x60, 0x08, 0xFF, 0x60, 0x08, 0xFF, 0x60, 0x03, 0x66, 0x22, 0x89,
    0x50, 0x02, 0x89, 0x50, 0x00, 0x09, 0xFF, 0x9E, 0xFF, 0xF9, 0x4E, 0xFF, 0xF9, 0x00, 0x09, 0xFF,
    0xFF, 0xEF, 0xFF, 0xEF, 0xEF, 0xFF, 0x20, 0x09, 0xFF, 0xE2, 0x0C, 0xFF, 0xE2, 0x0C, 0xFF, 0x60,
    0x09, 0xFF, 0x90, 0x09, 0xFF, 0x90, 0x08, 0xFF, 0x70, 0x09, 0xFF, 0x70, 0x09, 0xFF, 0x70, 0x08,
    0xFF, 0x70, 0x09, 0xFF, 0x60, 0x08, 0xFF, 0x70, 0x08, 0xFF, 0x70, 0x09, 0xFF, 0x60, 0x08, 0xFF,
    0x70, 0x08, 0xFF, 0x70, 0x09, 0xFF, 0x60, 0x08, 0xFF, 0x70, 0x08, 0xFF, 0x70, 0x09, 0xFF, 0x60,
    0x08, 0xFF, 0x70, 0x08, 0xFF, 0x70, 0x09, 0xFF, 0x60, 0x08, 0xFF, 0x70, 0x08, 0xFF, 0x70, 0x03,
    0x66, 0x21, 0x79, 0x71, 0x00, 0x08, 0xFF, 0x8D, 0xFF, 0xFD, 0x10, 0x08, 0xFF, 0xFF, 0xEF, 0xFF,
    0x80, 0x08, 0xFF, 0xE3, 0x08, 0xFF, 0xB0, 0x08, 0xFF, 0x90, 0x03, 0xFF, 0xC0, 0x08, 0xFF, 0x70,
    0x03, 0xFF, 0xD0, 0x08, 0xFF, 0x60, 0x03, 0xFF, 0xD0, 0x08, 0xFF, 0x60, 0x03, 0xFF, 0xD0, 0x08,
    0xFF, 0x60, 0x03, 0xFF, 0xD0, 0x08, 0xFF, 0x60, 0x03, 0xFF, 0xD0, 0x08, 0xFF, 0x60, 0x03, 0xFF,
    0xD0, 0x00, 0x02, 0x79, 0x96, 0x10, 0x00, 0x00, 0x8F, 0xFF, 0xFF, 0xE5, 0x00, 0x06, 0xFF, 0xFC,
    0xDF, 0xFF, 0x30, 0x0D, 0xFF, 0x70, 0x0B, 0xFF, 0xA0, 0x2F, 0xFF, 0x10, 0x04, 0xFF, 0xD0, 0x4F,
    0xFD, 0x00, 0x02, 0xFF, 0xF0, 0x3F, 0xFE, 0x00, 0x03, 0xFF, 0xF0, 0x1F, 0xFF, 0x20, 0x06, 0xFF,
    0xC0, 0x0B, 0xFF, 0xB3, 0x4D, 0xFF, 0x70, 0x03, 0xEF, 0xFF, 0xFF, 0xFD, 0x10, 0x00, 0x3C, 0xFF,
    0xFF, 0xA1, 0x00, 0x00, 0x00, 0x24, 0x31, 0x00, 0x00, 0x03, 0x66, 0x21, 0x79, 0x71, 0x00, 0x08,
    0xFF, 0x8D, 0xFF, 0xFD, 0x20, 0x08, 0xFF, 0xFE, 0xCF, 0xFF, 0xB0, 0x08, 0xFF, 0xE2, 0x04, 0xFF,
    0xF2, 0x08, 0xFF, 0x90, 0x00, 0xCF, 0xF5, 0x08, 0xFF, 0x70, 0x00, 0xAF, 0xF7, 0x08, 0xFF, 0x70,
    0x00, 0xAF, 0xF6, 0x08, 0xFF, 0xB0, 0x00, 0xDF, 0xF4, 0x08, 0xFF, 0xF7, 0x39, 0xFF, 0xE1, 0x08,
    0xFF, 0xDF, 0xFF, 0xFF, 0x70, 0x08, 0xFF, 0x79, 0xFF, 0xF9, 0x00, 0x08, 0xFF, 0x60, 0x24, 0x20,
    0x00, 0x08, 0xFF, 0x60, 0x00, 0x00, 0x00, 0x08, 0xFF, 0x60, 0x00, 0x00, 0x00, 0x08, 0xEE, 0x60,
    0x00, 0x00, 0x00, 0x00, 0x06, 0x98, 0x21, 0x66, 0x50, 0x00, 0xBF, 0xFF, 0xE7, 0xFF, 0xC0, 0x07,
    0xFF, 0xFD, 0xEF, 0xFF, 0xC0, 0x0D, 0xFF, 0x70, 0x1C, 0xFF, 0xC0, 0x2F, 0xFF, 0x10, 0x05, 0xFF,
    0xC0, 0x3F, 0xFE, 0x00, 0x04, 0xFF, 0xC0, 0x3F, 0xFE, 0x00, 0x04, 0xFF, 0xC0, 0x1F, 0xFF, 0x20,
    0x07, 0xFF, 0xC0, 0x0C, 0xFF, 0xB3, 0x5E, 0xFF, 0xC0, 0x04, 0xFF, 0xFF, 0xFE, 0xFF, 0xC0, 0x00,
    0x6E, 0xFF, 0xB4, 0xFF, 0xC0, 0x00, 0x01, 0x32, 0x03, 0xFF, 0xC0, 0x00, 0x00, 0x00, 0x03, 0xFF,
    0xC0, 0x00, 0x00, 0x00, 0x03, 0xFF, 0xC0, 0x00, 0x00, 0x00, 0x03, 0xEE, 0xC0, 0x03, 0x66, 0x21,
    0x79, 0x30, 0x08, 0xFF, 0x8D, 0xFF, 0x60, 0x08, 0xFF, 0xFF, 0xFF, 0x60, 0x08, 0xFF, 0xF8, 0x22,
    0x20, 0x08, 0xFF, 0xB0, 0x00, 0x00, 0x08, 0xFF, 0x80, 0x00, 0x00, 0x08, 0xFF, 0x60, 0x00, 0x00,
    0x08, 0xFF, 0x60, 0x00, 0x00, 0x08, 0xFF, 0x60, 0x00, 0x00, 0x08, 0xFF, 0x60, 0x00, 0x00, 0x08,
    0xFF, 0x60, 0x00, 0x00, 0x00, 0x37, 0x99, 0x85, 0x20, 0x06, 0xFF, 0xFF, 0xFF, 0xB0, 0x0E, 0xFF,
    0xA9, 0xBE, 0xB0, 0x1F, 0xF9, 0x00, 0x01, 0x40, 0x0F, 0xFE, 0xA7, 0x40, 0x00, 0x09, 0xFF, 0xFF,
    0xFE, 0x60, 0x00, 0x6B, 0xEF, 0xFF, 0xF2, 0x00, 0x00, 0x01, 0xBF, 0xF5, 0x0A, 0x51, 0x01, 0xAF,
    0xF5, 0x0F, 0xFF, 0xFF, 0xFF, 0xE1, 0x0B, 0xEF, 0xFF, 0xFD, 0x40, 0x00, 0x02, 0x34, 0x20, 0x00,
    0x02, 0x55, 0x40, 0x00, 0x04, 0xFF, 0xB0, 0x00, 0x04, 0xFF, 0xB0, 0x00, 0x59, 0xFF, 0xC6, 0x65,
    0xCF, 0xFF, 0xFF, 0xFC, 0xCF, 0xFF, 0xFF, 0xFC, 0x04, 0xFF, 0xB0, 0x00, 0x04, 0xFF, 0xB0, 0x00,
    0x04, 0xFF, 0xB0, 0x00, 0x04, 0xFF, 0xB0, 0x00, 0x04, 0xFF, 0xB0, 0x00, 0x03, 0xFF, 0xE7, 0x63,
    0x00, 0xEF, 0xFF, 0xF8, 0x00, 0x4C, 0xFF, 0xF8, 0x04, 0x66, 0x20, 0x01, 0x66, 0x40, 0x0A, 0xFF,
    0x50, 0x04, 0xFF, 0xB0, 0x0A, 0xFF, 0x50, 0x04, 0xFF, 0xB0, 0x0A, 0xFF, 0x50, 0x04, 0xFF, 0xB0,
    0x0A, 0xFF, 0x50, 0x04, 0xFF, 0xB0, 0x0A, 0xFF, 0x50, 0x04, 0xFF, 0xB0, 0x0A, 0xFF, 0x50, 0x05,
    0xFF, 0xB0, 0x09, 0xFF, 0x60, 0x09, 0xFF, 0xB0, 0x07, 0xFF, 0xD5, 0x7F, 0xFF, 0xB0, 0x02, 0xFF,
    0xFF, 0xFD, 0xFF, 0xB0, 0x00, 0x7F, 0xFF, 0xA5, 0xFF, 0xB0, 0x00, 0x01, 0x42, 0x00, 0x00, 0x00,
    0x46, 0x62, 0x00, 0x01, 0x66, 0x50, 0x6F, 0xF8, 0x00, 0x06, 0xFF, 0x90, 0x1F, 0xFD, 0x00, 0x0B,
    0xFF, 0x30, 0x0B, 0xFF, 0x30, 0x1F, 0xFD, 0x00, 0x05, 0xFF, 0x80, 0x5F, 0xF8, 0x00, 0x01, 0xEF,
    0xD0, 0xAF, 0xF2, 0x00, 0x00, 0xAF, 0xF3, 0xEF, 0xC0, 0x00, 0x00, 0x5F, 0xFC, 0xFF, 0x70, 0x00,
    0x00, 0x0E, 0xFF, 0xFF, 0x20, 0x00, 0x00, 0x09, 0xFF, 0xFB, 0x00, 0x00, 0x00, 0x04, 0xFF, 0xF6,
    0x00, 0x00, 0x26, 0x63, 0x00, 0x26, 0x61, 0x00, 0x46, 0x61, 0x3F, 0xFA, 0x00, 0x8F, 0xF5, 0x00,
    0xEF, 0xF0, 0x0E, 0xFE, 0x00, 0xBF, 0xF8, 0x02, 0xFF, 0xB0, 0x0B, 0xFF, 0x20, 0xEF, 0xFC, 0x05,
    0xFF, 0x80, 0x07, 0xFF, 0x53, 0xFB, 0xEF, 0x09, 0xFF, 0x40, 0x04, 0xFF, 0x96, 0xF8, 0xBF, 0x3C,
    0xFF, 0x10, 0x00, 0xFF, 0xCA, 0xF5, 0x8F, 0x7F, 0xFC, 0x00, 0x00, 0xCF, 0xFD, 0xF1, 0x4F, 0xDF,
    0xF8, 0x00, 0x00, 0x8F, 0xFF, 0xD0, 0x1F, 0xFF, 0xF5, 0x00, 0x00, 0x4F, 0xFF, 0xA0, 0x0D, 0xFF,
    0xF1, 0x00, 0x00, 0x1F, 0xFF, 0x70, 0x09, 0xFF, 0xD0, 0x00, 0x36, 0x64, 0x00, 0x04, 0x66, 0x30,
    0x1E, 0xFF, 0x20, 0x2F, 0xFE, 0x10, 0x05, 0xFF, 0xB0, 0xBF, 0xF5, 0x00, 0x00, 0xAF, 0xFB, 0xFF,
    0xA0, 0x00, 0x00, 0x1E, 0xFF, 0xFE, 0x10, 0x00, 0x00, 0x06, 0xFF, 0xF6, 0x00, 0x00, 0x00, 0x0B,
    0xFF, 0xFC, 0x00, 0x00, 0x00, 0x6F, 0xFE, 0xFF, 0x70, 0x00, 0x02, 0xEF, 0xE2, 0xEF, 0xE2, 0x00,
    0x0B, 0xFF, 0x60, 0x5F, 0xFB, 0x00, 0x6F, 0xFB, 0x00, 0x0B, 0xFF, 0x70, 0x46, 0x62, 0x00, 0x01,
    0x66, 0x50, 0x7F, 0xF8, 0x00, 0x06, 0xFF, 0x80, 0x1F, 0xFD, 0x00, 0x0B, 0xFF, 0x30, 0x0A, 0xFF,
    0x30, 0x1F, 0xFD, 0x00, 0x04, 0xFF, 0x90, 0x5F, 0xF7, 0x00, 0x00, 0xDF, 0xE0, 0xAF, 0xF2, 0x00,
    0x00, 0x8F, 0xF5, 0xEF, 0xC0, 0x00, 0x00, 0x2F, 0xFD, 0xFF, 0x70, 0x00, 0x00, 0x0B, 0xFF, 0xFF,
    0x20, 0x00, 0x00, 0x05, 0xFF, 0xFB, 0x00, 0x00, 0x00, 0x01, 0xEF, 0xF6, 0x00, 0x00, 0x00, 0x00,
    0xBF, 0xF1, 0x00, 0x00, 0x00, 0x14, 0xFF, 0xB0, 0x00, 0x00, 0x04, 0xFF, 0xFF, 0x30, 0x00, 0x00,
    0x04, 0xFF, 0xE5, 0x00, 0x00, 0x00, 0x00, 0x11, 0x00, 0x00, 0x00, 0x00, 0x06, 0x66, 0x66, 0x66,
    0x61, 0x0F, 0xFF, 0xFF, 0xFF, 0xF2, 0x0F, 0xFF, 0xFF, 0xFF, 0xF2, 0x00, 0x00, 0x0B, 0xFF, 0xA0,
    0x00, 0x00, 0x9F, 0xFB, 0x00, 0x00, 0x07, 0xFF, 0xD1, 0x00, 0x00, 0x5F, 0xFE, 0x20, 0x00, 0x04,
    0xFF, 0xF3, 0x00, 0x00, 0x2E, 0xFF, 0xA6, 0x66, 0x61, 0x4F, 0xFF, 0xFF, 0xFF, 0xF2, 0x4F, 0xFF,
    0xFF, 0xFF, 0xF2, 0x00, 0x00, 0x00, 0x25, 0x77, 0x00, 0x00, 0x00, 0x07, 0xFF, 0xFF, 0x00, 0x00,
    0x00, 0x1F, 0xFF, 0xCA, 0x00, 0x00, 0x00, 0x3F, 0xFB, 0x00, 0x00, 0x00, 0x00, 0x4F, 0xF9, 0x00,
    0x00, 0x00, 0x00, 0x4F, 0xF9, 0x00, 0x00, 0x00, 0x00, 0x5F, 0xF8, 0x00, 0x00, 0x00, 0x00, 0x9F,
    0xF7, 0x00, 0x00, 0x00, 0x9C, 0xFF, 0xE2, 0x00, 0x00, 0x00, 0xDF, 0xFF, 0x70, 0x00, 0x00, 0x00,
    0x69, 0xFF, 0xF4, 0x00, 0x00, 0x00, 0x00, 0x7F, 0xF8, 0x00, 0x00, 0x00, 0x00, 0x5F, 0xF9, 0x00,
    0x00, 0x00, 0x00, 0x4F, 0xF9, 0x00, 0x00, 0x00, 0x00, 0x4F, 0xF9, 0x00, 0x00, 0x00, 0x00, 0x2F,
    0xFD, 0x20, 0x00, 0x00, 0x00, 0x0D, 0xFF, 0xFF, 0x00, 0x00, 0x00, 0x03, 0xCF, 0xFF, 0x00, 0x00,
    0x00, 0x00, 0x00, 0x11, 0x00, 0x00, 0x68, 0x00, 0x00, 0xCF, 0x10, 0x00, 0xCF, 0x10, 0x00, 0xCF,
    0x10, 0x00, 0xCF, 0x10, 0x00, 0xCF, 0x10, 0x00, 0xCF, 0x10, 0x00, 0xCF, 0x10, 0x00, 0xCF, 0x10,
    0x00, 0xCF, 0x10, 0x00, 0xCF, 0x10, 0x00, 0xCF, 0x10, 0x00, 0xCF, 0x10, 0x00, 0xCF, 0x10, 0x00,
    0xCF, 0x10, 0x00, 0xCF, 0x10, 0x00, 0xCF, 0x10, 0x00, 0xCF, 0x10, 0x00, 0xCF, 0x10, 0x00, 0x67,
    0x00, 0x00, 0x67, 0x53, 0x00, 0x00, 0x00, 0x00, 0xDF, 0xFF, 0x90, 0x00, 0x00, 0x00, 0x9B, 0xFF,
    0xF3, 0x00, 0x00, 0x00, 0x00, 0x9F, 0xF6, 0x00, 0x00, 0x00, 0x00, 0x6F, 0xF7, 0x00, 0x00, 0x00,
    0x00, 0x6F, 0xF7, 0x00, 0x00, 0x00, 0x00, 0x6F, 0xF7, 0x00, 0x00, 0x00, 0x00, 0x4F, 0xFB, 0x00,
    0x00, 0x00, 0x00, 0x1D, 0xFF, 0xDA, 0x00, 0x00, 0x00, 0x05, 0xFF, 0xFF, 0x00, 0x00, 0x00, 0x2F,
    0xFF, 0xA7, 0x00, 0x00, 0x00, 0x5F, 0xFA, 0x00, 0x00, 0x00, 0x00, 0x6F, 0xF7, 0x00, 0x00, 0x00,
    0x00, 0x6F, 0xF7, 0x00, 0x00, 0x00, 0x00, 0x7F, 0xF6, 0x00, 0x00, 0x00, 0x01, 0xBF, 0xF5, 0x00,
    0x00, 0x00, 0xDF, 0xFF, 0xE1, 0x00, 0x00, 0x00, 0xDF, 0xFD, 0x40, 0x00, 0x00, 0x00, 0x11, 0x00,
    0x00, 0x00, 0x00, 0x00, 0x05, 0x99, 0x50, 0x00, 0x02, 0x50, 0x01, 0xCF, 0xFF, 0xFE, 0x97, 0x9E,
    0x80, 0x03, 0xFC, 0x89, 0xEF, 0xFF, 0xFF, 0x40, 0x02, 0x60, 0x00, 0x05, 0xAB, 0x92, 0x00, 0x00,
    0x00, 0x00, 0x00, 0x00, 0x00, 0x00, 0x00, 0x00, 0x00, 0x00, 0x00, 0x00, 0x00, 0x00, 0x00, 0x00,
    0x00, 0x00, 0x00, 0x00, 0x00, 0x00, 0x00, 0x00, 0x00, 0x00, 0x00, 0x00, 0x46, 0x62, 0x00, 0x00,
    0x9F, 0xF6, 0x00, 0x00, 0x9F, 0xF6, 0x00, 0x00, 0x8E, 0xE6, 0x00, 0x00, 0x00, 0x00, 0x00, 0x00,
    0x2B, 0xB0, 0x00, 0x00, 0x5F, 0xF2, 0x00, 0x00, 0x6F, 0xF3, 0x00, 0x00, 0x8F, 0xF5, 0x00, 0x00,
    0x9F, 0xF6, 0x00, 0x00, 0x9F, 0xF6, 0x00, 0x00, 0x9F, 0xF6, 0x00, 0x00, 0x9F, 0xF6, 0x00, 0x00,
    0x9F, 0xF6, 0x00, 0x00, 0x47, 0x73, 0x00, 0x00, 0x00, 0x10, 0x00, 0x00, 0x01, 0xBF, 0xFF, 0xC3,
    0x00, 0x02, 0xD9, 0x7A, 0xFE, 0x10, 0x00, 0x02, 0x45, 0xEF, 0x40, 0x01, 0xCF, 0xFF, 0xFF, 0x50,
    0x08, 0xFA, 0x10, 0xEF, 0x50, 0x09, 0xF8, 0x07, 0xFF, 0x50, 0x04, 0xFF, 0xFE, 0xCF, 0x50, 0x00,
    0x37, 0x72, 0x45, 0x20, 0x02, 0x55, 0x55, 0x55, 0x10, 0x08, 0xFF, 0xFF, 0xFF, 0x40, 0x04, 0x88,
    0x88, 0x88, 0x20, 0x00, 0x00, 0x00, 0x00, 0x00, 0x00, 0x00, 0x00, 0x00, 0x00, 0x00, 0x00, 0x00,
    0x00, 0x00, 0x00, 0x01, 0x20, 0x00, 0x00, 0x00, 0x7F, 0xFD, 0x20, 0x00, 0x03, 0xF9, 0x5D, 0xB0,
    0x00, 0x07, 0xE0, 0x05, 0xF0, 0x00, 0x06, 0xE1, 0x07, 0xE0, 0x00, 0x02, 0xEC, 0x9F, 0x90, 0x00,
    0x00, 0x4C, 0xD9, 0x00, 0x00, 0x00, 0x00, 0x00, 0x00, 0x00, 0x00, 0x00, 0x00, 0x00, 0x00, 0x00,
    0x00, 0x00, 0x00, 0x00, 0x00, 0x00, 0x00, 0x00, 0x00, 0x00, 0x00, 0x00, 0x00, 0x00, 0x00, 0x00,
    0x00, 0x00, 0x00, 0x00, 0x00, 0x00, 0x00, 0x00, 0x00, 0x00, 0x00, 0x00, 0x00, 0x00, 0x00, 0x00,
    0xBE, 0x20, 0x00, 0x00, 0x00, 0x00, 0x00, 0xCF, 0x20, 0x00, 0x00, 0x00, 0x00, 0x00, 0xCF, 0x20,
    0x00, 0x00, 0x02, 0x99, 0x99, 0xEF, 0xA9, 0x99, 0x50, 0x03, 0xFF, 0xFF, 0xFF, 0xFF, 0xFF, 0x80,
    0x02, 0x88, 0x88, 0xEF, 0x98, 0x88, 0x40, 0x00, 0x00, 0x00, 0xCF, 0x20, 0x00, 0x00, 0x00, 0x00,
    0x00, 0xCF, 0x20, 0x00, 0x00, 0x00, 0x00, 0x00, 0xAD, 0x20, 0x00, 0x00, 0x01, 0x33, 0x33, 0x33,
    0x33, 0x33, 0x20, 0x03, 0xFF, 0xFF, 0xFF, 0xFF, 0xFF, 0x80, 0x03, 0xFF, 0xFF, 0xFF, 0xFF, 0xFF,
    0x80, 0x03, 0x66, 0x30, 0x01, 0x66, 0x50, 0x00, 0x08, 0xFF, 0x70, 0x02, 0xFF, 0xD0, 0x00, 0x08,
    0xFF, 0x70, 0x02, 0xFF, 0xD0, 0x00, 0x08, 0xFF, 0x70, 0x02, 0xFF, 0xD0, 0x00, 0x08, 0xFF, 0x70,
    0x02, 0xFF, 0xD0, 0x00, 0x08, 0xFF, 0x70, 0x02, 0xFF, 0xD0, 0x00, 0x08, 0xFF, 0x70, 0x02, 0xFF,
    0xD0, 0x00, 0x08, 0xFF, 0x90, 0x04, 0xFF, 0xD0, 0x00, 0x08, 0xFF, 0xE6, 0x4C, 0xFF, 0xF5, 0x00,
    0x08, 0xFF, 0xFF, 0xFF, 0xFF, 0xFF, 0x10, 0x08, 0xFF, 0xCF, 0xFD, 0x4E, 0xFF, 0x10, 0x08, 0xFF,
    0x72, 0x30, 0x01, 0x41, 0x00, 0x08, 0xFF, 0x70, 0x00, 0x00, 0x00, 0x00, 0x08, 0xFF, 0x70, 0x00,
    0x00, 0x00, 0x00, 0x08, 0xFF, 0x70, 0x00, 0x00, 0x00, 0x00, 0x01, 0x66, 0x40, 0x00, 0x04, 0xFF,
    0xB0, 0x00, 0x04, 0xFF, 0xB0, 0x00, 0x04, 0xFF, 0xB0, 0x00, 0x01, 0x33, 0x20, 0x00, 0x00, 0x00,
    0x00, 0x00, 0x00, 0x00, 0x00, 0x00, 0x00, 0x00, 0x00, 0x00, 0x00, 0x00, 0x00, 0x00, 0x00, 0x00,
    0x11, 0x00, 0x00, 0x00, 0x7E, 0xFF, 0xC3, 0x00, 0x06, 0xFF, 0x9B, 0xFE, 0x20, 0x0D, 0xF9, 0x00,
    0xEF, 0x80, 0x0F, 0xF6, 0x00, 0xBF, 0xA0, 0x0E, 0xF7, 0x00, 0xCF, 0x90, 0x0A, 0xFD, 0x25, 0xFF,
    0x50, 0x02, 0xDF, 0xFF, 0xF9, 0x00, 0x00, 0x05, 0x87, 0x30, 0x00, 0x03, 0x55, 0x55, 0x55, 0x10,
    0x09, 0xFF, 0xFF, 0xFF, 0x40, 0x05, 0x88, 0x88, 0x88, 0x20, 0x00, 0x00, 0x00, 0x00, 0x00, 0x00,
    0x00, 0x00, 0x00, 0x00, 0x00, 0x00, 0x00, 0x00, 0x00, 0x00, 0x00, 0x56, 0x60, 0x00, 0x00, 0x00,
    0xEF, 0xF1, 0x00, 0x00, 0x00, 0xEF, 0xF1, 0x00, 0x00, 0x00, 0xDE, 0xE1, 0x00, 0x00, 0x00, 0x00,
    0x00, 0x00, 0x00, 0x00, 0xAB, 0xB1, 0x00, 0x00, 0x03, 0xFF, 0xE0, 0x00, 0x00, 0x1D, 0xFF, 0x80,
    0x00, 0x01, 0xCF, 0xFA, 0x00, 0x00, 0x07, 0xFF, 0xC0, 0x00, 0x00, 0x0B, 0xFF, 0x40, 0x00, 0x00,
    0x0C, 0xFF, 0x50, 0x03, 0x80, 0x09, 0xFF, 0xFB, 0xCF, 0xC0, 0x02, 0xDF, 0xFF, 0xFF, 0xC0, 0x00,
    0x17, 0x9B, 0x96, 0x10, 0x00, 0x00, 0x00, 0x02, 0x20, 0x00, 0x00, 0x00, 0x00, 0x00, 0x9F, 0x80,
    0x00, 0x00, 0x00, 0x00, 0x04, 0xF9, 0x00, 0x00, 0x00, 0x00, 0x00, 0x03, 0x40, 0x00, 0x00, 0x00,
    0x00, 0x00, 0x6D, 0xDD, 0x90, 0x00, 0x00, 0x00, 0x00, 0xBF, 0xFF, 0xE0, 0x00, 0x00, 0x00, 0x01,
    0xFF, 0xFF, 0xF5, 0x00, 0x00, 0x00, 0x06, 0xFF, 0xDF, 0xFA, 0x00, 0x00, 0x00, 0x0B, 0xFF, 0x5F,
    0xFE, 0x00, 0x00, 0x00, 0x1F, 0xFE, 0x0B, 0xFF, 0x50, 0x00, 0x00, 0x6F, 0xFA, 0x06, 0xFF, 0xA0,
    0x00, 0x00, 0xBF, 0xF5, 0x02, 0xFF, 0xE0, 0x00, 0x01, 0xFF, 0xF2, 0x11, 0xCF, 0xF5, 0x00, 0x06,
    0xFF, 0xFF, 0xFF, 0xFF, 0xFA, 0x00, 0x0B, 0xFF, 0xFF, 0xFF, 0xFF, 0xFE, 0x00, 0x1F, 0xFF, 0x77,
    0x77, 0x7D, 0xFF, 0x50, 0x6F, 0xFC, 0x00, 0x00, 0x08, 0xFF, 0xA0, 0xBF, 0xF7, 0x00, 0x00, 0x04,
    0xFF, 0xE1, 0x00, 0x00, 0x00, 0x22, 0x10, 0x00, 0x00, 0x00, 0x03, 0xFD, 0x10, 0x00, 0x00, 0x00,
    0x1D, 0xD2, 0x00, 0x00, 0x00, 0x00, 0x14, 0x10, 0x00, 0x00, 0x06, 0xDD, 0xDD, 0xDD, 0xDD, 0x30,
    0x07, 0xFF, 0xFF, 0xFF, 0xFF, 0x40, 0x07, 0xFF, 0xFD, 0xDD, 0xDD, 0x30, 0x07, 0xFF, 0xC0, 0x00,
    0x00, 0x00, 0x07, 0xFF, 0xC0, 0x00, 0x00, 0x00, 0x07, 0xFF, 0xE9, 0x99, 0x98, 0x00, 0x07, 0xFF,
    0xFF, 0xFF, 0xFE, 0x00, 0x07, 0xFF, 0xFF, 0xFF, 0xFE, 0x00, 0x07, 0xFF, 0xC2, 0x22, 0x22, 0x00,
    0x07, 0xFF, 0xC0, 0x00, 0x00, 0x00, 0x07, 0xFF, 0xC0, 0x00, 0x00, 0x00, 0x07, 0xFF, 0xEB, 0xBB,
    0xBB, 0x40, 0x07, 0xFF, 0xFF, 0xFF, 0xFF, 0x60, 0x07, 0xFF, 0xFF, 0xFF, 0xFF, 0x60, 0x00, 0x01,
    0x22, 0x00, 0x2E, 0xE3, 0x00, 0xBE, 0x30, 0x01, 0x42, 0x00, 0x06, 0xDD, 0xA0, 0x07, 0xFF, 0xC0,
    0x07, 0xFF, 0xC0, 0x07, 0xFF, 0xC0, 0x07, 0xFF, 0xC0, 0x07, 0xFF, 0xC0, 0x07, 0xFF, 0xC0, 0x07,
    0xFF, 0xC0, 0x07, 0xFF, 0xC0, 0x07, 0xFF, 0xC0, 0x07, 0xFF, 0xC0, 0x07, 0xFF, 0xC0, 0x07, 0xFF,
    0xC0, 0x07, 0xFF, 0xC0, 0x00, 0x00, 0x02, 0x00, 0x12, 0x00, 0x00, 0x00, 0x00, 0x8F, 0xD4, 0x9B,
    0x00, 0x00, 0x00, 0x00, 0xE7, 0x9F, 0xF6, 0x00, 0x00, 0x00, 0x00, 0x41, 0x02, 0x30, 0x00, 0x00,
    0x06, 0xDD, 0xD5, 0x00, 0x04, 0xDD, 0x90, 0x07, 0xFF, 0xFC, 0x00, 0x05, 0xFF, 0xB0, 0x07, 0xFF,
    0xFF, 0x40, 0x05, 0xFF, 0xB0, 0x07, 0xFF, 0xFF, 0xB0, 0x05, 0xFF, 0xB0, 0x07, 0xFF, 0xEF, 0xF3,
    0x05, 0xFF, 0xB0, 0x07, 0xFF, 0xAD, 0xFB, 0x05, 0xFF, 0xB0, 0x07, 0xFF, 0x96, 0xFF, 0x35, 0xFF,
    0xB0, 0x07, 0xFF, 0x91, 0xEF, 0xA5, 0xFF, 0xB0, 0x07, 0xFF, 0x90, 0x7F, 0xF7, 0xFF, 0xB0, 0x07,
    0xFF, 0x90, 0x1E, 0xFD, 0xFF, 0xB0, 0x07, 0xFF, 0x90, 0x08, 0xFF, 0xFF, 0xB0, 0x07, 0xFF, 0x90,
    0x01, 0xEF, 0xFF, 0xB0, 0x07, 0xFF, 0x90, 0x00, 0x9F, 0xFF, 0xB0, 0x07, 0xFF, 0x90, 0x00, 0x2F,
    0xFF, 0xB0, 0x00, 0x00, 0x00, 0x01, 0x22, 0x00, 0x00, 0x00, 0x00, 0x00, 0x00, 0x1D, 0xE4, 0x00,
    0x00, 0x00, 0x00, 0x00, 0x00, 0x9F, 0x40, 0x00, 0x00, 0x00, 0x00, 0x00, 0x00, 0x54, 0x00, 0x00,
    0x00, 0x00, 0x00, 0x01, 0x8D, 0xFF, 0xFB, 0x50, 0x00, 0x00, 0x00, 0x3E, 0xFF, 0xFF, 0xFF, 0xF9,
    0x00, 0x00, 0x01, 0xDF, 0xFE, 0x98, 0xCF, 0xFF, 0x70, 0x00, 0x07, 0xFF, 0xF3, 0x00, 0x0A, 0xFF,
    0xE1, 0x00, 0x0C, 0xFF, 0xA0, 0x00, 0x02, 0xFF, 0xF5, 0x00, 0x0F, 0xFF, 0x50, 0x00, 0x00, 0xCF,
    0xF8, 0x00, 0x2F, 0xFF, 0x30, 0x00, 0x00, 0xBF, 0xF9, 0x00, 0x2F, 0xFF, 0x30, 0x00, 0x00, 0xAF,
    0xFA, 0x00, 0x1F, 0xFF, 0x50, 0x00, 0x00, 0xCF, 0xF9, 0x00, 0x0D, 0xFF, 0x90, 0x00, 0x01, 0xFF,
    0xF6, 0x00, 0x08, 0xFF, 0xE2, 0x00, 0x08, 0xFF, 0xF1, 0x00, 0x02, 0xEF, 0xFD, 0x75, 0x9F, 0xFF,
    0x80, 0x00, 0x00, 0x4F, 0xFF, 0xFF, 0xFF, 0xFB, 0x10, 0x00, 0x00, 0x03, 0xBF, 0xFF, 0xFE, 0x70,
    0x00, 0x00, 0x00, 0x00, 0x01, 0x34, 0x20, 0x00, 0x00, 0x00, 0x00, 0x00, 0x00, 0x02, 0x21, 0x00,
    0x00, 0x00, 0x00, 0x00, 0x4F, 0xC1, 0x00, 0x00, 0x00, 0x00, 0x01, 0xDD, 0x10, 0x00, 0x00, 0x00,
    0x00, 0x02, 0x41, 0x00, 0x00, 0x00, 0x06, 0xDD, 0xA0, 0x00, 0x0B, 0xDD, 0x40, 0x07, 0xFF, 0xC0,
    0x00, 0x0E, 0xFF, 0x50, 0x07, 0xFF, 0xC0, 0x00, 0x0E, 0xFF, 0x50, 0x07, 0xFF, 0xC0, 0x00, 0x0E,
    0xFF, 0x50, 0x07, 0xFF, 0xC0, 0x00, 0x0E, 0xFF, 0x50, 0x07, 0xFF, 0xC0, 0x00, 0x0E, 0xFF, 0x50,
    0x07, 0xFF, 0xC0, 0x00, 0x0E, 0xFF, 0x50, 0x07, 0xFF, 0xC0, 0x00, 0x0E, 0xFF, 0x50, 0x06, 0xFF,
    0xC0, 0x00, 0x0E, 0xFF, 0x50, 0x06, 0xFF, 0xD0, 0x00, 0x0F, 0xFF, 0x40, 0x03, 0xFF, 0xF2, 0x00,
    0x4F, 0xFF, 0x10, 0x00, 0xDF, 0xFD, 0x77, 0xEF, 0xFC, 0x00, 0x00, 0x5F, 0xFF, 0xFF, 0xFF, 0xF4,
    0x00, 0x00, 0x05, 0xDF, 0xFF, 0xFC, 0x40, 0x00, 0x00, 0x00, 0x02, 0x43, 0x10, 0x00, 0x00, 0x00,
    0x00, 0x22, 0x11, 0x21, 0x00, 0x00, 0x00, 0x00, 0xAF, 0x46, 0xF9, 0x00, 0x00, 0x00, 0x00, 0xAF,
    0x46, 0xF9, 0x00, 0x00, 0x00, 0x00, 0x12, 0x11, 0x21, 0x00, 0x00, 0x06, 0xDD, 0xA0, 0x00, 0x0B,
    0xDD, 0x40, 0x07, 0xFF, 0xC0, 0x00, 0x0E, 0xFF, 0x50, 0x07, 0xFF, 0xC0, 0x00, 0x0E, 0xFF, 0x50,
    0x07, 0xFF, 0xC0, 0x00, 0x0E, 0xFF, 0x50, 0x07, 0xFF, 0xC0, 0x00, 0x0E, 0xFF, 0x50, 0x07, 0xFF,
    0xC0, 0x00, 0x0E, 0xFF, 0x50, 0x07, 0xFF, 0xC0, 0x00, 0x0E, 0xFF, 0x50, 0x07, 0xFF, 0xC0, 0x00,
    0x0E, 0xFF, 0x50, 0x06, 0xFF, 0xC0, 0x00, 0x0E, 0xFF, 0x50, 0x06, 0xFF, 0xD0, 0x00, 0x0F, 0xFF,
    0x40, 0x03, 0xFF, 0xF2, 0x00, 0x4F, 0xFF, 0x10, 0x00, 0xDF, 0xFD, 0x77, 0xEF, 0xFC, 0x00, 0x00,
    0x5F, 0xFF, 0xFF, 0xFF, 0xF4, 0x00, 0x00, 0x05, 0xDF, 0xFF, 0xFC, 0x40, 0x00, 0x00, 0x00, 0x02,
    0x43, 0x10, 0x00, 0x00, 0x00, 0x00, 0x00, 0x03, 0x31, 0x00, 0x00, 0x00, 0x00, 0x8F, 0xA0, 0x00,
    0x00, 0x00, 0x03, 0xFC, 0x10, 0x00, 0x00, 0x00, 0x0D, 0xD1, 0x00, 0x00, 0x00, 0x00, 0x14, 0x20,
    0x00, 0x00, 0x01, 0x47, 0x99, 0x85, 0x10, 0x00, 0x07, 0xFF, 0xFF, 0xFF, 0xD2, 0x00, 0x07, 0xEB,
    0x99, 0xDF, 0xFB, 0x00, 0x02, 0x10, 0x00, 0x1E, 0xFF, 0x10, 0x00, 0x27, 0x9A, 0xAE, 0xFF, 0x20,
    0x06, 0xFF, 0xFF, 0xFF, 0xFF, 0x30, 0x1F, 0xFF, 0x95, 0x5D, 0xFF, 0x30, 0x3F, 0xFC, 0x00, 0x0E,
    0xFF, 0x30, 0x2F, 0xFE, 0x20, 0x9F, 0xFF, 0x30, 0x0D, 0xFF, 0xFF, 0xEE, 0xFF, 0x30, 0x03, 0xDF,
    0xFE, 0x4C, 0xFF, 0x30, 0x00, 0x03, 0x30, 0x00, 0x00, 0x00, 0x00, 0x00, 0x00, 0x03, 0x31, 0x00,
    0x00, 0x00, 0x00, 0x4F, 0xD1, 0x00, 0x00, 0x00, 0x01, 0xDE, 0x20, 0x00, 0x00, 0x00, 0x09, 0xF3,
    0x00, 0x00, 0x00, 0x00, 0x04, 0x30, 0x00, 0x00, 0x00, 0x02, 0x79, 0x96, 0x10, 0x00, 0x00, 0x8F,
    0xFF, 0xFF, 0xD2, 0x00, 0x06, 0xFF, 0xEA, 0xBF, 0xFD, 0x00, 0x0D, 0xFF, 0x40, 0x09, 0xFF, 0x60,
    0x2F, 0xFE, 0x55, 0x58, 0xFF, 0xA0, 0x4F, 0xFF, 0xFF, 0xFF, 0xFF, 0xB0, 0x3F, 0xFE, 0xBB, 0xBB,
    0xBB, 0x80, 0x1F, 0xFE, 0x00, 0x00, 0x00, 0x00, 0x0B, 0xFF, 0xA1, 0x01, 0x5B, 0x50, 0x03, 0xEF,
    0xFF, 0xEF, 0xFF, 0x50, 0x00, 0x3B, 0xFF, 0xFF, 0xEA, 0x20, 0x00, 0x00, 0x13, 0x32, 0x00, 0x00,
    0x00, 0x00, 0x23, 0x20, 0x00, 0x03, 0xFD, 0x20, 0x00, 0x1D, 0xE3, 0x00, 0x00, 0x8F, 0x40, 0x00,
    0x00, 0x43, 0x00, 0x00, 0x03, 0x66, 0x20, 0x00, 0x08, 0xFF, 0x60, 0x00, 0x08, 0xFF, 0x60, 0x00,
    0x08, 0xFF, 0x60, 0x00, 0x08, 0xFF, 0x60, 0x00, 0x08, 0xFF, 0x60, 0x00, 0x08, 0xFF, 0x60, 0x00,
    0x08, 0xFF, 0x60, 0x00, 0x08, 0xFF, 0x60, 0x00, 0x08, 0xFF, 0x60, 0x00, 0x08, 0xFF, 0x60, 0x00,
    0x00, 0x01, 0x9A, 0x20, 0xB2, 0x00, 0x00, 0x06, 0xEC, 0xEA, 0xF1, 0x00, 0x00, 0x07, 0x80, 0x7C,
    0x60, 0x00, 0x00, 0x00, 0x00, 0x00, 0x00, 0x00, 0x03, 0x66, 0x21, 0x79, 0x71, 0x00, 0x08, 0xFF,
    0x8D, 0xFF, 0xFD, 0x10, 0x08, 0xFF, 0xFF, 0xEF, 0xFF, 0x80, 0x08, 0xFF, 0xE3, 0x08, 0xFF, 0xB0,
    0x08, 0xFF, 0x90, 0x03, 0xFF, 0xC0, 0x08, 0xFF, 0x70, 0x03, 0xFF, 0xD0, 0x08, 0xFF, 0x60, 0x03,
    0xFF, 0xD0, 0x08, 0xFF, 0x60, 0x03, 0xFF, 0xD0, 0x08, 0xFF, 0x60, 0x03, 0xFF, 0xD0, 0x08, 0xFF,
    0x60, 0x03, 0xFF, 0xD0, 0x08, 0xFF, 0x60, 0x03, 0xFF, 0xD0, 0x00, 0x00, 0x00, 0x03, 0x31, 0x00,
    0x00, 0x00, 0x00, 0x4F, 0xD1, 0x00, 0x00, 0x00, 0x01, 0xDE, 0x20, 0x00, 0x00, 0x00, 0x09, 0xE3,
    0x00, 0x00, 0x00, 0x00, 0x04, 0x30, 0x00, 0x00, 0x00, 0x02, 0x79, 0x96, 0x10, 0x00, 0x00, 0x8F,
    0xFF, 0xFF, 0xE5, 0x00, 0x06, 0xFF, 0xFC, 0xDF, 0xFF, 0x30, 0x0D, 0xFF, 0x70, 0x0B, 0xFF, 0xA0,
    0x2F, 0xFF, 0x10, 0x04, 0xFF, 0xD0, 0x4F, 0xFD, 0x00, 0x02, 0xFF, 0xF0, 0x3F, 0xFE, 0x00, 0x03,
    0xFF, 0xF0, 0x1F, 0xFF, 0x20, 0x06, 0xFF, 0xC0, 0x0B, 0xFF, 0xB3, 0x4D, 0xFF, 0x70, 0x03, 0xEF,
    0xFF, 0xFF, 0xFD, 0x10, 0x00, 0x3C, 0xFF, 0xFF, 0xA1, 0x00, 0x00, 0x00, 0x24, 0x31, 0x00, 0x00,
    0x00, 0x00, 0x00, 0x02, 0x32, 0x00, 0x00, 0x00, 0x00, 0x2E, 0xE3, 0x00, 0x00, 0x00, 0x00, 0xBF,
    0x40, 0x00, 0x00, 0x00, 0x06, 0xF6, 0x00, 0x00, 0x00, 0x00, 0x04, 0x40, 0x00, 0x00, 0x04, 0x66,
    0x20, 0x01, 0x66, 0x40, 0x0A, 0xFF, 0x50, 0x04, 0xFF, 0xB0, 0x0A, 0xFF, 0x50, 0x04, 0xFF, 0xB0,
    0x0A, 0xFF, 0x50, 0x04, 0xFF, 0xB0, 0x0A, 0xFF, 0x50, 0x04, 0xFF, 0xB0, 0x0A, 0xFF, 0x50, 0x04,
    0xFF, 0xB0, 0x0A, 0xFF, 0x50, 0x05, 0xFF, 0xB0, 0x09, 0xFF, 0x60, 0x09, 0xFF, 0xB0, 0x07, 0xFF,
    0xD5, 0x7F, 0xFF, 0xB0, 0x02, 0xFF, 0xFF, 0xFD, 0xFF, 0xB0, 0x00, 0x7F, 0xFF, 0xA5, 0xFF, 0xB0,
    0x00, 0x01, 0x42, 0x00, 0x00, 0x00, 0x00, 0x06, 0xB4, 0x3B, 0x70, 0x00, 0x00, 0x09, 0xF6, 0x4F,
    0xA0, 0x00, 0x00, 0x05, 0x93, 0x39, 0x60, 0x00, 0x00, 0x00, 0x00, 0x00, 0x00, 0x00, 0x04, 0x66,
    0x20, 0x01, 0x66, 0x40, 0x0A, 0xFF, 0x50, 0x04, 0xFF, 0xB0, 0x0A, 0xFF, 0x50, 0x04, 0xFF, 0xB0,
    0x0A, 0xFF, 0x50, 0x04, 0xFF, 0xB0, 0x0A, 0xFF, 0x50, 0x04, 0xFF, 0xB0, 0x0A, 0xFF, 0x50, 0x04,
    0xFF, 0xB0, 0x0A, 0xFF, 0x50, 0x05, 0xFF, 0xB0, 0x09, 0xFF, 0x60, 0x09, 0xFF, 0xB0, 0x07, 0xFF,
    0xD5, 0x7F, 0xFF, 0xB0, 0x02, 0xFF, 0xFF, 0xFD, 0xFF, 0xB0, 0x00, 0x7F, 0xFF, 0xA5, 0xFF, 0xB0,
    0x00, 0x01, 0x42, 0x00, 0x00, 0x00,
};

const gfx2_glyph_t font_ui_18b_glyphs[117] = {
    {      0,   0,   0,    0,    0,   6 }, /* 'U+0020' */
    {      0,   8,  14,    0,    4,   8 }, /* '!' */
    {     56,   9,  14,    0,    4,   9 }, /* '"' */
    {    126,  14,  14,    0,    4,  14 }, /* '#' */
    {    224,  12,  18,    0,    3,  12 }, /* '$' */
    {    332,  17,  16,    0,    3,  17 }, /* '%' */
    {    476,  15,  16,    0,    3,  15 }, /* '&' */
    {    604,   5,  14,    0,    4,   5 }, /* ''' */
    {    646,   8,  18,    0,    3,   8 }, /* '(' */
    {    718,   8,  18,    0,    3,   8 }, /* ')' */
    {    790,   9,  15,    0,    3,   9 }, /* '*' */
    {    865,  14,  12,    0,    6,  14 }, /* '+' */
    {    949,   7,   7,    0,   14,   6 }, /* ',' */
    {    977,   7,   7,    0,   11,   7 }, /* '-' */
    {   1005,   7,   4,    0,   14,   6 }, /* '.' */
    {   1021,   7,  16,    0,    4,   6 }, /* '/' */
    {   1085,  12,  16,    0,    3,  12 }, /* '0' */
    {   1181,  12,  14,    0,    4,  12 }, /* '1' */
    {   1265,  12,  15,    0,    3,  12 }, /* '2' */
    {   1355,  12,  16,    0,    3,  12 }, /* '3' */
    {   1451,  12,  14,    0,    4,  12 }, /* '4' */
    {   1535,  12,  15,    0,    4,  12 }, /* '5' */
    {   1625,  12,  16,    0,    3,  12 }, /* '6' */
    {   1721,  12,  14,    0,    4,  12 }, /* '7' */
    {   1805,  12,  16,    0,    3,  12 }, /* '8' */
    {   1901,  12,  16,    0,    3,  12 }, /* '9' */
    {   1997,   7,  11,    0,    7,   7 }, /* ':' */
    {   2041,   7,  14,    0,    7,   7 }, /* ';' */
    {   2097,  14,  12,    0,    6,  14 }, /* '<' */
    {   2181,  14,  10,    0,    8,  14 }, /* '=' */
    {   2251,  14,  12,    0,    6,  14 }, /* '>' */
    {   2335,  10,  15,    0,    3,  10 }, /* '?' */
    {   2410,  17,  18,    0,    4,  17 }, /* '@' */
    {   2572,  14,  14,    0,    4,  13 }, /* 'A' */
    {   2670,  13,  14,    0,    4,  13 }, /* 'B' */
    {   2768,  13,  16,    0,    3,  13 }, /* 'C' */
    {   2880,  14,  14,    0,    4,  14 }, /* 'D' */
    {   2978,  12,  14,    0,    4,  12 }, /* 'E' */
    {   3062,  12,  14,    0,    4,  12 }, /* 'F' */
    {   3146,  14,  16,    0,    3,  14 }, /* 'G' */
    {   3258,  14,  14,    0,    4,  14 }, /* 'H' */
    {   3356,   6,  14,    0,    4,   6 }, /* 'I' */
    {   3398,   7,  18,   -1,    4,   6 }, /* 'J' */
    {   3470,  14,  14,    0,    4,  13 }, /* 'K' */
    {   3568,  11,  14,    0,    4,  11 }, /* 'L' */
    {   3652,  17,  14,    0,    4,  17 }, /* 'M' */
    {   3778,  14,  14,    0,    4,  14 }, /* 'N' */
    {   3876,  15,  16,    0,    3,  15 }, /* 'O' */
    {   4004,  13,  14,    0,    4,  13 }, /* 'P' */
    {   4102,  15,  18,    0,    3,  15 }, /* 'Q' */
    {   4246,  13,  14,    0,    4,  13 }, /* 'R' */
    {   4344,  12,  16,    0,    3,  12 }, /* 'S' */
    {   4440,  12,  14,    0,    4,  12 }, /* 'T' */
    {   4524,  14,  15,    0,    4,  14 }, /* 'U' */
    {   4629,  14,  14,    0,    4,  13 }, /* 'V' */
    {   4727,  19,  14,    0,    4,  19 }, /* 'W' */
    {   4867,  13,  14,    0,    4,  13 }, /* 'X' */
    {   4965,  14,  14,   -1,    4,  12 }, /* 'Y' */
    {   5063,  12,  14,    0,    4,  12 }, /* 'Z' */
    {   5147,   8,  18,    0,    3,   8 }, /* '[' */
    {   5219,   7,  16,    0,    4,   6 }, /* 'U+005C' */
    {   5283,   8,  18,    0,    3,   8 }, /* ']' */
    {   5355,  14,  14,    0,    4,  14 }, /* '^' */
    {   5453,   9,   5,    0,   18,   9 }, /* '_' */
    {   5478,   9,  16,    0,    2,   9 }, /* '`' */
    {   5558,  12,  12,    0,    7,  12 }, /* 'a' */
    {   5630,  12,  16,    0,    3,  12 }, /* 'b' */
    {   5726,  10,  12,    0,    7,  10 }, /* 'c' */
    {   5786,  12,  16,    0,    3,  12 }, /* 'd' */
    {   5882,  12,  12,    0,    7,  12 }, /* 'e' */
    {   5954,   8,  15,    0,    3,   7 }, /* 'f' */
    {   6014,  12,  16,    0,    7,  12 }, /* 'g' */
    {   6110,  12,  15,    0,    3,  12 }, /* 'h' */
    {   6200,   6,  15,    0,    3,   6 }, /* 'i' */
    {   6245,   7,  20,   -1,    3,   6 }, /* 'j' */
    {   6325,  12,  15,    0,    3,  11 }, /* 'k' */
    {   6415,   6,  15,    0,    3,   6 }, /* 'l' */
    {   6460,  18,  11,    0,    7,  18 }, /* 'm' */
    {   6559,  12,  11,    0,    7,  12 }, /* 'n' */
    {   6625,  12,  12,    0,    7,  12 }, /* 'o' */
    {   6697,  12,  15,    0,    7,  12 }, /* 'p' */
    {   6787,  12,  15,    0,    7,  12 }, /* 'q' */
    {   6877,   9,  11,    0,    7,   8 }, /* 'r' */
    {   6932,  10,  12,    0,    7,  10 }, /* 's' */
    {   6992,   8,  14,    0,    4,   8 }, /* 't' */
    {   7048,  12,  12,    0,    7,  12 }, /* 'u' */
    {   7120,  11,  11,    0,    7,  11 }, /* 'v' */
    {   7186,  16,  11,    0,    7,  16 }, /* 'w' */
    {   7274,  11,  11,    0,    7,  11 }, /* 'x' */
    {   7340,  11,  16,    0,    7,  11 }, /* 'y' */
    {   7436,  10,  11,    0,    7,  10 }, /* 'z' */
    {   7491,  12,  19,    0,    3,  12 }, /* '{' */
    {   7605,   6,  20,    0,    3,   6 }, /* '|' */
    {   7665,  12,  19,    0,    3,  12 }, /* '}' */
    {   7779,  14,   8,    0,   10,  14 }, /* '~' */
    {   7835,   8,  15,    0,    7,   8 }, /* 'U+00A1' */
    {   7895,  10,  15,    0,    3,  10 }, /* 'U+00AA' */
    {   7970,   9,  15,    0,    3,   9 }, /* 'U+00B0' */
    {   8045,  14,  12,    0,    6,  14 }, /* 'U+00B1' */
    {   8129,  13,  15,    0,    7,  13 }, /* 'U+00B5' */
    {   8234,   7,   9,    0,    9,   6 }, /* 'U+00B7' */
    {   8270,  10,  15,    0,    3,  10 }, /* 'U+00BA' */
    {   8345,  10,  15,    0,    7,  10 }, /* 'U+00BF' */
    {   8420,  14,  18,    0,    0,  13 }, /* 'U+00C1' */
    {   8546,  12,  18,    0,    0,  12 }, /* 'U+00C9' */
    {   8654,   6,  18,    0,    0,   6 }, /* 'U+00CD' */
    {   8708,  14,  18,    0,    0,  14 }, /* 'U+00D1' */
    {   8834,  15,  19,    0,    0,  15 }, /* 'U+00D3' */
    {   8986,  14,  19,    0,    0,  14 }, /* 'U+00DA' */
    {   9119,  14,  19,    0,    0,  14 }, /* 'U+00DC' */
    {   9252,  12,  17,    0,    2,  12 }, /* 'U+00E1' */
    {   9354,  12,  17,    0,    2,  12 }, /* 'U+00E9' */
    {   9456,   7,  16,    0,    2,   6 }, /* 'U+00ED' */
    {   9520,  12,  15,    0,    3,  12 }, /* 'U+00F1' */
    {   9610,  12,  17,    0,    2,  12 }, /* 'U+00F3' */
    {   9712,  12,  17,    0,    2,  12 }, /* 'U+00FA' */
    {   9814,  12,  16,    0,    3,  12 }, /* 'U+00FC' */
};

const gfx2_range_t font_ui_18b_ranges[22] = {
    { 0x0020, 0x007E, 0 },
    { 0x00A1, 0x00A1, 95 },
    { 0x00AA, 0x00AA, 96 },
    { 0x00B0, 0x00B1, 97 },
    { 0x00B5, 0x00B5, 99 },
    { 0x00B7, 0x00B7, 100 },
    { 0x00BA, 0x00BA, 101 },
    { 0x00BF, 0x00BF, 102 },
    { 0x00C1, 0x00C1, 103 },
    { 0x00C9, 0x00C9, 104 },
    { 0x00CD, 0x00CD, 105 },
    { 0x00D1, 0x00D1, 106 },
    { 0x00D3, 0x00D3, 107 },
    { 0x00DA, 0x00DA, 108 },
    { 0x00DC, 0x00DC, 109 },
    { 0x00E1, 0x00E1, 110 },
    { 0x00E9, 0x00E9, 111 },
    { 0x00ED, 0x00ED, 112 },
    { 0x00F1, 0x00F1, 113 },
    { 0x00F3, 0x00F3, 114 },
    { 0x00FA, 0x00FA, 115 },
    { 0x00FC, 0x00FC, 116 },
};

const gfx2_font_t font_ui_18b = {
    font_ui_18b_bitmap, font_ui_18b_glyphs, font_ui_18b_ranges,
    22, 18, 5, 23
};


/* ------------------------------------------------------------------ */
#include "font_ui_24b.h"


const uint8_t font_ui_24b_bitmap[16956] = {
    0x00, 0x03, 0x33, 0x30, 0x00, 0x00, 0x0D, 0xFF, 0xF2, 0x00, 0x00, 0x0D, 0xFF, 0xF2, 0x00, 0x00,
    0x0D, 0xFF, 0xF2, 0x00, 0x00, 0x0D, 0xFF, 0xF2, 0x00, 0x00, 0x0D, 0xFF, 0xF2, 0x00, 0x00, 0x0D,
    0xFF, 0xF2, 0x00, 0x00, 0x0D, 0xFF, 0xF2, 0x00, 0x00, 0x0C, 0xFF, 0xF0, 0x00, 0x00, 0x0A, 0xFF,
    0xE0, 0x00, 0x00, 0x08, 0xFF, 0xC0, 0x00, 0x00, 0x07, 0xFF, 0xA0, 0x00, 0x00, 0x04, 0xDD, 0x80,
    0x00, 0x00, 0x00, 0x00, 0x00, 0x00, 0x00, 0x04, 0x55, 0x51, 0x00, 0x00, 0x0D, 0xFF, 0xF2, 0x00,
    0x00, 0x0D, 0xFF, 0xF2, 0x00, 0x00, 0x0D, 0xFF, 0xF2, 0x00, 0x00, 0x0D, 0xFF, 0xF2, 0x00, 0x00,
    0x33, 0x20, 0x03, 0x32, 0x00, 0x00, 0xDF, 0xB0, 0x0F, 0xF9, 0x00, 0x00, 0xDF, 0xB0, 0x0F, 0xF9,
    0x00, 0x00, 0xDF, 0xB0, 0x0F, 0xF9, 0x00, 0x00, 0xDF, 0xB0, 0x0F, 0xF9, 0x00, 0x00, 0xDF, 0xB0,
    0x0F, 0xF9, 0x00, 0x00, 0xDF, 0xB0, 0x0F, 0xF9, 0x00, 0x00, 0x78, 0x60, 0x08, 0x85, 0x00, 0x00,
    0x00, 0x00, 0x00, 0x00, 0x00, 0x00, 0x00, 0x00, 0x00, 0x00, 0x00, 0x00, 0x00, 0x00, 0x00, 0x00,
    0x00, 0x00, 0x00, 0x00, 0x00, 0x00, 0x00, 0x00, 0x00, 0x00, 0x00, 0x00, 0x00, 0x00, 0x00, 0x00,
    0x00, 0x00, 0x00, 0x00, 0x00, 0x00, 0x00, 0x00, 0x00, 0x00, 0x00, 0x00, 0x00, 0x00, 0x00, 0x00,
    0x00, 0x00, 0x00, 0x00, 0x00, 0x00, 0x00, 0x00, 0x00, 0x00, 0x00, 0x00, 0x00, 0x00, 0x00, 0x00,
    0x00, 0x00, 0x00, 0x00, 0x08, 0xED, 0x00, 0x3E, 0xE3, 0x00, 0x00, 0x00, 0x00, 0x00, 0x0C, 0xFA,
    0x00, 0x6F, 0xF1, 0x00, 0x00, 0x00, 0x00, 0x00, 0x0F, 0xF7, 0x00, 0xAF, 0xC0, 0x00, 0x00, 0x00,
    0x00, 0x00, 0x3F, 0xF4, 0x00, 0xDF, 0x80, 0x00, 0x00, 0x00, 0x14, 0x44, 0x8F, 0xF4, 0x44, 0xFF,
    0x84, 0x41, 0x00, 0x00, 0x3F, 0xFF, 0xFF, 0xFF, 0xFF, 0xFF, 0xFF, 0xF5, 0x00, 0x00, 0x3F, 0xFF,
    0xFF, 0xFF, 0xFF, 0xFF, 0xFF, 0xF5, 0x00, 0x00, 0x15, 0x57, 0xFF, 0x85, 0x5D, 0xFB, 0x55, 0x52,
    0x00, 0x00, 0x00, 0x06, 0xFF, 0x10, 0x1F, 0xF7, 0x00, 0x00, 0x00, 0x00, 0x00, 0x09, 0xFD, 0x00,
    0x4F, 0xF3, 0x00, 0x00, 0x00, 0x02, 0x44, 0x4D, 0xFB, 0x44, 0x9F, 0xF5, 0x44, 0x00, 0x00, 0x07,
    0xFF, 0xFF, 0xFF, 0xFF, 0xFF, 0xFF, 0xFF, 0x10, 0x00, 0x07, 0xFF, 0xFF, 0xFF, 0xFF, 0xFF, 0xFF,
    0xFF, 0x10, 0x00, 0x02, 0x55, 0xAF, 0xF5, 0x56, 0xFF, 0x85, 0x55, 0x00, 0x00, 0x00, 0x00, 0xAF,
    0xC0, 0x05, 0xFF, 0x10, 0x00, 0x00, 0x00, 0x00, 0x00, 0xDF, 0x80, 0x08, 0xFD, 0x00, 0x00, 0x00,
    0x00, 0x00, 0x02, 0xFF, 0x50, 0x0C, 0xFA, 0x00, 0x00, 0x00, 0x00, 0x00, 0x05, 0xFF, 0x10, 0x0F,
    0xF6, 0x00, 0x00, 0x00, 0x00, 0x00, 0x00, 0x00, 0x1F, 0xB0, 0x00, 0x00, 0x00, 0x00, 0x00, 0x00,
    0x1F, 0xB0, 0x00, 0x00, 0x00, 0x00, 0x00, 0x00, 0x2F, 0xC2, 0x00, 0x00, 0x00, 0x00, 0x02, 0xAE,
    0xFF, 0xFF, 0xEC, 0x81, 0x00, 0x00, 0x3E, 0xFF, 0xFF, 0xFF, 0xFF, 0xF2, 0x00, 0x00, 0xCF, 0xFF,
    0xBF, 0xDB, 0xDF, 0xF2, 0x00, 0x02, 0xFF, 0xF7, 0x1F, 0xB0, 0x02, 0x71, 0x00, 0x03, 0xFF, 0xF5,
    0x1F, 0xB0, 0x00, 0x00, 0x00, 0x02, 0xFF, 0xFD, 0x5F, 0xB0, 0x00, 0x00, 0x00, 0x00, 0xDF, 0xFF,
    0xFF, 0xFB, 0x82, 0x00, 0x00, 0x00, 0x5F, 0xFF, 0xFF, 0xFF, 0xFF, 0x90, 0x00, 0x00, 0x03, 0xBF,
    0xFF, 0xFF, 0xFF, 0xF7, 0x00, 0x00, 0x00, 0x01, 0x5F, 0xEE, 0xFF, 0xFE, 0x00, 0x00, 0x00, 0x00,
    0x1F, 0xB0, 0xBF, 0xFF, 0x10, 0x01, 0x10, 0x00, 0x1F, 0xB0, 0x6F, 0xFF, 0x10, 0x03, 0xE8, 0x30,
    0x1F, 0xB0, 0xAF, 0xFE, 0x00, 0x03, 0xFF, 0xFE, 0xDF, 0xEE, 0xFF, 0xF9, 0x00, 0x03, 0xFF, 0xFF,
    0xFF, 0xFF, 0xFF, 0xC1, 0x00, 0x00, 0x26, 0xAC, 0xEF, 0xFD, 0xA6, 0x00, 0x00, 0x00, 0x00, 0x00,
    0x1F, 0xB0, 0x00, 0x00, 0x00, 0x00, 0x00, 0x00, 0x1F, 0xB0, 0x00, 0x00, 0x00, 0x00, 0x00, 0x00,
    0x1F, 0xB0, 0x00, 0x00, 0x00, 0x00, 0x00, 0x00, 0x0A, 0x70, 0x00, 0x00, 0x00, 0x00, 0x04, 0x88,
    0x50, 0x00, 0x00, 0x00, 0x08, 0x84, 0x00, 0x00, 0x00, 0x01, 0xBF, 0xFF, 0xFD, 0x20, 0x00, 0x00,
    0x6F, 0xE1, 0x00, 0x00, 0x00, 0x09, 0xFF, 0xB9, 0xFF, 0xC0, 0x00, 0x01, 0xDF, 0x80, 0x00, 0x00,
    0x00, 0x1F, 0xFC, 0x00, 0x9F, 0xF3, 0x00, 0x07, 0xFE, 0x10, 0x00, 0x00, 0x00, 0x3F, 0xF8, 0x00,
    0x5F, 0xF6, 0x00, 0x1E, 0xF6, 0x00, 0x00, 0x00, 0x00, 0x4F, 0xF7, 0x00, 0x4F, 0xF7, 0x00, 0x8F,
    0xD0, 0x00, 0x00, 0x00, 0x00, 0x3F, 0xF9, 0x00, 0x5F, 0xF6, 0x02, 0xFF, 0x50, 0x00, 0x00, 0x00,
    0x00, 0x0E, 0xFD, 0x10, 0xBF, 0xF3, 0x0A, 0xFC, 0x00, 0x00, 0x00, 0x00, 0x00, 0x07, 0xFF, 0xDC,
    0xFF, 0xA0, 0x3F, 0xF4, 0x00, 0x00, 0x00, 0x00, 0x00, 0x00, 0x8F, 0xFF, 0xFB, 0x10, 0xBF, 0xB0,
    0x03, 0x78, 0x72, 0x00, 0x00, 0x00, 0x02, 0x55, 0x30, 0x04, 0xFF, 0x30, 0x8F, 0xFF, 0xFF, 0x60,
    0x00, 0x00, 0x00, 0x00, 0x00, 0x0C, 0xF9, 0x04, 0xFF, 0xD8, 0xEF, 0xF3, 0x00, 0x00, 0x00, 0x00,
    0x00, 0x5F, 0xF2, 0x0B, 0xFF, 0x20, 0x4F, 0xF8, 0x00, 0x00, 0x00, 0x00, 0x00, 0xDF, 0x80, 0x0E,
    0xFD, 0x00, 0x0F, 0xFB, 0x00, 0x00, 0x00, 0x00, 0x06, 0xFE, 0x10, 0x0E, 0xFC, 0x00, 0x0E, 0xFC,
    0x00, 0x00, 0x00, 0x00, 0x1E, 0xF7, 0x00, 0x0D, 0xFE, 0x00, 0x1F, 0xFB, 0x00, 0x00, 0x00, 0x00,
    0x8F, 0xD0, 0x00, 0x0A, 0xFF, 0x40, 0x6F, 0xF7, 0x00, 0x00, 0x00, 0x01, 0xEF, 0x50, 0x00, 0x03,
    0xFF, 0xEC, 0xFF, 0xE1, 0x00, 0x00, 0x00, 0x09, 0xFC, 0x00, 0x00, 0x00, 0x5E, 0xFF, 0xFD, 0x30,
    0x00, 0x00, 0x00, 0x05, 0x52, 0x00, 0x00, 0x00, 0x00, 0x45, 0x30, 0x00, 0x00, 0x00, 0x00, 0x00,
    0x26, 0x88, 0x64, 0x10, 0x00, 0x00, 0x00, 0x00, 0x00, 0x09, 0xFF, 0xFF, 0xFF, 0xF3, 0x00, 0x00,
    0x00, 0x00, 0x00, 0x8F, 0xFF, 0xFF, 0xFF, 0xF4, 0x00, 0x00, 0x00, 0x00, 0x01, 0xEF, 0xFF, 0xA6,
    0x8C, 0xF4, 0x00, 0x00, 0x00, 0x00, 0x03, 0xFF, 0xFC, 0x00, 0x00, 0x32, 0x00, 0x00, 0x00, 0x00,
    0x01, 0xFF, 0xFD, 0x00, 0x00, 0x00, 0x00, 0x00, 0x00, 0x00, 0x00, 0xCF, 0xFF, 0x70, 0x00, 0x00,
    0x00, 0x00, 0x00, 0x00, 0x00, 0x8F, 0xFF, 0xF4, 0x00, 0x00, 0x00, 0x00, 0x00, 0x00, 0x07, 0xFF,
    0xFF, 0xFE, 0x20, 0x00, 0x7E, 0xEC, 0x00, 0x00, 0x6F, 0xFF, 0xFF, 0xFF, 0xD1, 0x00, 0xAF, 0xFB,
    0x00, 0x01, 0xEF, 0xFE, 0x3D, 0xFF, 0xFB, 0x00, 0xDF, 0xF9, 0x00, 0x06, 0xFF, 0xF6, 0x03, 0xEF,
    0xFF, 0x84, 0xFF, 0xF4, 0x00, 0x08, 0xFF, 0xF3, 0x00, 0x5F, 0xFF, 0xFD, 0xFF, 0xE0, 0x00, 0x09,
    0xFF, 0xF4, 0x00, 0x08, 0xFF, 0xFF, 0xFF, 0x70, 0x00, 0x08, 0xFF, 0xF9, 0x00, 0x00, 0xAF, 0xFF,
    0xFC, 0x00, 0x00, 0x04, 0xFF, 0xFF, 0x70, 0x01, 0x9F, 0xFF, 0xFC, 0x00, 0x00, 0x00, 0xCF, 0xFF,
    0xFE, 0xDF, 0xFF, 0xFF, 0xFF, 0x90, 0x00, 0x00, 0x2D, 0xFF, 0xFF, 0xFF, 0xFF, 0xDF, 0xFF, 0xF7,
    0x00, 0x00, 0x01, 0x9F, 0xFF, 0xFF, 0xE8, 0x16, 0xFF, 0xFF, 0x40, 0x00, 0x00, 0x01, 0x45, 0x53,
    0x00, 0x00, 0x00, 0x00, 0x00, 0x00, 0x33, 0x20, 0x00, 0x00, 0xDF, 0xB0, 0x00, 0x00, 0xDF, 0xB0,
    0x00, 0x00, 0xDF, 0xB0, 0x00, 0x00, 0xDF, 0xB0, 0x00, 0x00, 0xDF, 0xB0, 0x00, 0x00, 0xDF, 0xB0,
    0x00, 0x00, 0x78, 0x60, 0x00, 0x00, 0x00, 0x00, 0x00, 0x00, 0x00, 0x00, 0x00, 0x00, 0x00, 0x00,
    0x00, 0x00, 0x00, 0x00, 0x00, 0x00, 0x00, 0x00, 0x00, 0x00, 0x00, 0x00, 0x00, 0x00, 0x00, 0x00,
    0x00, 0x00, 0x00, 0x00, 0x00, 0x00, 0x00, 0x00, 0x00, 0x00, 0x00, 0x00, 0x00, 0x00, 0x00, 0x00,
    0x00, 0x00, 0x00, 0x1E, 0xFF, 0x40, 0x00, 0x00, 0x8F, 0xFD, 0x00, 0x00, 0x01, 0xEF, 0xF6, 0x00,
    0x00, 0x07, 0xFF, 0xF1, 0x00, 0x00, 0x0C, 0xFF, 0xB0, 0x00, 0x00, 0x2F, 0xFF, 0x70, 0x00, 0x00,
    0x6F, 0xFF, 0x30, 0x00, 0x00, 0xAF, 0xFF, 0x10, 0x00, 0x00, 0xDF, 0xFD, 0x00, 0x00, 0x00, 0xEF,
    0xFC, 0x00, 0x00, 0x00, 0xFF, 0xFB, 0x00, 0x00, 0x01, 0xFF, 0xFA, 0x00, 0x00, 0x00, 0xFF, 0xFB,
    0x00, 0x00, 0x00, 0xEF, 0xFC, 0x00, 0x00, 0x00, 0xBF, 0xFE, 0x00, 0x00, 0x00, 0x8F, 0xFF, 0x20,
    0x00, 0x00, 0x4F, 0xFF, 0x50, 0x00, 0x00, 0x0E, 0xFF, 0xA0, 0x00, 0x00, 0x08, 0xFF, 0xE0, 0x00,
    0x00, 0x02, 0xFF, 0xF4, 0x00, 0x00, 0x00, 0xAF, 0xFB, 0x00, 0x00, 0x00, 0x3F, 0xFF, 0x20, 0x00,
    0x00, 0x04, 0x44, 0x20, 0x01, 0xEF, 0xF4, 0x00, 0x00, 0x00, 0x8F, 0xFC, 0x00, 0x00, 0x00, 0x2F,
    0xFF, 0x40, 0x00, 0x00, 0x0C, 0xFF, 0xB0, 0x00, 0x00, 0x07, 0xFF, 0xF1, 0x00, 0x00, 0x02, 0xFF,
    0xF6, 0x00, 0x00, 0x00, 0xEF, 0xFA, 0x00, 0x00, 0x00, 0xBF, 0xFE, 0x00, 0x00, 0x00, 0x9F, 0xFF,
    0x20, 0x00, 0x00, 0x8F, 0xFF, 0x30, 0x00, 0x00, 0x7F, 0xFF, 0x40, 0x00, 0x00, 0x6F, 0xFF, 0x50,
    0x00, 0x00, 0x7F, 0xFF, 0x40, 0x00, 0x00, 0x8F, 0xFF, 0x30, 0x00, 0x00, 0xAF, 0xFF, 0x00, 0x00,
    0x00, 0xDF, 0xFC, 0x00, 0x00, 0x01, 0xFF, 0xF8, 0x00, 0x00, 0x06, 0xFF, 0xF3, 0x00, 0x00, 0x0A,
    0xFF, 0xD0, 0x00, 0x00, 0x1E, 0xFF, 0x70, 0x00, 0x00, 0x6F, 0xFE, 0x10, 0x00, 0x00, 0xDF, 0xF7,
    0x00, 0x00, 0x01, 0x44, 0x41, 0x00, 0x00, 0x00, 0x00, 0x08, 0x70, 0x00, 0x00, 0x00, 0x00, 0x1F,
    0xC0, 0x00, 0x00, 0x05, 0x00, 0x1F, 0xC0, 0x01, 0x40, 0x4F, 0xC4, 0x1F, 0xC0, 0x6E, 0xE1, 0x2B,
    0xFF, 0xAF, 0xEB, 0xFF, 0x91, 0x00, 0x5D, 0xFF, 0xFF, 0xC3, 0x00, 0x00, 0x06, 0xFF, 0xFE, 0x40,
    0x00, 0x04, 0xCF, 0xFF, 0xFF, 0xFA, 0x20, 0x5F, 0xFB, 0x3F, 0xC4, 0xDF, 0xF2, 0x1D, 0x50, 0x1F,
    0xC0, 0x07, 0xB0, 0x00, 0x00, 0x1F, 0xC0, 0x00, 0x00, 0x00, 0x00, 0x1F, 0xC0, 0x00, 0x00, 0x00,
    0x00, 0x01, 0x10, 0x00, 0x00, 0x00, 0x00, 0x00, 0x00, 0x00, 0x00, 0x00, 0x00, 0x00, 0x00, 0x00,
    0x00, 0x00, 0x00, 0x00, 0x00, 0x00, 0x00, 0x00, 0x00, 0x00, 0x00, 0x00, 0x00, 0x00, 0x00, 0x00,
    0x00, 0x00, 0x00, 0x00, 0x00, 0x00, 0x00, 0x00, 0x00, 0x00, 0x00, 0x00, 0x00, 0x9A, 0x70, 0x00,
    0x00, 0x00, 0x00, 0x00, 0x00, 0x00, 0x00, 0xDF, 0xB0, 0x00, 0x00, 0x00, 0x00, 0x00, 0x00, 0x00,
    0x00, 0xDF, 0xB0, 0x00, 0x00, 0x00, 0x00, 0x00, 0x00, 0x00, 0x00, 0xDF, 0xB0, 0x00, 0x00, 0x00,
    0x00, 0x00, 0x00, 0x00, 0x00, 0xDF, 0xB0, 0x00, 0x00, 0x00, 0x00, 0x00, 0x00, 0x00, 0x00, 0xDF,
    0xB0, 0x00, 0x00, 0x00, 0x00, 0x00, 0x34, 0x44, 0x44, 0xEF, 0xC4, 0x44, 0x44, 0x20, 0x00, 0x00,
    0x9F, 0xFF, 0xFF, 0xFF, 0xFF, 0xFF, 0xFF, 0x70, 0x00, 0x00, 0x9F, 0xFF, 0xFF, 0xFF, 0xFF, 0xFF,
    0xFF, 0x70, 0x00, 0x00, 0x69, 0x99, 0x99, 0xEF, 0xD9, 0x99, 0x99, 0x40, 0x00, 0x00, 0x00, 0x00,
    0x00, 0xDF, 0xB0, 0x00, 0x00, 0x00, 0x00, 0x00, 0x00, 0x00, 0x00, 0xDF, 0xB0, 0x00, 0x00, 0x00,
    0x00, 0x00, 0x00, 0x00, 0x00, 0xDF, 0xB0, 0x00, 0x00, 0x00, 0x00, 0x00, 0x00, 0x00, 0x00, 0xDF,
    0xB0, 0x00, 0x00, 0x00, 0x00, 0x00, 0x00, 0x00, 0x00, 0xDF, 0xB0, 0x00, 0x00, 0x00, 0x00, 0x00,
    0x00, 0x00, 0x00, 0xDF, 0xB0, 0x00, 0x00, 0x00, 0x00, 0x00, 0x8B, 0xBB, 0x30, 0x00, 0x00, 0xBF,
    0xFF, 0x40, 0x00, 0x00, 0xBF, 0xFF, 0x40, 0x00, 0x00, 0xBF, 0xFF, 0x40, 0x00, 0x00, 0xCF, 0xFE,
    0x10, 0x00, 0x01, 0xFF, 0xF5, 0x00, 0x00, 0x05, 0xFF, 0xB0, 0x00, 0x00, 0x08, 0xFF, 0x30, 0x00,
    0x00, 0x06, 0x86, 0x00, 0x00, 0x00, 0x0B, 0xFF, 0xFF, 0xFF, 0x20, 0x0C, 0xFF, 0xFF, 0xFF, 0x20,
    0x0C, 0xFF, 0xFF, 0xFF, 0x20, 0x07, 0x99, 0x99, 0x99, 0x10, 0x00, 0x00, 0x00, 0x00, 0x00, 0x00,
    0x00, 0x00, 0x00, 0x00, 0x00, 0x00, 0x00, 0x00, 0x00, 0x00, 0x00, 0x00, 0x00, 0x00, 0x00, 0x00,
    0x00, 0x00, 0x00, 0x00, 0x8B, 0xBB, 0x30, 0x00, 0x00, 0xBF, 0xFF, 0x40, 0x00, 0x00, 0xBF, 0xFF,
    0x40, 0x00, 0x00, 0xBF, 0xFF, 0x40, 0x00, 0x00, 0xBF, 0xFF, 0x40, 0x00, 0x00, 0x00, 0x01, 0x33,
    0x10, 0x00, 0x00, 0x06, 0xFF, 0x10, 0x00, 0x00, 0x0B, 0xFB, 0x00, 0x00, 0x00, 0x0E, 0xF7, 0x00,
    0x00, 0x00, 0x4F, 0xF3, 0x00, 0x00, 0x00, 0x8F, 0xD0, 0x00, 0x00, 0x00, 0xDF, 0x90, 0x00, 0x00,
    0x02, 0xFF, 0x50, 0x00, 0x00, 0x06, 0xFF, 0x10, 0x00, 0x00, 0x0A, 0xFB, 0x00, 0x00, 0x00, 0x0E,
    0xF7, 0x00, 0x00, 0x00, 0x4F, 0xF3, 0x00, 0x00, 0x00, 0x8F, 0xE0, 0x00, 0x00, 0x00, 0xCF, 0x90,
    0x00, 0x00, 0x01, 0xFF, 0x50, 0x00, 0x00, 0x05, 0xFF, 0x10, 0x00, 0x00, 0x0A, 0xFC, 0x00, 0x00,
    0x00, 0x0E, 0xF7, 0x00, 0x00, 0x00, 0x3F, 0xF3, 0x00, 0x00, 0x00, 0x7F, 0xE0, 0x00, 0x00, 0x00,
    0xCF, 0xA0, 0x00, 0x00, 0x00, 0x45, 0x20, 0x00, 0x00, 0x00, 0x00, 0x00, 0x02, 0x68, 0x75, 0x10,
    0x00, 0x00, 0x00, 0x01, 0xAF, 0xFF, 0xFF, 0xE6, 0x00, 0x00, 0x00, 0x0C, 0xFF, 0xFF, 0xFF, 0xFF,
    0x70, 0x00, 0x00, 0x8F, 0xFF, 0xFB, 0xCF, 0xFF, 0xF2, 0x00, 0x01, 0xEF, 0xFF, 0x40, 0x09, 0xFF,
    0xFA, 0x00, 0x05, 0xFF, 0xFB, 0x00, 0x02, 0xFF, 0xFE, 0x10, 0x09, 0xFF, 0xF8, 0x00, 0x00, 0xDF,
    0xFF, 0x40, 0x0B, 0xFF, 0xF6, 0x00, 0x00, 0xBF, 0xFF, 0x60, 0x0D, 0xFF, 0xF5, 0x00, 0x00, 0xAF,
    0xFF, 0x80, 0x0E, 0xFF, 0xF5, 0x00, 0x00, 0xAF, 0xFF, 0x80, 0x0D, 0xFF, 0xF5, 0x00, 0x00, 0xAF,
    0xFF, 0x80, 0x0D, 0xFF, 0xF5, 0x00, 0x00, 0xAF, 0xFF, 0x70, 0x0B, 0xFF, 0xF6, 0x00, 0x00, 0xBF,
    0xFF, 0x60, 0x08, 0xFF, 0xF9, 0x00, 0x00, 0xEF, 0xFF, 0x30, 0x04, 0xFF, 0xFC, 0x00, 0x02, 0xFF,
    0xFE, 0x00, 0x00, 0xEF, 0xFF, 0x60, 0x1B, 0xFF, 0xF9, 0x00, 0x00, 0x6F, 0xFF, 0xFE, 0xEF, 0xFF,
    0xE1, 0x00, 0x00, 0x09, 0xFF, 0xFF, 0xFF, 0xFF, 0x40, 0x00, 0x00, 0x00, 0x7E, 0xFF, 0xFF, 0xC3,
    0x00, 0x00, 0x00, 0x00, 0x00, 0x35, 0x42, 0x00, 0x00, 0x00, 0x00, 0x00, 0x01, 0x33, 0x33, 0x10,
    0x00, 0x00, 0x00, 0x38, 0xCF, 0xFF, 0xFF, 0x60, 0x00, 0x00, 0x00, 0x7F, 0xFF, 0xFF, 0xFF, 0x60,
    0x00, 0x00, 0x00, 0x7F, 0xFF, 0xFF, 0xFF, 0x60, 0x00, 0x00, 0x00, 0x5A, 0x63, 0x9F, 0xFF, 0x60,
    0x00, 0x00, 0x00, 0x00, 0x00, 0x9F, 0xFF, 0x60, 0x00, 0x00, 0x00, 0x00, 0x00, 0x9F, 0xFF, 0x60,
    0x00, 0x00, 0x00, 0x00, 0x00, 0x9F, 0xFF, 0x60, 0x00, 0x00, 0x00, 0x00, 0x00, 0x9F, 0xFF, 0x60,
    0x00, 0x00, 0x00, 0x00, 0x00, 0x9F, 0xFF, 0x60, 0x00, 0x00, 0x00, 0x00, 0x00, 0x9F, 0xFF, 0x60,
    0x00, 0x00, 0x00, 0x00, 0x00, 0x9F, 0xFF, 0x60, 0x00, 0x00, 0x00, 0x00, 0x00, 0x9F, 0xFF, 0x60,
    0x00, 0x00, 0x00, 0x00, 0x00, 0x9F, 0xFF, 0x60, 0x00, 0x00, 0x00, 0x00, 0x00, 0x9F, 0xFF, 0x60,
    0x00, 0x00, 0x00, 0x14, 0x44, 0xBF, 0xFF, 0x84, 0x44, 0x00, 0x00, 0x5F, 0xFF, 0xFF, 0xFF, 0xFF,
    0xFF, 0x20, 0x00, 0x5F, 0xFF, 0xFF, 0xFF, 0xFF, 0xFF, 0x20, 0x00, 0x5F, 0xFF, 0xFF, 0xFF, 0xFF,
    0xFF, 0x20, 0x00, 0x00, 0x36, 0x88, 0x75, 0x10, 0x00, 0x00, 0x01, 0xAE, 0xFF, 0xFF, 0xFF, 0xE6,
    0x00, 0x00, 0x03, 0xFF, 0xFF, 0xFF, 0xFF, 0xFF, 0x70, 0x00, 0x03, 0xFF, 0xFC, 0xAD, 0xFF, 0xFF,
    0xF2, 0x00, 0x03, 0xE8, 0x10, 0x00, 0x7F, 0xFF, 0xF6, 0x00, 0x01, 0x20, 0x00, 0x00, 0x0D, 0xFF,
    0xF8, 0x00, 0x00, 0x00, 0x00, 0x00, 0x0A, 0xFF, 0xF8, 0x00, 0x00, 0x00, 0x00, 0x00, 0x0D, 0xFF,
    0xF5, 0x00, 0x00, 0x00, 0x00, 0x00, 0x4F, 0xFF, 0xE0, 0x00, 0x00, 0x00, 0x00, 0x02, 0xEF, 0xFF,
    0x50, 0x00, 0x00, 0x00, 0x00, 0x3E, 0xFF, 0xF8, 0x00, 0x00, 0x00, 0x00, 0x03, 0xEF, 0xFF, 0x90,
    0x00, 0x00, 0x00, 0x00, 0x3E, 0xFF, 0xF9, 0x00, 0x00, 0x00, 0x00, 0x03, 0xEF, 0xFF, 0x90, 0x00,
    0x00, 0x00, 0x00, 0x3E, 0xFF, 0xF8, 0x00, 0x00, 0x00, 0x00, 0x02, 0xEF, 0xFF, 0xD7, 0x77, 0x77,
    0x75, 0x00, 0x03, 0xFF, 0xFF, 0xFF, 0xFF, 0xFF, 0xFB, 0x00, 0x03, 0xFF, 0xFF, 0xFF, 0xFF, 0xFF,
    0xFB, 0x00, 0x03, 0xFF, 0xFF, 0xFF, 0xFF, 0xFF, 0xFB, 0x00, 0x00, 0x01, 0x56, 0x88, 0x75, 0x10,
    0x00, 0x00, 0x00, 0xAF, 0xFF, 0xFF, 0xFF, 0xF9, 0x10, 0x00, 0x00, 0xCF, 0xFF, 0xFF, 0xFF, 0xFF,
    0xB0, 0x00, 0x00, 0xCF, 0xDB, 0xAC, 0xFF, 0xFF, 0xF3, 0x00, 0x00, 0x63, 0x00, 0x00, 0x5F, 0xFF,
    0xF6, 0x00, 0x00, 0x00, 0x00, 0x00, 0x0C, 0xFF, 0xF6, 0x00, 0x00, 0x00, 0x00, 0x00, 0x0D, 0xFF,
    0xF4, 0x00, 0x00, 0x00, 0x00, 0x01, 0x9F, 0xFF, 0xC0, 0x00, 0x00, 0x00, 0x9E, 0xEF, 0xFF, 0xFB,
    0x10, 0x00, 0x00, 0x00, 0xAF, 0xFF, 0xFF, 0xD6, 0x00, 0x00, 0x00, 0x00, 0xAF, 0xFF, 0xFF, 0xFF,
    0xA0, 0x00, 0x00, 0x00, 0x12, 0x35, 0xBF, 0xFF, 0xF5, 0x00, 0x00, 0x00, 0x00, 0x00, 0x0B, 0xFF,
    0xFA, 0x00, 0x00, 0x00, 0x00, 0x00, 0x07, 0xFF, 0xFC, 0x00, 0x00, 0x00, 0x00, 0x00, 0x09, 0xFF,
    0xFC, 0x00, 0x07, 0xA4, 0x10, 0x00, 0x6F, 0xFF, 0xF9, 0x00, 0x08, 0xFF, 0xFD, 0xDF, 0xFF, 0xFF,
    0xF3, 0x00, 0x08, 0xFF, 0xFF, 0xFF, 0xFF, 0xFF, 0x70, 0x00, 0x04, 0xBF, 0xFF, 0xFF, 0xFF, 0xB4,
    0x00, 0x00, 0x00, 0x00, 0x34, 0x55, 0x31, 0x00, 0x00, 0x00, 0x00, 0x00, 0x00, 0x02, 0x33, 0x33,
    0x10, 0x00, 0x00, 0x00, 0x00, 0x0D, 0xFF, 0xFF, 0x40, 0x00, 0x00, 0x00, 0x00, 0x7F, 0xFF, 0xFF,
    0x40, 0x00, 0x00, 0x00, 0x02, 0xEF, 0xFF, 0xFF, 0x40, 0x00, 0x00, 0x00, 0x0A, 0xFF, 0xEF, 0xFF,
    0x40, 0x00, 0x00, 0x00, 0x4F, 0xFB, 0xBF, 0xFF, 0x40, 0x00, 0x00, 0x00, 0xDF, 0xF3, 0xBF, 0xFF,
    0x40, 0x00, 0x00, 0x07, 0xFF, 0x80, 0xBF, 0xFF, 0x40, 0x00, 0x00, 0x2E, 0xFD, 0x10, 0xBF, 0xFF,
    0x40, 0x00, 0x00, 0xAF, 0xF5, 0x00, 0xBF, 0xFF, 0x40, 0x00, 0x04, 0xFF, 0xB0, 0x00, 0xBF, 0xFF,
    0x40, 0x00, 0x0D, 0xFF, 0x20, 0x00, 0xBF, 0xFF, 0x40, 0x00, 0x0F, 0xFE, 0xBB, 0xBB, 0xEF, 0xFF,
    0xCB, 0x70, 0x0F, 0xFF, 0xFF, 0xFF, 0xFF, 0xFF, 0xFF, 0x90, 0x0F, 0xFF, 0xFF, 0xFF, 0xFF, 0xFF,
    0xFF, 0x90, 0x0A, 0xAA, 0xAA, 0xAA, 0xEF, 0xFF, 0xBA, 0x60, 0x00, 0x00, 0x00, 0x00, 0xBF, 0xFF,
    0x40, 0x00, 0x00, 0x00, 0x00, 0x00, 0xBF, 0xFF, 0x40, 0x00, 0x00, 0x00, 0x00, 0x00, 0xBF, 0xFF,
    0x40, 0x00, 0x00, 0x23, 0x33, 0x33, 0x33, 0x33, 0x30, 0x00, 0x00, 0x9F, 0xFF, 0xFF, 0xFF, 0xFF,
    0xE0, 0x00, 0x00, 0x9F, 0xFF, 0xFF, 0xFF, 0xFF, 0xE0, 0x00, 0x00, 0x9F, 0xFF, 0xFF, 0xFF, 0xFF,
    0xE0, 0x00, 0x00, 0x9F, 0xFC, 0x44, 0x44, 0x44, 0x30, 0x00, 0x00, 0x9F, 0xFC, 0x00, 0x00, 0x00,
    0x00, 0x00, 0x00, 0x9F, 0xFC, 0x23, 0x31, 0x00, 0x00, 0x00, 0x00, 0x9F, 0xFF, 0xFF, 0xFF, 0xC4,
    0x00, 0x00, 0x00, 0x9F, 0xFF, 0xFF, 0xFF, 0xFF, 0x70, 0x00, 0x00, 0x9F, 0xFF, 0xFF, 0xFF, 0xFF,
    0xF3, 0x00, 0x00, 0x89, 0x41, 0x01, 0x8F, 0xFF, 0xFA, 0x00, 0x00, 0x00, 0x00, 0x00, 0x09, 0xFF,
    0xFE, 0x00, 0x00, 0x00, 0x00, 0x00, 0x04, 0xFF, 0xFF, 0x10, 0x00, 0x00, 0x00, 0x00, 0x03, 0xFF,
    0xFF, 0x10, 0x02, 0x20, 0x00, 0x00, 0x08, 0xFF, 0xFE, 0x00, 0x04, 0xF9, 0x30, 0x00, 0x6F, 0xFF,
    0xFA, 0x00, 0x04, 0xFF, 0xFE, 0xDF, 0xFF, 0xFF, 0xF3, 0x00, 0x04, 0xFF, 0xFF, 0xFF, 0xFF, 0xFF,
    0x60, 0x00, 0x01, 0x7C, 0xFF, 0xFF, 0xFF, 0xB4, 0x00, 0x00, 0x00, 0x00, 0x13, 0x55, 0x41, 0x00,
    0x00, 0x00, 0x00, 0x00, 0x00, 0x15, 0x77, 0x64, 0x00, 0x00, 0x00, 0x00, 0x1A, 0xFF, 0xFF, 0xFF,
    0xE4, 0x00, 0x00, 0x02, 0xDF, 0xFF, 0xFF, 0xFF, 0xF5, 0x00, 0x00, 0x0C, 0xFF, 0xFE, 0xA9, 0xAD,
    0xF5, 0x00, 0x00, 0x7F, 0xFF, 0xC2, 0x00, 0x00, 0x33, 0x00, 0x00, 0xDF, 0xFF, 0x20, 0x00, 0x00,
    0x00, 0x00, 0x03, 0xFF, 0xFB, 0x00, 0x00, 0x00, 0x00, 0x00, 0x06, 0xFF, 0xF8, 0x7D, 0xFF, 0xC6,
    0x00, 0x00, 0x08, 0xFF, 0xFF, 0xFF, 0xFF, 0xFF, 0xB0, 0x00, 0x09, 0xFF, 0xFF, 0xFF, 0xFF, 0xFF,
    0xF8, 0x00, 0x09, 0xFF, 0xFF, 0xC2, 0x18, 0xFF, 0xFF, 0x10, 0x08, 0xFF, 0xFF, 0x30, 0x00, 0xDF,
    0xFF, 0x50, 0x07, 0xFF, 0xFF, 0x00, 0x00, 0xBF, 0xFF, 0x60, 0x04, 0xFF, 0xFE, 0x00, 0x00, 0xAF,
    0xFF, 0x60, 0x01, 0xFF, 0xFF, 0x10, 0x00, 0xCF, 0xFF, 0x40, 0x00, 0xAF, 0xFF, 0x70, 0x03, 0xFF,
    0xFE, 0x10, 0x00, 0x2F, 0xFF, 0xFB, 0xAE, 0xFF, 0xF8, 0x00, 0x00, 0x06, 0xFF, 0xFF, 0xFF, 0xFF,
    0xB0, 0x00, 0x00, 0x00, 0x4D, 0xFF, 0xFF, 0xE8, 0x00, 0x00, 0x00, 0x00, 0x00, 0x25, 0x53, 0x00,
    0x00, 0x00, 0x02, 0x33, 0x33, 0x33, 0x33, 0x33, 0x33, 0x00, 0x08, 0xFF, 0xFF, 0xFF, 0xFF, 0xFF,
    0xFD, 0x00, 0x08, 0xFF, 0xFF, 0xFF, 0xFF, 0xFF, 0xFD, 0x00, 0x08, 0xFF, 0xFF, 0xFF, 0xFF, 0xFF,
    0xFC, 0x00, 0x02, 0x44, 0x44, 0x44, 0x4C, 0xFF, 0xF6, 0x00, 0x00, 0x00, 0x00, 0x00, 0x2F, 0xFF,
    0xE1, 0x00, 0x00, 0x00, 0x00, 0x00, 0x8F, 0xFF, 0x90, 0x00, 0x00, 0x00, 0x00, 0x00, 0xEF, 0xFF,
    0x30, 0x00, 0x00, 0x00, 0x00, 0x05, 0xFF, 0xFC, 0x00, 0x00, 0x00, 0x00, 0x00, 0x0B, 0xFF, 0xF6,
    0x00, 0x00, 0x00, 0x00, 0x00, 0x3F, 0xFF, 0xE0, 0x00, 0x00, 0x00, 0x00, 0x00, 0x9F, 0xFF, 0x80,
    0x00, 0x00, 0x00, 0x00, 0x01, 0xEF, 0xFF, 0x20, 0x00, 0x00, 0x00, 0x00, 0x06, 0xFF, 0xFB, 0x00,
    0x00, 0x00, 0x00, 0x00, 0x0C, 0xFF, 0xF5, 0x00, 0x00, 0x00, 0x00, 0x00, 0x3F, 0xFF, 0xD0, 0x00,
    0x00, 0x00, 0x00, 0x00, 0x9F, 0xFF, 0x70, 0x00, 0x00, 0x00, 0x00, 0x01, 0xFF, 0xFF, 0x20, 0x00,
    0x00, 0x00, 0x00, 0x07, 0xFF, 0xFA, 0x00, 0x00, 0x00, 0x00, 0x00, 0x00, 0x15, 0x78, 0x86, 0x30,
    0x00, 0x00, 0x00, 0x07, 0xEF, 0xFF, 0xFF, 0xFD, 0x30, 0x00, 0x00, 0x7F, 0xFF, 0xFF, 0xFF, 0xFF,
    0xE2, 0x00, 0x00, 0xEF, 0xFF, 0xC7, 0x8E, 0xFF, 0xF9, 0x00, 0x03, 0xFF, 0xFE, 0x10, 0x05, 0xFF,
    0xFD, 0x00, 0x03, 0xFF, 0xFC, 0x00, 0x02, 0xFF, 0xFD, 0x00, 0x01, 0xFF, 0xFD, 0x00, 0x04, 0xFF,
    0xFA, 0x00, 0x00, 0x9F, 0xFF, 0x82, 0x3C, 0xFF, 0xF4, 0x00, 0x00, 0x0A, 0xFF, 0xFF, 0xFF, 0xFE,
    0x60, 0x00, 0x00, 0x02, 0xBF, 0xFF, 0xFF, 0xF7, 0x10, 0x00, 0x00, 0x5F, 0xFF, 0xFE, 0xEF, 0xFF,
    0xC1, 0x00, 0x01, 0xEF, 0xFE, 0x30, 0x08, 0xFF, 0xFA, 0x00, 0x06, 0xFF, 0xF8, 0x00, 0x00, 0xEF,
    0xFF, 0x10, 0x09, 0xFF, 0xF6, 0x00, 0x00, 0xCF, 0xFF, 0x30, 0x09, 0xFF, 0xF7, 0x00, 0x00, 0xDF,
    0xFF, 0x30, 0x06, 0xFF, 0xFD, 0x10, 0x05, 0xFF, 0xFF, 0x10, 0x02, 0xFF, 0xFF, 0xEA, 0xBF, 0xFF,
    0xFB, 0x00, 0x00, 0x6F, 0xFF, 0xFF, 0xFF, 0xFF, 0xE2, 0x00, 0x00, 0x04, 0xCF, 0xFF, 0xFF, 0xFA,
    0x20, 0x00, 0x00, 0x00, 0x02, 0x45, 0x53, 0x10, 0x00, 0x00, 0x00, 0x00, 0x04, 0x78, 0x63, 0x00,
    0x00, 0x00, 0x00, 0x04, 0xDF, 0xFF, 0xFF, 0xC3, 0x00, 0x00, 0x00, 0x5F, 0xFF, 0xFF, 0xFF, 0xFE,
    0x30, 0x00, 0x01, 0xEF, 0xFF, 0xB7, 0xBF, 0xFF, 0xC0, 0x00, 0x07, 0xFF, 0xFB, 0x00, 0x0B, 0xFF,
    0xF5, 0x00, 0x0B, 0xFF, 0xF5, 0x00, 0x06, 0xFF, 0xFA, 0x00, 0x0C, 0xFF, 0xF4, 0x00, 0x05, 0xFF,
    0xFE, 0x00, 0x0C, 0xFF, 0xF5, 0x00, 0x06, 0xFF, 0xFF, 0x10, 0x0A, 0xFF, 0xF9, 0x00, 0x0A, 0xFF,
    0xFF, 0x20, 0x06, 0xFF, 0xFF, 0x74, 0x7F, 0xFF, 0xFF, 0x30, 0x00, 0xCF, 0xFF, 0xFF, 0xFF, 0xFF,
    0xFF, 0x20, 0x00, 0x2D, 0xFF, 0xFF, 0xFF, 0xEF, 0xFF, 0x20, 0x00, 0x01, 0x7B, 0xDC, 0x92, 0xEF,
    0xFE, 0x00, 0x00, 0x00, 0x00, 0x00, 0x03, 0xFF, 0xFB, 0x00, 0x00, 0x00, 0x00, 0x00, 0x09, 0xFF,
    0xF6, 0x00, 0x00, 0x74, 0x00, 0x00, 0x8F, 0xFF, 0xE1, 0x00, 0x00, 0xBF, 0xEB, 0xBE, 0xFF, 0xFF,
    0x50, 0x00, 0x00, 0xBF, 0xFF, 0xFF, 0xFF, 0xF7, 0x00, 0x00, 0x00, 0x8E, 0xFF, 0xFF, 0xFC, 0x40,
    0x00, 0x00, 0x00, 0x00, 0x34, 0x54, 0x20, 0x00, 0x00, 0x00, 0x00, 0x5A, 0xAA, 0x50, 0x00, 0x00,
    0x7F, 0xFF, 0x70, 0x00, 0x00, 0x7F, 0xFF, 0x70, 0x00, 0x00, 0x7F, 0xFF, 0x70, 0x00, 0x00, 0x7F,
    0xFF, 0x70, 0x00, 0x00, 0x01, 0x11, 0x00, 0x00, 0x00, 0x00, 0x00, 0x00, 0x00, 0x00, 0x00, 0x00,
    0x00, 0x00, 0x00, 0x00, 0x00, 0x00, 0x00, 0x00, 0x5B, 0xBB, 0x50, 0x00, 0x00, 0x7F, 0xFF, 0x70,
    0x00, 0x00, 0x7F, 0xFF, 0x70, 0x00, 0x00, 0x7F, 0xFF, 0x70, 0x00, 0x00, 0x7F, 0xFF, 0x70, 0x00,
    0x00, 0x5A, 0xAA, 0x50, 0x00, 0x00, 0x7F, 0xFF, 0x70, 0x00, 0x00, 0x7F, 0xFF, 0x70, 0x00, 0x00,
    0x7F, 0xFF, 0x70, 0x00, 0x00, 0x7F, 0xFF, 0x70, 0x00, 0x00, 0x01, 0x11, 0x00, 0x00, 0x00, 0x00,
    0x00, 0x00, 0x00, 0x00, 0x00, 0x00, 0x00, 0x00, 0x00, 0x00, 0x00, 0x00, 0x00, 0x00, 0x5B, 0xBB,
    0x50, 0x00, 0x00, 0x7F, 0xFF, 0x70, 0x00, 0x00, 0x7F, 0xFF, 0x70, 0x00, 0x00, 0x7F, 0xFF, 0x70,
    0x00, 0x00, 0x9F, 0xFF, 0x30, 0x00, 0x00, 0xDF, 0xF9, 0x00, 0x00, 0x01, 0xFF, 0xE1, 0x00, 0x00,
    0x05, 0xFF, 0x60, 0x00, 0x00, 0x04, 0x88, 0x00, 0x00, 0x00, 0x00, 0x00, 0x00, 0x00, 0x00, 0x00,
    0x00, 0x28, 0x60, 0x00, 0x00, 0x00, 0x00, 0x00, 0x00, 0x00, 0x5B, 0xFF, 0x70, 0x00, 0x00, 0x00,
    0x00, 0x00, 0x02, 0x8E, 0xFF, 0xFF, 0x70, 0x00, 0x00, 0x00, 0x00, 0x05, 0xBF, 0xFF, 0xFF, 0xD7,
    0x10, 0x00, 0x00, 0x00, 0x28, 0xEF, 0xFF, 0xFE, 0xA4, 0x00, 0x00, 0x00, 0x00, 0x4B, 0xFF, 0xFF,
    0xFC, 0x61, 0x00, 0x00, 0x00, 0x00, 0x00, 0x9F, 0xFF, 0xE8, 0x30, 0x00, 0x00, 0x00, 0x00, 0x00,
    0x00, 0x9F, 0xFF, 0x93, 0x00, 0x00, 0x00, 0x00, 0x00, 0x00, 0x00, 0x7F, 0xFF, 0xFF, 0xC7, 0x10,
    0x00, 0x00, 0x00, 0x00, 0x00, 0x01, 0x7D, 0xFF, 0xFF, 0xFA, 0x50, 0x00, 0x00, 0x00, 0x00, 0x00,
    0x00, 0x4A, 0xFF, 0xFF, 0xFE, 0x82, 0x00, 0x00, 0x00, 0x00, 0x00, 0x00, 0x17, 0xDF, 0xFF, 0xFF,
    0x60, 0x00, 0x00, 0x00, 0x00, 0x00, 0x00, 0x04, 0xAF, 0xFF, 0x70, 0x00, 0x00, 0x00, 0x00, 0x00,
    0x00, 0x00, 0x01, 0x7D, 0x70, 0x00, 0x00, 0x00, 0x00, 0x00, 0x00, 0x00, 0x00, 0x00, 0x10, 0x00,
    0x00, 0x01, 0x11, 0x11, 0x11, 0x11, 0x11, 0x11, 0x00, 0x00, 0x00, 0x9F, 0xFF, 0xFF, 0xFF, 0xFF,
    0xFF, 0xFF, 0x70, 0x00, 0x00, 0x9F, 0xFF, 0xFF, 0xFF, 0xFF, 0xFF, 0xFF, 0x70, 0x00, 0x00, 0x8C,
    0xCC, 0xCC, 0xCC, 0xCC, 0xCC, 0xCC, 0x60, 0x00, 0x00, 0x00, 0x00, 0x00, 0x00, 0x00, 0x00, 0x00,
    0x00, 0x00, 0x00, 0x00, 0x00, 0x00, 0x00, 0x00, 0x00, 0x00, 0x00, 0x00, 0x00, 0x58, 0x88, 0x88,
    0x88, 0x88, 0x88, 0x88, 0x40, 0x00, 0x00, 0x9F, 0xFF, 0xFF, 0xFF, 0xFF, 0xFF, 0xFF, 0x70, 0x00,
    0x00, 0x9F, 0xFF, 0xFF, 0xFF, 0xFF, 0xFF, 0xFF, 0x70, 0x00, 0x00, 0x46, 0x66, 0x66, 0x66, 0x66,
    0x66, 0x66, 0x30, 0x00, 0x00, 0x00, 0x00, 0x00, 0x00, 0x00, 0x00, 0x00, 0x00, 0x00, 0x00, 0x00,
    0x00, 0x00, 0x00, 0x00, 0x00, 0x00, 0x00, 0x00, 0x00, 0x00, 0x00, 0x00, 0x00, 0x00, 0x00, 0x00,
    0x00, 0x00, 0x00, 0x77, 0x10, 0x00, 0x00, 0x00, 0x00, 0x00, 0x00, 0x00, 0x00, 0x9F, 0xFA, 0x40,
    0x00, 0x00, 0x00, 0x00, 0x00, 0x00, 0x00, 0x9F, 0xFF, 0xFD, 0x71, 0x00, 0x00, 0x00, 0x00, 0x00,
    0x00, 0x28, 0xEF, 0xFF, 0xFF, 0xA4, 0x00, 0x00, 0x00, 0x00, 0x00, 0x00, 0x05, 0xBF, 0xFF, 0xFF,
    0xD7, 0x10, 0x00, 0x00, 0x00, 0x00, 0x00, 0x01, 0x7D, 0xFF, 0xFF, 0xFA, 0x30, 0x00, 0x00, 0x00,
    0x00, 0x00, 0x00, 0x39, 0xEF, 0xFF, 0x70, 0x00, 0x00, 0x00, 0x00, 0x00, 0x00, 0x04, 0xAF, 0xFF,
    0x70, 0x00, 0x00, 0x00, 0x00, 0x00, 0x28, 0xDF, 0xFF, 0xFE, 0x50, 0x00, 0x00, 0x00, 0x01, 0x5B,
    0xFF, 0xFF, 0xFC, 0x61, 0x00, 0x00, 0x00, 0x03, 0x9E, 0xFF, 0xFF, 0xE9, 0x30, 0x00, 0x00, 0x00,
    0x00, 0x9F, 0xFF, 0xFF, 0xC6, 0x10, 0x00, 0x00, 0x00, 0x00, 0x00, 0x9F, 0xFE, 0x93, 0x00, 0x00,
    0x00, 0x00, 0x00, 0x00, 0x00, 0x9C, 0x61, 0x00, 0x00, 0x00, 0x00, 0x00, 0x00, 0x00, 0x00, 0x10,
    0x00, 0x00, 0x00, 0x00, 0x00, 0x00, 0x00, 0x00, 0x00, 0x03, 0x67, 0x87, 0x30, 0x00, 0x00, 0x04,
    0xDF, 0xFF, 0xFF, 0xFC, 0x20, 0x00, 0x07, 0xFF, 0xFF, 0xFF, 0xFF, 0xD0, 0x00, 0x07, 0xFF, 0xCA,
    0xDF, 0xFF, 0xF5, 0x00, 0x07, 0xA3, 0x00, 0x0A, 0xFF, 0xF8, 0x00, 0x01, 0x00, 0x00, 0x06, 0xFF,
    0xF8, 0x00, 0x00, 0x00, 0x00, 0x0A, 0xFF, 0xF6, 0x00, 0x00, 0x00, 0x00, 0x5F, 0xFF, 0xE1, 0x00,
    0x00, 0x00, 0x04, 0xFF, 0xFF, 0x60, 0x00, 0x00, 0x00, 0x3E, 0xFF, 0xF8, 0x00, 0x00, 0x00, 0x00,
    0xCF, 0xFF, 0x90, 0x00, 0x00, 0x00, 0x01, 0xFF, 0xFE, 0x00, 0x00, 0x00, 0x00, 0x02, 0xDD, 0xDA,
    0x00, 0x00, 0x00, 0x00, 0x00, 0x00, 0x00, 0x00, 0x00, 0x00, 0x00, 0x01, 0x55, 0x54, 0x00, 0x00,
    0x00, 0x00, 0x03, 0xFF, 0xFC, 0x00, 0x00, 0x00, 0x00, 0x03, 0xFF, 0xFC, 0x00, 0x00, 0x00, 0x00,
    0x03, 0xFF, 0xFC, 0x00, 0x00, 0x00, 0x00, 0x03, 0xFF, 0xFC, 0x00, 0x00, 0x00, 0x00, 0x00, 0x00,
    0x00, 0x15, 0x78, 0x85, 0x10, 0x00, 0x00, 0x00, 0x00, 0x00, 0x00, 0x00, 0x2A, 0xFF, 0xFF, 0xFF,
    0xFA, 0x20, 0x00, 0x00, 0x00, 0x00, 0x00, 0x06, 0xFF, 0xFF, 0xCB, 0xCE, 0xFF, 0xE6, 0x00, 0x00,
    0x00, 0x00, 0x00, 0x8F, 0xFC, 0x50, 0x00, 0x00, 0x5D, 0xFF, 0x60, 0x00, 0x00, 0x00, 0x05, 0xFF,
    0x90, 0x00, 0x00, 0x00, 0x01, 0x9F, 0xF4, 0x00, 0x00, 0x00, 0x1E, 0xF9, 0x00, 0x00, 0x00, 0x00,
    0x00, 0x0B, 0xFC, 0x00, 0x00, 0x00, 0x7F, 0xD1, 0x00, 0x3C, 0xFE, 0x85, 0xCB, 0x01, 0xEF, 0x40,
    0x00, 0x00, 0xDF, 0x60, 0x03, 0xEF, 0xFF, 0xFC, 0xFE, 0x00, 0x9F, 0x90, 0x00, 0x02, 0xFF, 0x10,
    0x0C, 0xFF, 0x74, 0xBF, 0xFE, 0x00, 0x5F, 0xC0, 0x00, 0x05, 0xFB, 0x00, 0x2F, 0xF8, 0x00, 0x1E,
    0xFE, 0x00, 0x3F, 0xD0, 0x00, 0x07, 0xFA, 0x00, 0x5F, 0xF3, 0x00, 0x0A, 0xFE, 0x00, 0x3F, 0xD0,
    0x00, 0x07, 0xF9, 0x00, 0x6F, 0xF2, 0x00, 0x09, 0xFE, 0x00, 0x5F, 0xC0, 0x00, 0x06, 0xFA, 0x00,
    0x5F, 0xF4, 0x00, 0x0B, 0xFE, 0x00, 0xAF, 0x80, 0x00, 0x05, 0xFC, 0x00, 0x2F, 0xF9, 0x00, 0x1F,
    0xFE, 0x04, 0xFF, 0x30, 0x00, 0x01, 0xFF, 0x10, 0x0B, 0xFF, 0x96, 0xDF, 0xFE, 0x8E, 0xF9, 0x00,
    0x00, 0x00, 0xCF, 0x70, 0x02, 0xEF, 0xFF, 0xFC, 0xFF, 0xFF, 0xA0, 0x00, 0x00, 0x00, 0x6F, 0xE1,
    0x00, 0x2A, 0xDD, 0x75, 0xED, 0x94, 0x00, 0x00, 0x00, 0x00, 0x0D, 0xFB, 0x00, 0x00, 0x00, 0x00,
    0x00, 0x00, 0x00, 0x00, 0x00, 0x00, 0x03, 0xFF, 0xB2, 0x00, 0x00, 0x00, 0x04, 0xB0, 0x00, 0x00,
    0x00, 0x00, 0x00, 0x5F, 0xFE, 0x83, 0x10, 0x15, 0xBF, 0xF7, 0x00, 0x00, 0x00, 0x00, 0x00, 0x04,
    0xDF, 0xFF, 0xFF, 0xFF, 0xFF, 0xB2, 0x00, 0x00, 0x00, 0x00, 0x00, 0x00, 0x17, 0xDF, 0xFF, 0xFF,
    0xB5, 0x00, 0x00, 0x00, 0x00, 0x00, 0x00, 0x00, 0x00, 0x02, 0x45, 0x41, 0x00, 0x00, 0x00, 0x00,
    0x00, 0x00, 0x00, 0x00, 0x33, 0x33, 0x31, 0x00, 0x00, 0x00, 0x00, 0x00, 0x01, 0xFF, 0xFF, 0xF7,
    0x00, 0x00, 0x00, 0x00, 0x00, 0x06, 0xFF, 0xFF, 0xFC, 0x00, 0x00, 0x00, 0x00, 0x00, 0x0B, 0xFF,
    0xFF, 0xFF, 0x20, 0x00, 0x00, 0x00, 0x00, 0x1F, 0xFF, 0xFF, 0xFF, 0x70, 0x00, 0x00, 0x00, 0x00,
    0x6F, 0xFF, 0xBF, 0xFF, 0xC0, 0x00, 0x00, 0x00, 0x00, 0xBF, 0xFF, 0x4D, 0xFF, 0xF2, 0x00, 0x00,
    0x00, 0x01, 0xFF, 0xFE, 0x08, 0xFF, 0xF7, 0x00, 0x00, 0x00, 0x06, 0xFF, 0xFA, 0x03, 0xFF, 0xFC,
    0x00, 0x00, 0x00, 0x0B, 0xFF, 0xF5, 0x00, 0xEF, 0xFF, 0x20, 0x00, 0x00, 0x1F, 0xFF, 0xF1, 0x00,
    0x9F, 0xFF, 0x70, 0x00, 0x00, 0x6F, 0xFF, 0xB0, 0x00, 0x4F, 0xFF, 0xC0, 0x00, 0x00, 0xBF, 0xFF,
    0xDB, 0xBB, 0xBF, 0xFF, 0xF2, 0x00, 0x01, 0xFF, 0xFF, 0xFF, 0xFF, 0xFF, 0xFF, 0xF7, 0x00, 0x06,
    0xFF, 0xFF, 0xFF, 0xFF, 0xFF, 0xFF, 0xFC, 0x00, 0x0B, 0xFF, 0xFC, 0xAA, 0xAA, 0xAA, 0xFF, 0xFF,
    0x20, 0x1F, 0xFF, 0xF2, 0x00, 0x00, 0x00, 0xBF, 0xFF, 0x70, 0x6F, 0xFF, 0xC0, 0x00, 0x00, 0x00,
    0x6F, 0xFF, 0xC0, 0xBF, 0xFF, 0x80, 0x00, 0x00, 0x00, 0x2F, 0xFF, 0xF2, 0x00, 0x33, 0x33, 0x33,
    0x32, 0x10, 0x00, 0x00, 0x00, 0x00, 0xEF, 0xFF, 0xFF, 0xFF, 0xFD, 0x81, 0x00, 0x00, 0x00, 0xEF,
    0xFF, 0xFF, 0xFF, 0xFF, 0xFD, 0x10, 0x00, 0x00, 0xEF, 0xFF, 0xFF, 0xFF, 0xFF, 0xFF, 0x80, 0x00,
    0x00, 0xEF, 0xFF, 0x40, 0x02, 0xCF, 0xFF, 0xC0, 0x00, 0x00, 0xEF, 0xFF, 0x40, 0x00, 0x6F, 0xFF,
    0xD0, 0x00, 0x00, 0xEF, 0xFF, 0x40, 0x00, 0x7F, 0xFF, 0xC0, 0x00, 0x00, 0xEF, 0xFF, 0x63, 0x35,
    0xEF, 0xFF, 0x70, 0x00, 0x00, 0xEF, 0xFF, 0xFF, 0xFF, 0xFF, 0xFB, 0x00, 0x00, 0x00, 0xEF, 0xFF,
    0xFF, 0xFF, 0xFF, 0xE5, 0x00, 0x00, 0x00, 0xEF, 0xFF, 0xFF, 0xFF, 0xFF, 0xFF, 0x70, 0x00, 0x00,
    0xEF, 0xFF, 0x50, 0x02, 0x8F, 0xFF, 0xF1, 0x00, 0x00, 0xEF, 0xFF, 0x40, 0x00, 0x0C, 0xFF, 0xF6,
    0x00, 0x00, 0xEF, 0xFF, 0x40, 0x00, 0x0A, 0xFF, 0xF8, 0x00, 0x00, 0xEF, 0xFF, 0x40, 0x00, 0x0D,
    0xFF, 0xF8, 0x00, 0x00, 0xEF, 0xFF, 0x73, 0x34, 0xBF, 0xFF, 0xF5, 0x00, 0x00, 0xEF, 0xFF, 0xFF,
    0xFF, 0xFF, 0xFF, 0xD1, 0x00, 0x00, 0xEF, 0xFF, 0xFF, 0xFF, 0xFF, 0xFE, 0x30, 0x00, 0x00, 0xEF,
    0xFF, 0xFF, 0xFF, 0xEB, 0x71, 0x00, 0x00, 0x00, 0x00, 0x00, 0x04, 0x78, 0x87, 0x40, 0x00, 0x00,
    0x00, 0x00, 0x17, 0xEF, 0xFF, 0xFF, 0xFE, 0x70, 0x00, 0x00, 0x02, 0xCF, 0xFF, 0xFF, 0xFF, 0xFF,
    0xF1, 0x00, 0x00, 0x1D, 0xFF, 0xFF, 0xFE, 0xDE, 0xFF, 0xF1, 0x00, 0x00, 0x9F, 0xFF, 0xFC, 0x30,
    0x00, 0x39, 0xF1, 0x00, 0x01, 0xFF, 0xFF, 0xC0, 0x00, 0x00, 0x00, 0x31, 0x00, 0x06, 0xFF, 0xFF,
    0x30, 0x00, 0x00, 0x00, 0x00, 0x00, 0x0A, 0xFF, 0xFC, 0x00, 0x00, 0x00, 0x00, 0x00, 0x00, 0x0C,
    0xFF, 0xF9, 0x00, 0x00, 0x00, 0x00, 0x00, 0x00, 0x0D, 0xFF, 0xF8, 0x00, 0x00, 0x00, 0x00, 0x00,
    0x00, 0x0D, 0xFF, 0xF8, 0x00, 0x00, 0x00, 0x00, 0x00, 0x00, 0x0B, 0xFF, 0xFA, 0x00, 0x00, 0x00,
    0x00, 0x00, 0x00, 0x09, 0xFF, 0xFD, 0x00, 0x00, 0x00, 0x00, 0x00, 0x00, 0x05, 0xFF, 0xFF, 0x40,
    0x00, 0x00, 0x00, 0x00, 0x00, 0x01, 0xEF, 0xFF, 0xD1, 0x00, 0x00, 0x00, 0x61, 0x00, 0x00, 0x7F,
    0xFF, 0xFD, 0x62, 0x12, 0x6C, 0xF1, 0x00, 0x00, 0x0B, 0xFF, 0xFF, 0xFF, 0xFF, 0xFF, 0xF1, 0x00,
    0x00, 0x00, 0xAF, 0xFF, 0xFF, 0xFF, 0xFF, 0xF1, 0x00, 0x00, 0x00, 0x04, 0xBF, 0xFF, 0xFF, 0xFB,
    0x40, 0x00, 0x00, 0x00, 0x00, 0x01, 0x45, 0x54, 0x10, 0x00, 0x00, 0x00, 0x33, 0x33, 0x33, 0x21,
    0x00, 0x00, 0x00, 0x00, 0x00, 0x00, 0xEF, 0xFF, 0xFF, 0xFF, 0xEC, 0x71, 0x00, 0x00, 0x00, 0x00,
    0xEF, 0xFF, 0xFF, 0xFF, 0xFF, 0xFE, 0x40, 0x00, 0x00, 0x00, 0xEF, 0xFF, 0xFF, 0xFF, 0xFF, 0xFF,
    0xF5, 0x00, 0x00, 0x00, 0xEF, 0xFF, 0x85, 0x68, 0xDF, 0xFF, 0xFE, 0x20, 0x00, 0x00, 0xEF, 0xFF,
    0x40, 0x00, 0x08, 0xFF, 0xFF, 0x90, 0x00, 0x00, 0xEF, 0xFF, 0x40, 0x00, 0x00, 0xAF, 0xFF, 0xF0,
    0x00, 0x00, 0xEF, 0xFF, 0x40, 0x00, 0x00, 0x3F, 0xFF, 0xF4, 0x00, 0x00, 0xEF, 0xFF, 0x40, 0x00,
    0x00, 0x0F, 0xFF, 0xF6, 0x00, 0x00, 0xEF, 0xFF, 0x40, 0x00, 0x00, 0x0D, 0xFF, 0xF7, 0x00, 0x00,
    0xEF, 0xFF, 0x40, 0x00, 0x00, 0x0E, 0xFF, 0xF7, 0x00, 0x00, 0xEF, 0xFF, 0x40, 0x00, 0x00, 0x1F,
    0xFF, 0xF6, 0x00, 0x00, 0xEF, 0xFF, 0x40, 0x00, 0x00, 0x5F, 0xFF, 0xF3, 0x00, 0x00, 0xEF, 0xFF,
    0x40, 0x00, 0x00, 0xCF, 0xFF, 0xE0, 0x00, 0x00, 0xEF, 0xFF, 0x40, 0x00, 0x2B, 0xFF, 0xFF, 0x70,
    0x00, 0x00, 0xEF, 0xFF, 0xA8, 0x9B, 0xFF, 0xFF, 0xFD, 0x10, 0x00, 0x00, 0xEF, 0xFF, 0xFF, 0xFF,
    0xFF, 0xFF, 0xD3, 0x00, 0x00, 0x00, 0xEF, 0xFF, 0xFF, 0xFF, 0xFF, 0xFB, 0x20, 0x00, 0x00, 0x00,
    0xEF, 0xFF, 0xFF, 0xED, 0xB8, 0x30, 0x00, 0x00, 0x00, 0x00, 0x33, 0x33, 0x33, 0x33, 0x33, 0x32,
    0x00, 0x00, 0xEF, 0xFF, 0xFF, 0xFF, 0xFF, 0xF7, 0x00, 0x00, 0xEF, 0xFF, 0xFF, 0xFF, 0xFF, 0xF7,
    0x00, 0x00, 0xEF, 0xFF, 0xFF, 0xFF, 0xFF, 0xF7, 0x00, 0x00, 0xEF, 0xFF, 0x85, 0x55, 0x55, 0x52,
    0x00, 0x00, 0xEF, 0xFF, 0x40, 0x00, 0x00, 0x00, 0x00, 0x00, 0xEF, 0xFF, 0x40, 0x00, 0x00, 0x00,
    0x00, 0x00, 0xEF, 0xFF, 0x74, 0x44, 0x44, 0x40, 0x00, 0x00, 0xEF, 0xFF, 0xFF, 0xFF, 0xFF, 0xF1,
    0x00, 0x00, 0xEF, 0xFF, 0xFF, 0xFF, 0xFF, 0xF1, 0x00, 0x00, 0xEF, 0xFF, 0xFF, 0xFF, 0xFF, 0xF1,
    0x00, 0x00, 0xEF, 0xFF, 0x74, 0x44, 0x44, 0x40, 0x00, 0x00, 0xEF, 0xFF, 0x40, 0x00, 0x00, 0x00,
    0x00, 0x00, 0xEF, 0xFF, 0x40, 0x00, 0x00, 0x00, 0x00, 0x00, 0xEF, 0xFF, 0x40, 0x00, 0x00, 0x00,
    0x00, 0x00, 0xEF, 0xFF, 0xA8, 0x88, 0x88, 0x86, 0x00, 0x00, 0xEF, 0xFF, 0xFF, 0xFF, 0xFF, 0xFB,
    0x00, 0x00, 0xEF, 0xFF, 0xFF, 0xFF, 0xFF, 0xFB, 0x00, 0x00, 0xEF, 0xFF, 0xFF, 0xFF, 0xFF, 0xFB,
    0x00, 0x00, 0x33, 0x33, 0x33, 0x33, 0x33, 0x32, 0x00, 0x00, 0xEF, 0xFF, 0xFF, 0xFF, 0xFF, 0xF7,
    0x00, 0x00, 0xEF, 0xFF, 0xFF, 0xFF, 0xFF, 0xF7, 0x00, 0x00, 0xEF, 0xFF, 0xFF, 0xFF, 0xFF, 0xF7,
    0x00, 0x00, 0xEF, 0xFF, 0x85, 0x55, 0x55, 0x52, 0x00, 0x00, 0xEF, 0xFF, 0x40, 0x00, 0x00, 0x00,
    0x00, 0x00, 0xEF, 0xFF, 0x40, 0x00, 0x00, 0x00, 0x00, 0x00, 0xEF, 0xFF, 0x74, 0x44, 0x44, 0x40,
    0x00, 0x00, 0xEF, 0xFF, 0xFF, 0xFF, 0xFF, 0xF1, 0x00, 0x00, 0xEF, 0xFF, 0xFF, 0xFF, 0xFF, 0xF1,
    0x00, 0x00, 0xEF, 0xFF, 0xFF, 0xFF, 0xFF, 0xF1, 0x00, 0x00, 0xEF, 0xFF, 0x74, 0x44, 0x44, 0x40,
    0x00, 0x00, 0xEF, 0xFF, 0x40, 0x00, 0x00, 0x00, 0x00, 0x00, 0xEF, 0xFF, 0x40, 0x00, 0x00, 0x00,
    0x00, 0x00, 0xEF, 0xFF, 0x40, 0x00, 0x00, 0x00, 0x00, 0x00, 0xEF, 0xFF, 0x40, 0x00, 0x00, 0x00,
    0x00, 0x00, 0xEF, 0xFF, 0x40, 0x00, 0x00, 0x00, 0x00, 0x00, 0xEF, 0xFF, 0x40, 0x00, 0x00, 0x00,
    0x00, 0x00, 0xEF, 0xFF, 0x40, 0x00, 0x00, 0x00, 0x00, 0x00, 0x00, 0x00, 0x03, 0x68, 0x87, 0x53,
    0x00, 0x00, 0x00, 0x00, 0x07, 0xEF, 0xFF, 0xFF, 0xFF, 0xD8, 0x10, 0x00, 0x01, 0xCF, 0xFF, 0xFF,
    0xFF, 0xFF, 0xFF, 0x30, 0x00, 0x1C, 0xFF, 0xFF, 0xFE, 0xDE, 0xFF, 0xFF, 0x30, 0x00, 0x8F, 0xFF,
    0xFC, 0x40, 0x00, 0x15, 0xAF, 0x30, 0x01, 0xEF, 0xFF, 0xC1, 0x00, 0x00, 0x00, 0x03, 0x20, 0x06,
    0xFF, 0xFF, 0x30, 0x00, 0x00, 0x00, 0x00, 0x00, 0x0A, 0xFF, 0xFC, 0x00, 0x00, 0x00, 0x00, 0x00,
    0x00, 0x0C, 0xFF, 0xF9, 0x00, 0x00, 0x12, 0x22, 0x22, 0x20, 0x0D, 0xFF, 0xF8, 0x00, 0x00, 0xCF,
    0xFF, 0xFF, 0xC0, 0x0D, 0xFF, 0xF8, 0x00, 0x00, 0xCF, 0xFF, 0xFF, 0xC0, 0x0B, 0xFF, 0xFA, 0x00,
    0x00, 0xCF, 0xFF, 0xFF, 0xC0, 0x09, 0xFF, 0xFD, 0x00, 0x00, 0x00, 0x3F, 0xFF, 0xC0, 0x05, 0xFF,
    0xFF, 0x40, 0x00, 0x00, 0x3F, 0xFF, 0xC0, 0x01, 0xEF, 0xFF, 0xD2, 0x00, 0x00, 0x3F, 0xFF, 0xC0,
    0x00, 0x7F, 0xFF, 0xFE, 0x72, 0x12, 0x7F, 0xFF, 0xC0, 0x00, 0x0B, 0xFF, 0xFF, 0xFF, 0xFF, 0xFF,
    0xFF, 0xC0, 0x00, 0x00, 0xAF, 0xFF, 0xFF, 0xFF, 0xFF, 0xFF, 0xA0, 0x00, 0x00, 0x04, 0xBF, 0xFF,
    0xFF, 0xFE, 0x94, 0x00, 0x00, 0x00, 0x00, 0x01, 0x45, 0x54, 0x20, 0x00, 0x00, 0x00, 0x33, 0x33,
    0x10, 0x00, 0x00, 0x23, 0x33, 0x20, 0x00, 0x00, 0xEF, 0xFF, 0x40, 0x00, 0x00, 0x7F, 0xFF, 0xC0,
    0x00, 0x00, 0xEF, 0xFF, 0x40, 0x00, 0x00, 0x7F, 0xFF, 0xC0, 0x00, 0x00, 0xEF, 0xFF, 0x40, 0x00,
    0x00, 0x7F, 0xFF, 0xC0, 0x00, 0x00, 0xEF, 0xFF, 0x40, 0x00, 0x00, 0x7F, 0xFF, 0xC0, 0x00, 0x00,
    0xEF, 0xFF, 0x40, 0x00, 0x00, 0x7F, 0xFF, 0xC0, 0x00, 0x00, 0xEF, 0xFF, 0x40, 0x00, 0x00, 0x7F,
    0xFF, 0xC0, 0x00, 0x00, 0xEF, 0xFF, 0x74, 0x44, 0x44, 0x9F, 0xFF, 0xC0, 0x00, 0x00, 0xEF, 0xFF,
    0xFF, 0xFF, 0xFF, 0xFF, 0xFF, 0xC0, 0x00, 0x00, 0xEF, 0xFF, 0xFF, 0xFF, 0xFF, 0xFF, 0xFF, 0xC0,
    0x00, 0x00, 0xEF, 0xFF, 0xFF, 0xFF, 0xFF, 0xFF, 0xFF, 0xC0, 0x00, 0x00, 0xEF, 0xFF, 0x74, 0x44,
    0x44, 0x9F, 0xFF, 0xC0, 0x00, 0x00, 0xEF, 0xFF, 0x40, 0x00, 0x00, 0x7F, 0xFF, 0xC0, 0x00, 0x00,
    0xEF, 0xFF, 0x40, 0x00, 0x00, 0x7F, 0xFF, 0xC0, 0x00, 0x00, 0xEF, 0xFF, 0x40, 0x00, 0x00, 0x7F,
    0xFF, 0xC0, 0x00, 0x00, 0xEF, 0xFF, 0x40, 0x00, 0x00, 0x7F, 0xFF, 0xC0, 0x00, 0x00, 0xEF, 0xFF,
    0x40, 0x00, 0x00, 0x7F, 0xFF, 0xC0, 0x00, 0x00, 0xEF, 0xFF, 0x40, 0x00, 0x00, 0x7F, 0xFF, 0xC0,
    0x00, 0x00, 0xEF, 0xFF, 0x40, 0x00, 0x00, 0x7F, 0xFF, 0xC0, 0x00, 0x00, 0x33, 0x33, 0x10, 0x00,
    0xEF, 0xFF, 0x40, 0x00, 0xEF, 0xFF, 0x40, 0x00, 0xEF, 0xFF, 0x40, 0x00, 0xEF, 0xFF, 0x40, 0x00,
    0xEF, 0xFF, 0x40, 0x00, 0xEF, 0xFF, 0x40, 0x00, 0xEF, 0xFF, 0x40, 0x00, 0xEF, 0xFF, 0x40, 0x00,
    0xEF, 0xFF, 0x40, 0x00, 0xEF, 0xFF, 0x40, 0x00, 0xEF, 0xFF, 0x40, 0x00, 0xEF, 0xFF, 0x40, 0x00,
    0xEF, 0xFF, 0x40, 0x00, 0xEF, 0xFF, 0x40, 0x00, 0xEF, 0xFF, 0x40, 0x00, 0xEF, 0xFF, 0x40, 0x00,
    0xEF, 0xFF, 0x40, 0x00, 0xEF, 0xFF, 0x40, 0x00, 0x00, 0x33, 0x33, 0x10, 0x00, 0x00, 0xEF, 0xFF,
    0x50, 0x00, 0x00, 0xEF, 0xFF, 0x50, 0x00, 0x00, 0xEF, 0xFF, 0x50, 0x00, 0x00, 0xEF, 0xFF, 0x50,
    0x00, 0x00, 0xEF, 0xFF, 0x50, 0x00, 0x00, 0xEF, 0xFF, 0x50, 0x00, 0x00, 0xEF, 0xFF, 0x50, 0x00,
    0x00, 0xEF, 0xFF, 0x50, 0x00, 0x00, 0xEF, 0xFF, 0x50, 0x00, 0x00, 0xEF, 0xFF, 0x50, 0x00, 0x00,
    0xEF, 0xFF, 0x50, 0x00, 0x00, 0xEF, 0xFF, 0x50, 0x00, 0x00, 0xEF, 0xFF, 0x50, 0x00, 0x00, 0xEF,
    0xFF, 0x50, 0x00, 0x00, 0xEF, 0xFF, 0x50, 0x00, 0x00, 0xEF, 0xFF, 0x50, 0x00, 0x00, 0xEF, 0xFF,
    0x40, 0x00, 0x02, 0xFF, 0xFF, 0x30, 0x00, 0x09, 0xFF, 0xFF, 0x10, 0x29, 0xCF, 0xFF, 0xFB, 0x00,
    0x4F, 0xFF, 0xFF, 0xF4, 0x00, 0x4F, 0xFF, 0xFF, 0x60, 0x00, 0x4F, 0xEC, 0x92, 0x00, 0x00, 0x00,
    0x33, 0x33, 0x10, 0x00, 0x00, 0x23, 0x33, 0x31, 0x00, 0x00, 0xEF, 0xFF, 0x40, 0x00, 0x04, 0xFF,
    0xFF, 0xA0, 0x00, 0x00, 0xEF, 0xFF, 0x40, 0x00, 0x3E, 0xFF, 0xFB, 0x00, 0x00, 0x00, 0xEF, 0xFF,
    0x40, 0x03, 0xEF, 0xFF, 0xC1, 0x00, 0x00, 0x00, 0xEF, 0xFF, 0x40, 0x2D, 0xFF, 0xFC, 0x10, 0x00,
    0x00, 0x00, 0xEF, 0xFF, 0x41, 0xDF, 0xFF, 0xD2, 0x00, 0x00, 0x00, 0x00, 0xEF, 0xFF, 0x5C, 0xFF,
    0xFE, 0x20, 0x00, 0x00, 0x00, 0x00, 0xEF, 0xFF, 0xEF, 0xFF, 0xE3, 0x00, 0x00, 0x00, 0x00, 0x00,
    0xEF, 0xFF, 0xFF, 0xFF, 0x40, 0x00, 0x00, 0x00, 0x00, 0x00, 0xEF, 0xFF, 0xFF, 0xFA, 0x00, 0x00,
    0x00, 0x00, 0x00, 0x00, 0xEF, 0xFF, 0xFF, 0xFF, 0x60, 0x00, 0x00, 0x00, 0x00, 0x00, 0xEF, 0xFF,
    0xFF, 0xFF, 0xF5, 0x00, 0x00, 0x00, 0x00, 0x00, 0xEF, 0xFF, 0x7E, 0xFF, 0xFF, 0x40, 0x00, 0x00,
    0x00, 0x00, 0xEF, 0xFF, 0x43, 0xEF, 0xFF, 0xE3, 0x00, 0x00, 0x00, 0x00, 0xEF, 0xFF, 0x40, 0x4F,
    0xFF, 0xFE, 0x20, 0x00, 0x00, 0x00, 0xEF, 0xFF, 0x40, 0x06, 0xFF, 0xFF, 0xD1, 0x00, 0x00, 0x00,
    0xEF, 0xFF, 0x40, 0x00, 0x7F, 0xFF, 0xFC, 0x10, 0x00, 0x00, 0xEF, 0xFF, 0x40, 0x00, 0x08, 0xFF,
    0xFF, 0xB0, 0x00, 0x00, 0xEF, 0xFF, 0x40, 0x00, 0x00, 0xAF, 0xFF, 0xFA, 0x00, 0x00, 0x33, 0x33,
    0x10, 0x00, 0x00, 0x00, 0x00, 0xEF, 0xFF, 0x40, 0x00, 0x00, 0x00, 0x00, 0xEF, 0xFF, 0x40, 0x00,
    0x00, 0x00, 0x00, 0xEF, 0xFF, 0x40, 0x00, 0x00, 0x00, 0x00, 0xEF, 0xFF, 0x40, 0x00, 0x00, 0x00,
    0x00, 0xEF, 0xFF, 0x40, 0x00, 0x00, 0x00, 0x00, 0xEF, 0xFF, 0x40, 0x00, 0x00, 0x00, 0x00, 0xEF,
    0xFF, 0x40, 0x00, 0x00, 0x00, 0x00, 0xEF, 0xFF, 0x40, 0x00, 0x00, 0x00, 0x00, 0xEF, 0xFF, 0x40,
    0x00, 0x00, 0x00, 0x00, 0xEF, 0xFF, 0x40, 0x00, 0x00, 0x00, 0x00, 0xEF, 0xFF, 0x40, 0x00, 0x00,
    0x00, 0x00, 0xEF, 0xFF, 0x40, 0x00, 0x00, 0x00, 0x00, 0xEF, 0xFF, 0x40, 0x00, 0x00, 0x00, 0x00,
    0xEF, 0xFF, 0x40, 0x00, 0x00, 0x00, 0x00, 0xEF, 0xFF, 0xA8, 0x88, 0x88, 0x86, 0x00, 0xEF, 0xFF,
    0xFF, 0xFF, 0xFF, 0xFB, 0x00, 0xEF, 0xFF, 0xFF, 0xFF, 0xFF, 0xFB, 0x00, 0xEF, 0xFF, 0xFF, 0xFF,
    0xFF, 0xFB, 0x00, 0x33, 0x33, 0x32, 0x00, 0x00, 0x00, 0x03, 0x33, 0x33, 0x10, 0x00, 0xEF, 0xFF,
    0xFB, 0x00, 0x00, 0x00, 0x5F, 0xFF, 0xFF, 0x50, 0x00, 0xEF, 0xFF, 0xFF, 0x20, 0x00, 0x00, 0xBF,
    0xFF, 0xFF, 0x50, 0x00, 0xEF, 0xFF, 0xFF, 0x70, 0x00, 0x02, 0xFF, 0xFF, 0xFF, 0x50, 0x00, 0xEF,
    0xFF, 0xFF, 0xD0, 0x00, 0x07, 0xFF, 0xFF, 0xFF, 0x50, 0x00, 0xEF, 0xFF, 0xFF, 0xF4, 0x00, 0x0D,
    0xFF, 0xFF, 0xFF, 0x50, 0x00, 0xEF, 0xFF, 0xAF, 0xFA, 0x00, 0x4F, 0xFE, 0xBF, 0xFF, 0x50, 0x00,
    0xEF, 0xFF, 0x5F, 0xFE, 0x10, 0xAF, 0xF9, 0xAF, 0xFF, 0x50, 0x00, 0xEF, 0xFF, 0x1D, 0xFF, 0x61,
    0xFF, 0xF3, 0xAF, 0xFF, 0x50, 0x00, 0xEF, 0xFF, 0x17, 0xFF, 0xC6, 0xFF, 0xD0, 0xAF, 0xFF, 0x50,
    0x00, 0xEF, 0xFF, 0x11, 0xFF, 0xFD, 0xFF, 0x70, 0xAF, 0xFF, 0x50, 0x00, 0xEF, 0xFF, 0x10, 0xAF,
    0xFF, 0xFF, 0x10, 0xAF, 0xFF, 0x50, 0x00, 0xEF, 0xFF, 0x10, 0x5F, 0xFF, 0xFA, 0x00, 0xAF, 0xFF,
    0x50, 0x00, 0xEF, 0xFF, 0x10, 0x0E, 0xFF, 0xF4, 0x00, 0xAF, 0xFF, 0x50, 0x00, 0xEF, 0xFF, 0x10,
    0x08, 0xFF, 0xE0, 0x00, 0xAF, 0xFF, 0x50, 0x00, 0xEF, 0xFF, 0x10, 0x02, 0x88, 0x50, 0x00, 0xAF,
    0xFF, 0x50, 0x00, 0xEF, 0xFF, 0x10, 0x00, 0x00, 0x00, 0x00, 0xAF, 0xFF, 0x50, 0x00, 0xEF, 0xFF,
    0x10, 0x00, 0x00, 0x00, 0x00, 0xAF, 0xFF, 0x50, 0x00, 0xEF, 0xFF, 0x10, 0x00, 0x00, 0x00, 0x00,
    0xAF, 0xFF, 0x50, 0x00, 0x33, 0x33, 0x30, 0x00, 0x00, 0x13, 0x33, 0x20, 0x00, 0x00, 0xEF, 0xFF,
    0xF2, 0x00, 0x00, 0x4F, 0xFF, 0xC0, 0x00, 0x00, 0xEF, 0xFF, 0xF9, 0x00, 0x00, 0x4F, 0xFF, 0xC0,
    0x00, 0x00, 0xEF, 0xFF, 0xFF, 0x20, 0x00, 0x4F, 0xFF, 0xC0, 0x00, 0x00, 0xEF, 0xFF, 0xFF, 0x80,
    0x00, 0x4F, 0xFF, 0xC0, 0x00, 0x00, 0xEF, 0xFF, 0xFF, 0xE1, 0x00, 0x4F, 0xFF, 0xC0, 0x00, 0x00,
    0xEF, 0xFF, 0xEF, 0xF8, 0x00, 0x4F, 0xFF, 0xC0, 0x00, 0x00, 0xEF, 0xFF, 0x8F, 0xFE, 0x10, 0x4F,
    0xFF, 0xC0, 0x00, 0x00, 0xEF, 0xFF, 0x2E, 0xFF, 0x70, 0x4F, 0xFF, 0xC0, 0x00, 0x00, 0xEF, 0xFF,
    0x17, 0xFF, 0xE0, 0x4F, 0xFF, 0xC0, 0x00, 0x00, 0xEF, 0xFF, 0x11, 0xEF, 0xF6, 0x4F, 0xFF, 0xC0,
    0x00, 0x00, 0xEF, 0xFF, 0x10, 0x8F, 0xFD, 0x4F, 0xFF, 0xC0, 0x00, 0x00, 0xEF, 0xFF, 0x10, 0x1F,
    0xFF, 0x9F, 0xFF, 0xC0, 0x00, 0x00, 0xEF, 0xFF, 0x10, 0x09, 0xFF, 0xFF, 0xFF, 0xC0, 0x00, 0x00,
    0xEF, 0xFF, 0x10, 0x02, 0xFF, 0xFF, 0xFF, 0xC0, 0x00, 0x00, 0xEF, 0xFF, 0x10, 0x00, 0xAF, 0xFF,
    0xFF, 0xC0, 0x00, 0x00, 0xEF, 0xFF, 0x10, 0x00, 0x2F, 0xFF, 0xFF, 0xC0, 0x00, 0x00, 0xEF, 0xFF,
    0x10, 0x00, 0x0A, 0xFF, 0xFF, 0xC0, 0x00, 0x00, 0xEF, 0xFF, 0x10, 0x00, 0x03, 0xFF, 0xFF, 0xC0,
    0x00, 0x00, 0x00, 0x00, 0x15, 0x78, 0x75, 0x10, 0x00, 0x00, 0x00, 0x00, 0x00, 0x2A, 0xFF, 0xFF,
    0xFF, 0xFB, 0x20, 0x00, 0x00, 0x00, 0x03, 0xEF, 0xFF, 0xFF, 0xFF, 0xFF, 0xE4, 0x00, 0x00, 0x00,
    0x2E, 0xFF, 0xFF, 0xFD, 0xEF, 0xFF, 0xFF, 0x30, 0x00, 0x00, 0xAF, 0xFF, 0xF7, 0x10, 0x06, 0xFF,
    0xFF, 0xC0, 0x00, 0x02, 0xFF, 0xFF, 0x80, 0x00, 0x00, 0x7F, 0xFF, 0xF4, 0x00, 0x07, 0xFF, 0xFF,
    0x10, 0x00, 0x00, 0x0E, 0xFF, 0xF8, 0x00, 0x0A, 0xFF, 0xFB, 0x00, 0x00, 0x00, 0x09, 0xFF, 0xFC,
    0x00, 0x0C, 0xFF, 0xF9, 0x00, 0x00, 0x00, 0x07, 0xFF, 0xFE, 0x00, 0x0D, 0xFF, 0xF8, 0x00, 0x00,
    0x00, 0x06, 0xFF, 0xFF, 0x00, 0x0D, 0xFF, 0xF8, 0x00, 0x00, 0x00, 0x06, 0xFF, 0xFE, 0x00, 0x0C,
    0xFF, 0xF9, 0x00, 0x00, 0x00, 0x07, 0xFF, 0xFD, 0x00, 0x09, 0xFF, 0xFC, 0x00, 0x00, 0x00, 0x0A,
    0xFF, 0xFB, 0x00, 0x06, 0xFF, 0xFF, 0x20, 0x00, 0x00, 0x1E, 0xFF, 0xF8, 0x00, 0x01, 0xEF, 0xFF,
    0xA0, 0x00, 0x00, 0x8F, 0xFF, 0xF2, 0x00, 0x00, 0x9F, 0xFF, 0xFA, 0x31, 0x39, 0xFF, 0xFF, 0xA0,
    0x00, 0x00, 0x1D, 0xFF, 0xFF, 0xFF, 0xFF, 0xFF, 0xFE, 0x10, 0x00, 0x00, 0x01, 0xCF, 0xFF, 0xFF,
    0xFF, 0xFF, 0xD2, 0x00, 0x00, 0x00, 0x00, 0x07, 0xDF, 0xFF, 0xFF, 0xD8, 0x10, 0x00, 0x00, 0x00,
    0x00, 0x00, 0x02, 0x45, 0x42, 0x00, 0x00, 0x00, 0x00, 0x00, 0x33, 0x33, 0x33, 0x33, 0x20, 0x00,
    0x00, 0x00, 0xEF, 0xFF, 0xFF, 0xFF, 0xFE, 0x81, 0x00, 0x00, 0xEF, 0xFF, 0xFF, 0xFF, 0xFF, 0xFD,
    0x20, 0x00, 0xEF, 0xFF, 0xFF, 0xFF, 0xFF, 0xFF, 0xC0, 0x00, 0xEF, 0xFF, 0x63, 0x35, 0xCF, 0xFF,
    0xF3, 0x00, 0xEF, 0xFF, 0x40, 0x00, 0x2F, 0xFF, 0xF7, 0x00, 0xEF, 0xFF, 0x40, 0x00, 0x0D, 0xFF,
    0xF8, 0x00, 0xEF, 0xFF, 0x40, 0x00, 0x0E, 0xFF, 0xF8, 0x00, 0xEF, 0xFF, 0x40, 0x00, 0x7F, 0xFF,
    0xF5, 0x00, 0xEF, 0xFF, 0xCB, 0xBD, 0xFF, 0xFF, 0xE1, 0x00, 0xEF, 0xFF, 0xFF, 0xFF, 0xFF, 0xFF,
    0x60, 0x00, 0xEF, 0xFF, 0xFF, 0xFF, 0xFF, 0xE6, 0x00, 0x00, 0xEF, 0xFF, 0xCA, 0xAA, 0x95, 0x10,
    0x00, 0x00, 0xEF, 0xFF, 0x40, 0x00, 0x00, 0x00, 0x00, 0x00, 0xEF, 0xFF, 0x40, 0x00, 0x00, 0x00,
    0x00, 0x00, 0xEF, 0xFF, 0x40, 0x00, 0x00, 0x00, 0x00, 0x00, 0xEF, 0xFF, 0x40, 0x00, 0x00, 0x00,
    0x00, 0x00, 0xEF, 0xFF, 0x40, 0x00, 0x00, 0x00, 0x00, 0x00, 0xEF, 0xFF, 0x40, 0x00, 0x00, 0x00,
    0x00, 0x00, 0x00, 0x00, 0x15, 0x78, 0x76, 0x20, 0x00, 0x00, 0x00, 0x00, 0x00, 0x2A, 0xFF, 0xFF,
    0xFF, 0xFB, 0x30, 0x00, 0x00, 0x00, 0x03, 0xEF, 0xFF, 0xFF, 0xFF, 0xFF, 0xE5, 0x00, 0x00, 0x00,
    0x2E, 0xFF, 0xFF, 0xFD, 0xEF, 0xFF, 0xFF, 0x30, 0x00, 0x00, 0xAF, 0xFF, 0xF7, 0x10, 0x06, 0xFF,
    0xFF, 0xC0, 0x00, 0x02, 0xFF, 0xFF, 0x80, 0x00, 0x00, 0x7F, 0xFF, 0xF4, 0x00, 0x07, 0xFF, 0xFF,
    0x10, 0x00, 0x00, 0x0E, 0xFF, 0xF9, 0x00, 0x0A, 0xFF, 0xFB, 0x00, 0x00, 0x00, 0x09, 0xFF, 0xFC,
    0x00, 0x0C, 0xFF, 0xF9, 0x00, 0x00, 0x00, 0x07, 0xFF, 0xFE, 0x00, 0x0D, 0xFF, 0xF8, 0x00, 0x00,
    0x00, 0x06, 0xFF, 0xFF, 0x00, 0x0D, 0xFF, 0xF8, 0x00, 0x00, 0x00, 0x06, 0xFF, 0xFF, 0x00, 0x0C,
    0xFF, 0xF9, 0x00, 0x00, 0x00, 0x07, 0xFF, 0xFE, 0x00, 0x09, 0xFF, 0xFC, 0x00, 0x00, 0x00, 0x0A,
    0xFF, 0xFB, 0x00, 0x06, 0xFF, 0xFF, 0x20, 0x00, 0x00, 0x1E, 0xFF, 0xF7, 0x00, 0x01, 0xEF, 0xFF,
    0xA0, 0x00, 0x00, 0x8F, 0xFF, 0xF2, 0x00, 0x00, 0x8F, 0xFF, 0xFA, 0x31, 0x39, 0xFF, 0xFF, 0x90,
    0x00, 0x00, 0x1C, 0xFF, 0xFF, 0xFF, 0xFF, 0xFF, 0xFD, 0x10, 0x00, 0x00, 0x01, 0xCF, 0xFF, 0xFF,
    0xFF, 0xFF, 0xC2, 0x00, 0x00, 0x00, 0x00, 0x06, 0xCF, 0xFF, 0xFF, 0xFB, 0x00, 0x00, 0x00, 0x00,
    0x00, 0x00, 0x01, 0x45, 0xCF, 0xFF, 0x30, 0x00, 0x00, 0x00, 0x00, 0x00, 0x00, 0x00, 0x2E, 0xFF,
    0xD1, 0x00, 0x00, 0x00, 0x00, 0x00, 0x00, 0x00, 0x04, 0xFF, 0xFC, 0x00, 0x00, 0x00, 0x00, 0x00,
    0x00, 0x00, 0x00, 0x6A, 0xAA, 0x40, 0x00, 0x00, 0x33, 0x33, 0x33, 0x32, 0x10, 0x00, 0x00, 0x00,
    0x00, 0xEF, 0xFF, 0xFF, 0xFF, 0xFD, 0x70, 0x00, 0x00, 0x00, 0xEF, 0xFF, 0xFF, 0xFF, 0xFF, 0xFB,
    0x00, 0x00, 0x00, 0xEF, 0xFF, 0xFF, 0xFF, 0xFF, 0xFF, 0x50, 0x00, 0x00, 0xEF, 0xFF, 0x63, 0x47,
    0xFF, 0xFF, 0xA0, 0x00, 0x00, 0xEF, 0xFF, 0x40, 0x00, 0x9F, 0xFF, 0xB0, 0x00, 0x00, 0xEF, 0xFF,
    0x40, 0x00, 0x7F, 0xFF, 0xA0, 0x00, 0x00, 0xEF, 0xFF, 0x40, 0x00, 0x9F, 0xFF, 0x80, 0x00, 0x00,
    0xEF, 0xFF, 0x62, 0x37, 0xFF, 0xFF, 0x20, 0x00, 0x00, 0xEF, 0xFF, 0xFF, 0xFF, 0xFF, 0xE5, 0x00,
    0x00, 0x00, 0xEF, 0xFF, 0xFF, 0xFF, 0xFE, 0x30, 0x00, 0x00, 0x00, 0xEF, 0xFF, 0xFF, 0xFF, 0xFF,
    0xE3, 0x00, 0x00, 0x00, 0xEF, 0xFF, 0x62, 0x5D, 0xFF, 0xFD, 0x00, 0x00, 0x00, 0xEF, 0xFF, 0x40,
    0x03, 0xFF, 0xFF, 0x60, 0x00, 0x00, 0xEF, 0xFF, 0x40, 0x00, 0x9F, 0xFF, 0xD0, 0x00, 0x00, 0xEF,
    0xFF, 0x40, 0x00, 0x3F, 0xFF, 0xF5, 0x00, 0x00, 0xEF, 0xFF, 0x40, 0x00, 0x0B, 0xFF, 0xFB, 0x00,
    0x00, 0xEF, 0xFF, 0x40, 0x00, 0x05, 0xFF, 0xFF, 0x30, 0x00, 0xEF, 0xFF, 0x40, 0x00, 0x00, 0xDF,
    0xFF, 0xA0, 0x00, 0x00, 0x04, 0x78, 0x76, 0x52, 0x00, 0x00, 0x00, 0x05, 0xEF, 0xFF, 0xFF, 0xFF,
    0xD5, 0x00, 0x00, 0x5F, 0xFF, 0xFF, 0xFF, 0xFF, 0xF7, 0x00, 0x00, 0xDF, 0xFF, 0xFE, 0xDE, 0xFF,
    0xF7, 0x00, 0x03, 0xFF, 0xFD, 0x30, 0x00, 0x26, 0xC7, 0x00, 0x05, 0xFF, 0xF8, 0x00, 0x00, 0x00,
    0x01, 0x00, 0x05, 0xFF, 0xFA, 0x00, 0x00, 0x00, 0x00, 0x00, 0x03, 0xFF, 0xFF, 0xC7, 0x30, 0x00,
    0x00, 0x00, 0x00, 0xDF, 0xFF, 0xFF, 0xFF, 0xB5, 0x00, 0x00, 0x00, 0x4F, 0xFF, 0xFF, 0xFF, 0xFF,
    0xC2, 0x00, 0x00, 0x03, 0xCF, 0xFF, 0xFF, 0xFF, 0xFC, 0x00, 0x00, 0x00, 0x03, 0x7B, 0xEF, 0xFF,
    0xFF, 0x40, 0x00, 0x00, 0x00, 0x00, 0x06, 0xFF, 0xFF, 0x70, 0x00, 0x00, 0x00, 0x00, 0x00, 0x9F,
    0xFF, 0x80, 0x03, 0x81, 0x00, 0x00, 0x00, 0xAF, 0xFF, 0x70, 0x04, 0xFE, 0xA5, 0x21, 0x27, 0xFF,
    0xFF, 0x40, 0x04, 0xFF, 0xFF, 0xFF, 0xFF, 0xFF, 0xFD, 0x00, 0x04, 0xFF, 0xFF, 0xFF, 0xFF, 0xFF,
    0xF4, 0x00, 0x00, 0x5A, 0xEF, 0xFF, 0xFF, 0xFB, 0x30, 0x00, 0x00, 0x00, 0x02, 0x45, 0x54, 0x10,
    0x00, 0x00, 0x33, 0x33, 0x33, 0x33, 0x33, 0x33, 0x33, 0x31, 0xDF, 0xFF, 0xFF, 0xFF, 0xFF, 0xFF,
    0xFF, 0xF3, 0xDF, 0xFF, 0xFF, 0xFF, 0xFF, 0xFF, 0xFF, 0xF3, 0xDF, 0xFF, 0xFF, 0xFF, 0xFF, 0xFF,
    0xFF, 0xF3, 0x45, 0x55, 0x59, 0xFF, 0xFD, 0x55, 0x55, 0x51, 0x00, 0x00, 0x07, 0xFF, 0xFC, 0x00,
    0x00, 0x00, 0x00, 0x00, 0x07, 0xFF, 0xFC, 0x00, 0x00, 0x00, 0x00, 0x00, 0x07, 0xFF, 0xFC, 0x00,
    0x00, 0x00, 0x00, 0x00, 0x07, 0xFF, 0xFC, 0x00, 0x00, 0x00, 0x00, 0x00, 0x07, 0xFF, 0xFC, 0x00,
    0x00, 0x00, 0x00, 0x00, 0x07, 0xFF, 0xFC, 0x00, 0x00, 0x00, 0x00, 0x00, 0x07, 0xFF, 0xFC, 0x00,
    0x00, 0x00, 0x00, 0x00, 0x07, 0xFF, 0xFC, 0x00, 0x00, 0x00, 0x00, 0x00, 0x07, 0xFF, 0xFC, 0x00,
    0x00, 0x00, 0x00, 0x00, 0x07, 0xFF, 0xFC, 0x00, 0x00, 0x00, 0x00, 0x00, 0x07, 0xFF, 0xFC, 0x00,
    0x00, 0x00, 0x00, 0x00, 0x07, 0xFF, 0xFC, 0x00, 0x00, 0x00, 0x00, 0x00, 0x07, 0xFF, 0xFC, 0x00,
    0x00, 0x00, 0x00, 0x00, 0x07, 0xFF, 0xFC, 0x00, 0x00, 0x00, 0x00, 0x33, 0x33, 0x10, 0x00, 0x00,
    0x33, 0x33, 0x10, 0x00, 0xEF, 0xFF, 0x40, 0x00, 0x00, 0xFF, 0xFF, 0x30, 0x00, 0xEF, 0xFF, 0x40,
    0x00, 0x00, 0xFF, 0xFF, 0x30, 0x00, 0xEF, 0xFF, 0x40, 0x00, 0x00, 0xFF, 0xFF, 0x30, 0x00, 0xEF,
    0xFF, 0x40, 0x00, 0x00, 0xFF, 0xFF, 0x30, 0x00, 0xEF, 0xFF, 0x40, 0x00, 0x00, 0xFF, 0xFF, 0x30,
    0x00, 0xEF, 0xFF, 0x40, 0x00, 0x00, 0xFF, 0xFF, 0x30, 0x00, 0xEF, 0xFF, 0x40, 0x00, 0x00, 0xFF,
    0xFF, 0x30, 0x00, 0xEF, 0xFF, 0x40, 0x00, 0x00, 0xFF, 0xFF, 0x30, 0x00, 0xEF, 0xFF, 0x40, 0x00,
    0x00, 0xFF, 0xFF, 0x30, 0x00, 0xEF, 0xFF, 0x40, 0x00, 0x00, 0xFF, 0xFF, 0x30, 0x00, 0xEF, 0xFF,
    0x40, 0x00, 0x00, 0xFF, 0xFF, 0x30, 0x00, 0xDF, 0xFF, 0x50, 0x00, 0x01, 0xFF, 0xFF, 0x30, 0x00,
    0xCF, 0xFF, 0x70, 0x00, 0x03, 0xFF, 0xFF, 0x10, 0x00, 0x9F, 0xFF, 0xB0, 0x00, 0x07, 0xFF, 0xFD,
    0x00, 0x00, 0x5F, 0xFF, 0xF9, 0x32, 0x7F, 0xFF, 0xF9, 0x00, 0x00, 0x0D, 0xFF, 0xFF, 0xFF, 0xFF,
    0xFF, 0xF2, 0x00, 0x00, 0x03, 0xEF, 0xFF, 0xFF, 0xFF, 0xFF, 0x60, 0x00, 0x00, 0x00, 0x2A, 0xFF,
    0xFF, 0xFF, 0xB4, 0x00, 0x00, 0x00, 0x00, 0x00, 0x13, 0x55, 0x41, 0x00, 0x00, 0x00, 0x33, 0x33,
    0x10, 0x00, 0x00, 0x00, 0x03, 0x33, 0x31, 0xAF, 0xFF, 0x90, 0x00, 0x00, 0x00, 0x3F, 0xFF, 0xF1,
    0x5F, 0xFF, 0xE0, 0x00, 0x00, 0x00, 0x8F, 0xFF, 0xB0, 0x0E, 0xFF, 0xF4, 0x00, 0x00, 0x00, 0xCF,
    0xFF, 0x60, 0x0A, 0xFF, 0xF8, 0x00, 0x00, 0x02, 0xFF, 0xFF, 0x10, 0x05, 0xFF, 0xFD, 0x00, 0x00,
    0x07, 0xFF, 0xFB, 0x00, 0x00, 0xEF, 0xFF, 0x30, 0x00, 0x0C, 0xFF, 0xF6, 0x00, 0x00, 0xAF, 0xFF,
    0x80, 0x00, 0x2F, 0xFF, 0xF1, 0x00, 0x00, 0x5F, 0xFF, 0xD0, 0x00, 0x7F, 0xFF, 0xB0, 0x00, 0x00,
    0x0E, 0xFF, 0xF3, 0x00, 0xBF, 0xFF, 0x60, 0x00, 0x00, 0x0A, 0xFF, 0xF8, 0x01, 0xFF, 0xFF, 0x10,
    0x00, 0x00, 0x05, 0xFF, 0xFC, 0x06, 0xFF, 0xFB, 0x00, 0x00, 0x00, 0x00, 0xEF, 0xFF, 0x2B, 0xFF,
    0xF6, 0x00, 0x00, 0x00, 0x00, 0xAF, 0xFF, 0x8F, 0xFF, 0xF1, 0x00, 0x00, 0x00, 0x00, 0x5F, 0xFF,
    0xFF, 0xFF, 0xB0, 0x00, 0x00, 0x00, 0x00, 0x0E, 0xFF, 0xFF, 0xFF, 0x60, 0x00, 0x00, 0x00, 0x00,
    0x0A, 0xFF, 0xFF, 0xFF, 0x10, 0x00, 0x00, 0x00, 0x00, 0x05, 0xFF, 0xFF, 0xFB, 0x00, 0x00, 0x00,
    0x00, 0x00, 0x00, 0xEF, 0xFF, 0xF6, 0x00, 0x00, 0x00, 0x13, 0x33, 0x20, 0x00, 0x00, 0x23, 0x33,
    0x20, 0x00, 0x00, 0x33, 0x33, 0x00, 0x3F, 0xFF, 0xD0, 0x00, 0x00, 0xCF, 0xFF, 0x90, 0x00, 0x01,
    0xFF, 0xFE, 0x00, 0x0E, 0xFF, 0xF1, 0x00, 0x00, 0xFF, 0xFF, 0xC0, 0x00, 0x04, 0xFF, 0xFB, 0x00,
    0x0B, 0xFF, 0xF5, 0x00, 0x03, 0xFF, 0xFF, 0xF1, 0x00, 0x07, 0xFF, 0xF8, 0x00, 0x08, 0xFF, 0xF8,
    0x00, 0x06, 0xFF, 0xFF, 0xF4, 0x00, 0x0B, 0xFF, 0xF5, 0x00, 0x05, 0xFF, 0xFB, 0x00, 0x09, 0xFF,
    0xDF, 0xF7, 0x00, 0x0E, 0xFF, 0xF2, 0x00, 0x02, 0xFF, 0xFE, 0x00, 0x0D, 0xFF, 0x6F, 0xFA, 0x00,
    0x2F, 0xFF, 0xE0, 0x00, 0x00, 0xDF, 0xFF, 0x20, 0x1F, 0xFD, 0x2F, 0xFD, 0x00, 0x5F, 0xFF, 0xA0,
    0x00, 0x00, 0xAF, 0xFF, 0x60, 0x4F, 0xFA, 0x0D, 0xFF, 0x10, 0x8F, 0xFF, 0x70, 0x00, 0x00, 0x7F,
    0xFF, 0x90, 0x7F, 0xF7, 0x0A, 0xFF, 0x50, 0xCF, 0xFF, 0x40, 0x00, 0x00, 0x4F, 0xFF, 0xC0, 0xAF,
    0xF4, 0x07, 0xFF, 0x80, 0xEF, 0xFF, 0x10, 0x00, 0x00, 0x1F, 0xFF, 0xF1, 0xEF, 0xF1, 0x04, 0xFF,
    0xB3, 0xFF, 0xFD, 0x00, 0x00, 0x00, 0x0C, 0xFF, 0xF5, 0xFF, 0xC0, 0x01, 0xFF, 0xE6, 0xFF, 0xF9,
    0x00, 0x00, 0x00, 0x09, 0xFF, 0xFC, 0xFF, 0x90, 0x00, 0xCF, 0xFC, 0xFF, 0xF6, 0x00, 0x00, 0x00,
    0x06, 0xFF, 0xFF, 0xFF, 0x60, 0x00, 0x9F, 0xFF, 0xFF, 0xF3, 0x00, 0x00, 0x00, 0x03, 0xFF, 0xFF,
    0xFF, 0x30, 0x00, 0x6F, 0xFF, 0xFF, 0xF0, 0x00, 0x00, 0x00, 0x00, 0xEF, 0xFF, 0xFE, 0x00, 0x00,
    0x2F, 0xFF, 0xFF, 0xC0, 0x00, 0x00, 0x00, 0x00, 0xBF, 0xFF, 0xFC, 0x00, 0x00, 0x0E, 0xFF, 0xFF,
    0x90, 0x00, 0x00, 0x00, 0x00, 0x8F, 0xFF, 0xF8, 0x00, 0x00, 0x0B, 0xFF, 0xFF, 0x50, 0x00, 0x00,
    0x13, 0x33, 0x30, 0x00, 0x00, 0x00, 0x33, 0x33, 0x20, 0x1D, 0xFF, 0xF8, 0x00, 0x00, 0x03, 0xFF,
    0xFF, 0x40, 0x05, 0xFF, 0xFF, 0x20, 0x00, 0x0C, 0xFF, 0xF9, 0x00, 0x00, 0xAF, 0xFF, 0xB0, 0x00,
    0x6F, 0xFF, 0xE1, 0x00, 0x00, 0x2E, 0xFF, 0xF5, 0x01, 0xEF, 0xFF, 0x60, 0x00, 0x00, 0x07, 0xFF,
    0xFE, 0x1A, 0xFF, 0xFC, 0x00, 0x00, 0x00, 0x00, 0xDF, 0xFF, 0xBF, 0xFF, 0xF3, 0x00, 0x00, 0x00,
    0x00, 0x4F, 0xFF, 0xFF, 0xFF, 0x80, 0x00, 0x00, 0x00, 0x00, 0x09, 0xFF, 0xFF, 0xFD, 0x10, 0x00,
    0x00, 0x00, 0x00, 0x01, 0xFF, 0xFF, 0xF6, 0x00, 0x00, 0x00, 0x00, 0x00, 0x06, 0xFF, 0xFF, 0xFA,
    0x00, 0x00, 0x00, 0x00, 0x00, 0x1E, 0xFF, 0xFF, 0xFF, 0x40, 0x00, 0x00, 0x00, 0x00, 0x9F, 0xFF,
    0xFF, 0xFF, 0xD1, 0x00, 0x00, 0x00, 0x03, 0xFF, 0xFF, 0x4D, 0xFF, 0xF8, 0x00, 0x00, 0x00, 0x0C,
    0xFF, 0xF9, 0x04, 0xFF, 0xFF, 0x20, 0x00, 0x00, 0x7F, 0xFF, 0xE1, 0x00, 0xAF, 0xFF, 0xB0, 0x00,
    0x02, 0xEF, 0xFF, 0x60, 0x00, 0x2E, 0xFF, 0xF5, 0x00, 0x0A, 0xFF, 0xFC, 0x00, 0x00, 0x07, 0xFF,
    0xFE, 0x10, 0x4F, 0xFF, 0xF3, 0x00, 0x00, 0x00, 0xCF, 0xFF, 0x90, 0x03, 0x33, 0x32, 0x00, 0x00,
    0x00, 0x13, 0x33, 0x31, 0x0C, 0xFF, 0xFC, 0x00, 0x00, 0x00, 0x8F, 0xFF, 0xE2, 0x03, 0xFF, 0xFF,
    0x60, 0x00, 0x02, 0xFF, 0xFF, 0x70, 0x00, 0x9F, 0xFF, 0xE1, 0x00, 0x0A, 0xFF, 0xFD, 0x00, 0x00,
    0x1E, 0xFF, 0xF8, 0x00, 0x4F, 0xFF, 0xF5, 0x00, 0x00, 0x06, 0xFF, 0xFF, 0x20, 0xCF, 0xFF, 0xB0,
    0x00, 0x00, 0x00, 0xCF, 0xFF, 0xA6, 0xFF, 0xFF, 0x20, 0x00, 0x00, 0x00, 0x4F, 0xFF, 0xFE, 0xFF,
    0xF8, 0x00, 0x00, 0x00, 0x00, 0x0A, 0xFF, 0xFF, 0xFF, 0xD1, 0x00, 0x00, 0x00, 0x00, 0x02, 0xEF,
    0xFF, 0xFF, 0x50, 0x00, 0x00, 0x00, 0x00, 0x00, 0x7F, 0xFF, 0xFB, 0x00, 0x00, 0x00, 0x00, 0x00,
    0x00, 0x0F, 0xFF, 0xF4, 0x00, 0x00, 0x00, 0x00, 0x00, 0x00, 0x0F, 0xFF, 0xF4, 0x00, 0x00, 0x00,
    0x00, 0x00, 0x00, 0x0F, 0xFF, 0xF4, 0x00, 0x00, 0x00, 0x00, 0x00, 0x00, 0x0F, 0xFF, 0xF4, 0x00,
    0x00, 0x00, 0x00, 0x00, 0x00, 0x0F, 0xFF, 0xF4, 0x00, 0x00, 0x00, 0x00, 0x00, 0x00, 0x0F, 0xFF,
    0xF4, 0x00, 0x00, 0x00, 0x00, 0x00, 0x00, 0x0F, 0xFF, 0xF4, 0x00, 0x00, 0x00, 0x00, 0x00, 0x00,
    0x0F, 0xFF, 0xF4, 0x00, 0x00, 0x00, 0x02, 0x33, 0x33, 0x33, 0x33, 0x33, 0x33, 0x30, 0x0B, 0xFF,
    0xFF, 0xFF, 0xFF, 0xFF, 0xFF, 0xF1, 0x0B, 0xFF, 0xFF, 0xFF, 0xFF, 0xFF, 0xFF, 0xF1, 0x0B, 0xFF,
    0xFF, 0xFF, 0xFF, 0xFF, 0xFF, 0xE0, 0x04, 0x55, 0x55, 0x55, 0x59, 0xFF, 0xFF, 0x60, 0x00, 0x00,
    0x00, 0x00, 0x2E, 0xFF, 0xFA, 0x00, 0x00, 0x00, 0x00, 0x00, 0xCF, 0xFF, 0xD1, 0x00, 0x00, 0x00,
    0x00, 0x08, 0xFF, 0xFF, 0x30, 0x00, 0x00, 0x00, 0x00, 0x4F, 0xFF, 0xF6, 0x00, 0x00, 0x00, 0x00,
    0x02, 0xEF, 0xFF, 0xA0, 0x00, 0x00, 0x00, 0x00, 0x0B, 0xFF, 0xFD, 0x10, 0x00, 0x00, 0x00, 0x00,
    0x8F, 0xFF, 0xF3, 0x00, 0x00, 0x00, 0x00, 0x04, 0xFF, 0xFF, 0x70, 0x00, 0x00, 0x00, 0x00, 0x1E,
    0xFF, 0xFA, 0x00, 0x00, 0x00, 0x00, 0x00, 0xBF, 0xFF, 0xD1, 0x00, 0x00, 0x00, 0x00, 0x07, 0xFF,
    0xFF, 0xB8, 0x88, 0x88, 0x88, 0x83, 0x0F, 0xFF, 0xFF, 0xFF, 0xFF, 0xFF, 0xFF, 0xF5, 0x0F, 0xFF,
    0xFF, 0xFF, 0xFF, 0xFF, 0xFF, 0xF5, 0x0F, 0xFF, 0xFF, 0xFF, 0xFF, 0xFF, 0xFF, 0xF5, 0x01, 0xFF,
    0xFF, 0xFF, 0xB0, 0x01, 0xFF, 0xFF, 0xFF, 0xB0, 0x01, 0xFF, 0xFE, 0xBB, 0x80, 0x01, 0xFF, 0xFA,
    0x00, 0x00, 0x01, 0xFF, 0xFA, 0x00, 0x00, 0x01, 0xFF, 0xFA, 0x00, 0x00, 0x01, 0xFF, 0xFA, 0x00,
    0x00, 0x01, 0xFF, 0xFA, 0x00, 0x00, 0x01, 0xFF, 0xFA, 0x00, 0x00, 0x01, 0xFF, 0xFA, 0x00, 0x00,
    0x01, 0xFF, 0xFA, 0x00, 0x00, 0x01, 0xFF, 0xFA, 0x00, 0x00, 0x01, 0xFF, 0xFA, 0x00, 0x00, 0x01,
    0xFF, 0xFA, 0x00, 0x00, 0x01, 0xFF, 0xFA, 0x00, 0x00, 0x01, 0xFF, 0xFA, 0x00, 0x00, 0x01, 0xFF,
    0xFA, 0x00, 0x00, 0x01, 0xFF, 0xFA, 0x00, 0x00, 0x01, 0xFF, 0xFA, 0x00, 0x00, 0x01, 0xFF, 0xFC,
    0x77, 0x50, 0x01, 0xFF, 0xFF, 0xFF, 0xB0, 0x01, 0xFF, 0xFF, 0xFF, 0xB0, 0x00, 0x44, 0x44, 0x44,
    0x30, 0x33, 0x10, 0x00, 0x00, 0x00, 0xCF, 0x90, 0x00, 0x00, 0x00, 0x8F, 0xE0, 0x00, 0x00, 0x00,
    0x4F, 0xF3, 0x00, 0x00, 0x00, 0x0E, 0xF7, 0x00, 0x00, 0x00, 0x0A, 0xFB, 0x00, 0x00, 0x00, 0x06,
    0xFF, 0x10, 0x00, 0x00, 0x02, 0xFF, 0x50, 0x00, 0x00, 0x00, 0xCF, 0x90, 0x00, 0x00, 0x00, 0x8F,
    0xD0, 0x00, 0x00, 0x00, 0x4F, 0xF2, 0x00, 0x00, 0x00, 0x0E, 0xF7, 0x00, 0x00, 0x00, 0x0B, 0xFB,
    0x00, 0x00, 0x00, 0x06, 0xFF, 0x10, 0x00, 0x00, 0x02, 0xFF, 0x40, 0x00, 0x00, 0x00, 0xDF, 0x90,
    0x00, 0x00, 0x00, 0x9F, 0xD0, 0x00, 0x00, 0x00, 0x4F, 0xF2, 0x00, 0x00, 0x00, 0x1F, 0xF6, 0x00,
    0x00, 0x00, 0x0B, 0xFB, 0x00, 0x00, 0x00, 0x07, 0xFE, 0x00, 0x00, 0x00, 0x01, 0x55, 0x10, 0x07,
    0xFF, 0xFF, 0xFF, 0x50, 0x07, 0xFF, 0xFF, 0xFF, 0x50, 0x05, 0xBB, 0xDF, 0xFF, 0x50, 0x00, 0x00,
    0x6F, 0xFF, 0x50, 0x00, 0x00, 0x6F, 0xFF, 0x50, 0x00, 0x00, 0x6F, 0xFF, 0x50, 0x00, 0x00, 0x6F,
    0xFF, 0x50, 0x00, 0x00, 0x6F, 0xFF, 0x50, 0x00, 0x00, 0x6F, 0xFF, 0x50, 0x00, 0x00, 0x6F, 0xFF,
    0x50, 0x00, 0x00, 0x6F, 0xFF, 0x50, 0x00, 0x00, 0x6F, 0xFF, 0x50, 0x00, 0x00, 0x6F, 0xFF, 0x50,
    0x00, 0x00, 0x6F, 0xFF, 0x50, 0x00, 0x00, 0x6F, 0xFF, 0x50, 0x00, 0x00, 0x6F, 0xFF, 0x50, 0x00,
    0x00, 0x6F, 0xFF, 0x50, 0x00, 0x00, 0x6F, 0xFF, 0x50, 0x00, 0x00, 0x6F, 0xFF, 0x50, 0x03, 0x77,
    0xAF, 0xFF, 0x50, 0x07, 0xFF, 0xFF, 0xFF, 0x50, 0x07, 0xFF, 0xFF, 0xFF, 0x50, 0x02, 0x44, 0x44,
    0x44, 0x20, 0x00, 0x00, 0x00, 0x00, 0x33, 0x30, 0x00, 0x00, 0x00, 0x00, 0x00, 0x00, 0x00, 0x08,
    0xFF, 0xF6, 0x00, 0x00, 0x00, 0x00, 0x00, 0x00, 0x00, 0x6F, 0xFF, 0xFF, 0x40, 0x00, 0x00, 0x00,
    0x00, 0x00, 0x04, 0xFF, 0xFF, 0xFF, 0xE2, 0x00, 0x00, 0x00, 0x00, 0x00, 0x2E, 0xFF, 0xA2, 0xBF,
    0xFD, 0x10, 0x00, 0x00, 0x00, 0x01, 0xDF, 0xF7, 0x00, 0x09, 0xFF, 0xC0, 0x00, 0x00, 0x00, 0x0C,
    0xFE, 0x50, 0x00, 0x00, 0x6F, 0xFA, 0x00, 0x00, 0x00, 0x49, 0x93, 0x00, 0x00, 0x00, 0x04, 0x99,
    0x30, 0x00, 0x00, 0x00, 0x00, 0x00, 0x00, 0x00, 0x00, 0x00, 0x00, 0x00, 0x00, 0x00, 0x00, 0x00,
    0x00, 0x00, 0x00, 0x00, 0x00, 0x00, 0x00, 0x00, 0x00, 0x00, 0x00, 0x00, 0x00, 0x00, 0x00, 0x00,
    0x00, 0x00, 0x00, 0x00, 0x00, 0x00, 0x00, 0x00, 0x00, 0x00, 0x00, 0x00, 0x00, 0x00, 0x00, 0x00,
    0x00, 0x00, 0x00, 0x00, 0x00, 0x00, 0x00, 0x00, 0x00, 0x00, 0x00, 0x00, 0x00, 0x00, 0x00, 0x00,
    0x00, 0x00, 0x00, 0x00, 0x00, 0x00, 0x00, 0x00, 0x00, 0x00, 0x00, 0x00, 0x00, 0x00, 0x00, 0x00,
    0x00, 0x00, 0x00, 0x00, 0x00, 0x00, 0x00, 0x00, 0x00, 0x00, 0x00, 0x00, 0x00, 0x00, 0x00, 0x00,
    0x00, 0x00, 0x00, 0x00, 0x00, 0x00, 0x00, 0x00, 0x00, 0x00, 0x00, 0x00, 0x00, 0x00, 0x00, 0x00,
    0x00, 0x00, 0x00, 0x00, 0x00, 0x00, 0x00, 0x00, 0x00, 0x00, 0x00, 0x00, 0x00, 0x00, 0x00, 0x00,
    0x00, 0x00, 0x66, 0x66, 0x66, 0x66, 0x66, 0x62, 0xFF, 0xFF, 0xFF, 0xFF, 0xFF, 0xF4, 0xDD, 0xDD,
    0xDD, 0xDD, 0xDD, 0xD3, 0x08, 0xFF, 0x70, 0x00, 0x00, 0x00, 0x00, 0xAF, 0xF3, 0x00, 0x00, 0x00,
    0x00, 0x0B, 0xFC, 0x00, 0x00, 0x00, 0x00, 0x01, 0xCF, 0x70, 0x00, 0x00, 0x00, 0x00, 0x29, 0x91,
    0x00, 0x00, 0x00, 0x00, 0x00, 0x00, 0x00, 0x00, 0x00, 0x00, 0x00, 0x00, 0x00, 0x00, 0x00, 0x00,
    0x00, 0x00, 0x00, 0x00, 0x00, 0x00, 0x00, 0x00, 0x00, 0x00, 0x00, 0x00, 0x00, 0x00, 0x00, 0x00,
    0x00, 0x00, 0x00, 0x00, 0x00, 0x00, 0x00, 0x00, 0x00, 0x00, 0x00, 0x00, 0x00, 0x00, 0x00, 0x00,
    0x00, 0x00, 0x00, 0x00, 0x00, 0x00, 0x00, 0x00, 0x00, 0x00, 0x00, 0x00, 0x00, 0x00, 0x00, 0x00,
    0x00, 0x00, 0x00, 0x00, 0x00, 0x00, 0x00, 0x00, 0x00, 0x00, 0x00, 0x00, 0x00, 0x00, 0x00, 0x00,
    0x00, 0x00, 0x00, 0x00, 0x00, 0x00, 0x00, 0x00, 0x00, 0x00, 0x00, 0x00, 0x00, 0x69, 0xCD, 0xEF,
    0xEB, 0x61, 0x00, 0x00, 0x00, 0xFF, 0xFF, 0xFF, 0xFF, 0xFC, 0x10, 0x00, 0x00, 0xFF, 0xFE, 0xEF,
    0xFF, 0xFF, 0xA0, 0x00, 0x00, 0xB6, 0x20, 0x00, 0x5E, 0xFF, 0xF1, 0x00, 0x00, 0x00, 0x00, 0x00,
    0x0A, 0xFF, 0xF4, 0x00, 0x00, 0x03, 0x7A, 0xBB, 0xBD, 0xFF, 0xF6, 0x00, 0x00, 0x9F, 0xFF, 0xFF,
    0xFF, 0xFF, 0xF6, 0x00, 0x07, 0xFF, 0xFF, 0xED, 0xDE, 0xFF, 0xF6, 0x00, 0x0D, 0xFF, 0xF7, 0x00,
    0x09, 0xFF, 0xF6, 0x00, 0x0F, 0xFF, 0xF0, 0x00, 0x0C, 0xFF, 0xF6, 0x00, 0x0F, 0xFF, 0xF2, 0x00,
    0x5F, 0xFF, 0xF6, 0x00, 0x0C, 0xFF, 0xFE, 0x9B, 0xFF, 0xFF, 0xF6, 0x00, 0x05, 0xFF, 0xFF, 0xFF,
    0xEA, 0xFF, 0xF6, 0x00, 0x00, 0x6E, 0xFF, 0xFC, 0x38, 0xFF, 0xF6, 0x00, 0x00, 0x01, 0x45, 0x30,
    0x00, 0x00, 0x00, 0x00, 0x02, 0xFF, 0xFC, 0x00, 0x00, 0x00, 0x00, 0x00, 0x02, 0xFF, 0xFC, 0x00,
    0x00, 0x00, 0x00, 0x00, 0x02, 0xFF, 0xFC, 0x00, 0x00, 0x00, 0x00, 0x00, 0x02, 0xFF, 0xFC, 0x00,
    0x00, 0x00, 0x00, 0x00, 0x02, 0xFF, 0xFC, 0x00, 0x00, 0x00, 0x00, 0x00, 0x02, 0xFF, 0xFC, 0x05,
    0xBE, 0xEA, 0x20, 0x00, 0x02, 0xFF, 0xFC, 0x7F, 0xFF, 0xFF, 0xE3, 0x00, 0x02, 0xFF, 0xFE, 0xFF,
    0xFF, 0xFF, 0xFD, 0x10, 0x02, 0xFF, 0xFF, 0xE6, 0x37, 0xFF, 0xFF, 0x60, 0x02, 0xFF, 0xFF, 0x60,
    0x00, 0x8F, 0xFF, 0xB0, 0x02, 0xFF, 0xFF, 0x10, 0x00, 0x2F, 0xFF, 0xE0, 0x02, 0xFF, 0xFD, 0x00,
    0x00, 0x1F, 0xFF, 0xF1, 0x02, 0xFF, 0xFD, 0x00, 0x00, 0x0F, 0xFF, 0xF1, 0x02, 0xFF, 0xFE, 0x00,
    0x00, 0x1F, 0xFF, 0xF0, 0x02, 0xFF, 0xFF, 0x40, 0x00, 0x6F, 0xFF, 0xD0, 0x02, 0xFF, 0xFF, 0xC1,
    0x02, 0xDF, 0xFF, 0x80, 0x02, 0xFF, 0xFF, 0xFE, 0xDF, 0xFF, 0xFF, 0x20, 0x02, 0xFF, 0xFD, 0xBF,
    0xFF, 0xFF, 0xF7, 0x00, 0x02, 0xFF, 0xFC, 0x1A, 0xFF, 0xFF, 0x70, 0x00, 0x00, 0x00, 0x00, 0x00,
    0x25, 0x41, 0x00, 0x00, 0x00, 0x00, 0x49, 0xDE, 0xED, 0xA5, 0x00, 0x00, 0x09, 0xFF, 0xFF, 0xFF,
    0xFC, 0x00, 0x00, 0x9F, 0xFF, 0xFF, 0xFF, 0xFC, 0x00, 0x04, 0xFF, 0xFF, 0xB4, 0x24, 0x8C, 0x00,
    0x0A, 0xFF, 0xFC, 0x00, 0x00, 0x01, 0x00, 0x0D, 0xFF, 0xF5, 0x00, 0x00, 0x00, 0x00, 0x0F, 0xFF,
    0xF2, 0x00, 0x00, 0x00, 0x00, 0x0F, 0xFF, 0xF2, 0x00, 0x00, 0x00, 0x00, 0x0E, 0xFF, 0xF4, 0x00,
    0x00, 0x00, 0x00, 0x0B, 0xFF, 0xF9, 0x00, 0x00, 0x00, 0x00, 0x06, 0xFF, 0xFF, 0x60, 0x00, 0x38,
    0x00, 0x00, 0xDF, 0xFF, 0xFE, 0xCD, 0xFC, 0x00, 0x00, 0x3E, 0xFF, 0xFF, 0xFF, 0xFC, 0x00, 0x00,
    0x01, 0x9E, 0xFF, 0xFF, 0xE9, 0x00, 0x00, 0x00, 0x00, 0x35, 0x53, 0x10, 0x00, 0x00, 0x00, 0x00,
    0x00, 0x00, 0xBF, 0xFF, 0x30, 0x00, 0x00, 0x00, 0x00, 0x00, 0xBF, 0xFF, 0x30, 0x00, 0x00, 0x00,
    0x00, 0x00, 0xBF, 0xFF, 0x30, 0x00, 0x00, 0x00, 0x00, 0x00, 0xBF, 0xFF, 0x30, 0x00, 0x00, 0x00,
    0x00, 0x00, 0xBF, 0xFF, 0x30, 0x00, 0x02, 0x9E, 0xEC, 0x50, 0xBF, 0xFF, 0x30, 0x00, 0x2E, 0xFF,
    0xFF, 0xF8, 0xBF, 0xFF, 0x30, 0x00, 0xCF, 0xFF, 0xFF, 0xFF, 0xEF, 0xFF, 0x30, 0x05, 0xFF, 0xFF,
    0x83, 0x5E, 0xFF, 0xFF, 0x30, 0x0A, 0xFF, 0xFA, 0x00, 0x04, 0xFF, 0xFF, 0x30, 0x0D, 0xFF, 0xF4,
    0x00, 0x00, 0xEF, 0xFF, 0x30, 0x0E, 0xFF, 0xF2, 0x00, 0x00, 0xCF, 0xFF, 0x30, 0x0E, 0xFF, 0xF2,
    0x00, 0x00, 0xCF, 0xFF, 0x30, 0x0E, 0xFF, 0xF3, 0x00, 0x00, 0xDF, 0xFF, 0x30, 0x0B, 0xFF, 0xF7,
    0x00, 0x02, 0xFF, 0xFF, 0x30, 0x07, 0xFF, 0xFE, 0x20, 0x1A, 0xFF, 0xFF, 0x30, 0x01, 0xEF, 0xFF,
    0xFD, 0xEF, 0xFF, 0xFF, 0x30, 0x00, 0x6F, 0xFF, 0xFF, 0xFC, 0xCF, 0xFF, 0x30, 0x00, 0x06, 0xEF,
    0xFF, 0xB1, 0xBF, 0xFF, 0x30, 0x00, 0x00, 0x14, 0x52, 0x00, 0x00, 0x00, 0x00, 0x00, 0x00, 0x4A,
    0xDF, 0xEC, 0x70, 0x00, 0x00, 0x00, 0x1A, 0xFF, 0xFF, 0xFF, 0xFC, 0x20, 0x00, 0x00, 0xAF, 0xFF,
    0xFE, 0xFF, 0xFF, 0xC0, 0x00, 0x04, 0xFF, 0xFE, 0x40, 0x1B, 0xFF, 0xF6, 0x00, 0x0A, 0xFF, 0xF6,
    0x00, 0x02, 0xFF, 0xFC, 0x00, 0x0D, 0xFF, 0xF6, 0x55, 0x55, 0xEF, 0xFF, 0x10, 0x0F, 0xFF, 0xFF,
    0xFF, 0xFF, 0xFF, 0xFF, 0x20, 0x0F, 0xFF, 0xFF, 0xFF, 0xFF, 0xFF, 0xFF, 0x30, 0x0E, 0xFF, 0xF6,
    0x66, 0x66, 0x66, 0x66, 0x10, 0x0B, 0xFF, 0xF4, 0x00, 0x00, 0x00, 0x01, 0x00, 0x06, 0xFF, 0xFC,
    0x10, 0x00, 0x03, 0x99, 0x00, 0x01, 0xDF, 0xFF, 0xEA, 0x9A, 0xDF, 0xF9, 0x00, 0x00, 0x3E, 0xFF,
    0xFF, 0xFF, 0xFF, 0xF9, 0x00, 0x00, 0x02, 0x9F, 0xFF, 0xFF, 0xFD, 0x92, 0x00, 0x00, 0x00, 0x00,
    0x35, 0x54, 0x20, 0x00, 0x00, 0x00, 0x01, 0x8D, 0xFF, 0xFF, 0x00, 0x0C, 0xFF, 0xFF, 0xFF, 0x00,
    0x5F, 0xFF, 0xFE, 0xDD, 0x00, 0x8F, 0xFF, 0x80, 0x00, 0x00, 0x9F, 0xFF, 0x50, 0x00, 0x6A, 0xDF,
    0xFF, 0xCA, 0xA7, 0x9F, 0xFF, 0xFF, 0xFF, 0xFA, 0x9F, 0xFF, 0xFF, 0xFF, 0xFA, 0x47, 0xCF, 0xFF,
    0x97, 0x75, 0x00, 0x9F, 0xFF, 0x50, 0x00, 0x00, 0x9F, 0xFF, 0x50, 0x00, 0x00, 0x9F, 0xFF, 0x50,
    0x00, 0x00, 0x9F, 0xFF, 0x50, 0x00, 0x00, 0x9F, 0xFF, 0x50, 0x00, 0x00, 0x9F, 0xFF, 0x50, 0x00,
    0x00, 0x9F, 0xFF, 0x50, 0x00, 0x00, 0x9F, 0xFF, 0x50, 0x00, 0x00, 0x9F, 0xFF, 0x50, 0x00, 0x00,
    0x9F, 0xFF, 0x50, 0x00, 0x00, 0x02, 0x9E, 0xEC, 0x50, 0x7A, 0xAA, 0x20, 0x00, 0x2E, 0xFF, 0xFF,
    0xF8, 0xBF, 0xFF, 0x30, 0x00, 0xCF, 0xFF, 0xFF, 0xFF, 0xEF, 0xFF, 0x30, 0x05, 0xFF, 0xFF, 0x84,
    0x6E, 0xFF, 0xFF, 0x30, 0x0A, 0xFF, 0xFA, 0x00, 0x04, 0xFF, 0xFF, 0x30, 0x0D, 0xFF, 0xF4, 0x00,
    0x00, 0xEF, 0xFF, 0x30, 0x0E, 0xFF, 0xF2, 0x00, 0x00, 0xCF, 0xFF, 0x30, 0x0E, 0xFF, 0xF2, 0x00,
    0x00, 0xCF, 0xFF, 0x30, 0x0D, 0xFF, 0xF4, 0x00, 0x00, 0xEF, 0xFF, 0x30, 0x0A, 0xFF, 0xF9, 0x00,
    0x04, 0xFF, 0xFF, 0x30, 0x05, 0xFF, 0xFF, 0x83, 0x6E, 0xFF, 0xFF, 0x30, 0x00, 0xCF, 0xFF, 0xFF,
    0xFF, 0xEF, 0xFF, 0x30, 0x00, 0x2E, 0xFF, 0xFF, 0xF9, 0xBF, 0xFF, 0x30, 0x00, 0x02, 0xAE, 0xEC,
    0x60, 0xCF, 0xFF, 0x20, 0x00, 0x00, 0x00, 0x00, 0x01, 0xFF, 0xFF, 0x10, 0x00, 0x54, 0x00, 0x00,
    0x09, 0xFF, 0xFB, 0x00, 0x00, 0x7F, 0xD9, 0x89, 0xDF, 0xFF, 0xF4, 0x00, 0x00, 0x7F, 0xFF, 0xFF,
    0xFF, 0xFF, 0x70, 0x00, 0x00, 0x5D, 0xFF, 0xFF, 0xFF, 0xB4, 0x00, 0x00, 0x00, 0x00, 0x24, 0x55,
    0x41, 0x00, 0x00, 0x00, 0x02, 0xFF, 0xFC, 0x00, 0x00, 0x00, 0x00, 0x00, 0x02, 0xFF, 0xFC, 0x00,
    0x00, 0x00, 0x00, 0x00, 0x02, 0xFF, 0xFC, 0x00, 0x00, 0x00, 0x00, 0x00, 0x02, 0xFF, 0xFC, 0x00,
    0x00, 0x00, 0x00, 0x00, 0x02, 0xFF, 0xFC, 0x00, 0x00, 0x00, 0x00, 0x00, 0x02, 0xFF, 0xFC, 0x04,
    0xBE, 0xEB, 0x30, 0x00, 0x02, 0xFF, 0xFC, 0x6F, 0xFF, 0xFF, 0xE3, 0x00, 0x02, 0xFF, 0xFE, 0xFF,
    0xFF, 0xFF, 0xFB, 0x00, 0x02, 0xFF, 0xFF, 0xF8, 0x5B, 0xFF, 0xFF, 0x10, 0x02, 0xFF, 0xFF, 0x70,
    0x00, 0xEF, 0xFF, 0x30, 0x02, 0xFF, 0xFF, 0x10, 0x00, 0xBF, 0xFF, 0x40, 0x02, 0xFF, 0xFE, 0x00,
    0x00, 0xBF, 0xFF, 0x40, 0x02, 0xFF, 0xFC, 0x00, 0x00, 0xBF, 0xFF, 0x40, 0x02, 0xFF, 0xFC, 0x00,
    0x00, 0xBF, 0xFF, 0x40, 0x02, 0xFF, 0xFC, 0x00, 0x00, 0xBF, 0xFF, 0x40, 0x02, 0xFF, 0xFC, 0x00,
    0x00, 0xBF, 0xFF, 0x40, 0x02, 0xFF, 0xFC, 0x00, 0x00, 0xBF, 0xFF, 0x40, 0x02, 0xFF, 0xFC, 0x00,
    0x00, 0xBF, 0xFF, 0x40, 0x02, 0xFF, 0xFC, 0x00, 0x00, 0xBF, 0xFF, 0x40, 0x02, 0xFF, 0xFC, 0x00,
    0x02, 0xFF, 0xFC, 0x00, 0x02, 0xFF, 0xFC, 0x00, 0x01, 0x88, 0x87, 0x00, 0x00, 0x00, 0x00, 0x00,
    0x01, 0xAA, 0xA8, 0x00, 0x02, 0xFF, 0xFC, 0x00, 0x02, 0xFF, 0xFC, 0x00, 0x02, 0xFF, 0xFC, 0x00,
    0x02, 0xFF, 0xFC, 0x00, 0x02, 0xFF, 0xFC, 0x00, 0x02, 0xFF, 0xFC, 0x00, 0x02, 0xFF, 0xFC, 0x00,
    0x02, 0xFF, 0xFC, 0x00, 0x02, 0xFF, 0xFC, 0x00, 0x02, 0xFF, 0xFC, 0x00, 0x02, 0xFF, 0xFC, 0x00,
    0x02, 0xFF, 0xFC, 0x00, 0x02, 0xFF, 0xFC, 0x00, 0x00, 0x1F, 0xFF, 0xD0, 0x00, 0x00, 0x1F, 0xFF,
    0xD0, 0x00, 0x00, 0x1F, 0xFF, 0xD0, 0x00, 0x00, 0x18, 0x88, 0x70, 0x00, 0x00, 0x00, 0x00, 0x00,
    0x00, 0x00, 0x1A, 0xAA, 0x90, 0x00, 0x00, 0x1F, 0xFF, 0xD0, 0x00, 0x00, 0x1F, 0xFF, 0xD0, 0x00,
    0x00, 0x1F, 0xFF, 0xD0, 0x00, 0x00, 0x1F, 0xFF, 0xD0, 0x00, 0x00, 0x1F, 0xFF, 0xD0, 0x00, 0x00,
    0x1F, 0xFF, 0xD0, 0x00, 0x00, 0x1F, 0xFF, 0xD0, 0x00, 0x00, 0x1F, 0xFF, 0xD0, 0x00, 0x00, 0x1F,
    0xFF, 0xD0, 0x00, 0x00, 0x1F, 0xFF, 0xD0, 0x00, 0x00, 0x1F, 0xFF, 0xD0, 0x00, 0x00, 0x1F, 0xFF,
    0xD0, 0x00, 0x00, 0x1F, 0xFF, 0xD0, 0x00, 0x00, 0x2F, 0xFF, 0xC0, 0x00, 0x00, 0x5F, 0xFF, 0xA0,
    0x00, 0x58, 0xEF, 0xFF, 0x60, 0x00, 0xBF, 0xFF, 0xFD, 0x10, 0x00, 0xBF, 0xFF, 0xD3, 0x00, 0x00,
    0x46, 0x53, 0x00, 0x00, 0x00, 0x02, 0xFF, 0xFC, 0x00, 0x00, 0x00, 0x00, 0x00, 0x02, 0xFF, 0xFC,
    0x00, 0x00, 0x00, 0x00, 0x00, 0x02, 0xFF, 0xFC, 0x00, 0x00, 0x00, 0x00, 0x00, 0x02, 0xFF, 0xFC,
    0x00, 0x00, 0x00, 0x00, 0x00, 0x02, 0xFF, 0xFC, 0x00, 0x00, 0x00, 0x00, 0x00, 0x02, 0xFF, 0xFC,
    0x00, 0x00, 0x9A, 0xAA, 0x60, 0x02, 0xFF, 0xFC, 0x00, 0x0A, 0xFF, 0xFB, 0x10, 0x02, 0xFF, 0xFC,
    0x00, 0x9F, 0xFF, 0xC1, 0x00, 0x02, 0xFF, 0xFC, 0x08, 0xFF, 0xFC, 0x10, 0x00, 0x02, 0xFF, 0xFC,
    0x6F, 0xFF, 0xD1, 0x00, 0x00, 0x02, 0xFF, 0xFE, 0xFF, 0xFD, 0x20, 0x00, 0x00, 0x02, 0xFF, 0xFF,
    0xFF, 0xF2, 0x00, 0x00, 0x00, 0x02, 0xFF, 0xFF, 0xFF, 0xFA, 0x00, 0x00, 0x00, 0x02, 0xFF, 0xFD,
    0xDF, 0xFF, 0x80, 0x00, 0x00, 0x02, 0xFF, 0xFC, 0x3E, 0xFF, 0xF7, 0x00, 0x00, 0x02, 0xFF, 0xFC,
    0x05, 0xFF, 0xFF, 0x50, 0x00, 0x02, 0xFF, 0xFC, 0x00, 0x7F, 0xFF, 0xF3, 0x00, 0x02, 0xFF, 0xFC,
    0x00, 0x0A, 0xFF, 0xFE, 0x20, 0x02, 0xFF, 0xFC, 0x00, 0x00, 0xCF, 0xFF, 0xD1, 0x02, 0xFF, 0xFC,
    0x00, 0x02, 0xFF, 0xFC, 0x00, 0x02, 0xFF, 0xFC, 0x00, 0x02, 0xFF, 0xFC, 0x00, 0x02, 0xFF, 0xFC,
    0x00, 0x02, 0xFF, 0xFC, 0x00, 0x02, 0xFF, 0xFC, 0x00, 0x02, 0xFF, 0xFC, 0x00, 0x02, 0xFF, 0xFC,
    0x00, 0x02, 0xFF, 0xFC, 0x00, 0x02, 0xFF, 0xFC, 0x00, 0x02, 0xFF, 0xFC, 0x00, 0x02, 0xFF, 0xFC,
    0x00, 0x02, 0xFF, 0xFC, 0x00, 0x02, 0xFF, 0xFC, 0x00, 0x02, 0xFF, 0xFC, 0x00, 0x02, 0xFF, 0xFC,
    0x00, 0x02, 0xFF, 0xFC, 0x00, 0x02, 0xFF, 0xFC, 0x00, 0x01, 0xAA, 0xA8, 0x06, 0xCE, 0xD7, 0x00,
    0x18, 0xDF, 0xD7, 0x00, 0x00, 0x02, 0xFF, 0xFC, 0x8F, 0xFF, 0xFF, 0x91, 0xCF, 0xFF, 0xFF, 0x80,
    0x00, 0x02, 0xFF, 0xFE, 0xFF, 0xFF, 0xFF, 0xFC, 0xFF, 0xFF, 0xFF, 0xF2, 0x00, 0x02, 0xFF, 0xFF,
    0xE7, 0x6D, 0xFF, 0xFF, 0xE6, 0x6E, 0xFF, 0xF7, 0x00, 0x02, 0xFF, 0xFF, 0x60, 0x06, 0xFF, 0xFF,
    0x50, 0x07, 0xFF, 0xF9, 0x00, 0x02, 0xFF, 0xFF, 0x10, 0x04, 0xFF, 0xFE, 0x00, 0x05, 0xFF, 0xFA,
    0x00, 0x02, 0xFF, 0xFD, 0x00, 0x03, 0xFF, 0xFC, 0x00, 0x04, 0xFF, 0xFA, 0x00, 0x02, 0xFF, 0xFC,
    0x00, 0x03, 0xFF, 0xFB, 0x00, 0x04, 0xFF, 0xFA, 0x00, 0x02, 0xFF, 0xFC, 0x00, 0x03, 0xFF, 0xFB,
    0x00, 0x04, 0xFF, 0xFA, 0x00, 0x02, 0xFF, 0xFC, 0x00, 0x03, 0xFF, 0xFB, 0x00, 0x04, 0xFF, 0xFA,
    0x00, 0x02, 0xFF, 0xFC, 0x00, 0x03, 0xFF, 0xFB, 0x00, 0x04, 0xFF, 0xFA, 0x00, 0x02, 0xFF, 0xFC,
    0x00, 0x03, 0xFF, 0xFB, 0x00, 0x04, 0xFF, 0xFA, 0x00, 0x02, 0xFF, 0xFC, 0x00, 0x03, 0xFF, 0xFB,
    0x00, 0x04, 0xFF, 0xFA, 0x00, 0x02, 0xFF, 0xFC, 0x00, 0x03, 0xFF, 0xFB, 0x00, 0x04, 0xFF, 0xFA,
    0x00, 0x01, 0xAA, 0xA8, 0x04, 0xBE, 0xEB, 0x30, 0x00, 0x02, 0xFF, 0xFC, 0x6F, 0xFF, 0xFF, 0xE3,
    0x00, 0x02, 0xFF, 0xFE, 0xFF, 0xFF, 0xFF, 0xFB, 0x00, 0x02, 0xFF, 0xFF, 0xF8, 0x5B, 0xFF, 0xFF,
    0x10, 0x02, 0xFF, 0xFF, 0x70, 0x00, 0xEF, 0xFF, 0x30, 0x02, 0xFF, 0xFF, 0x10, 0x00, 0xBF, 0xFF,
    0x40, 0x02, 0xFF, 0xFE, 0x00, 0x00, 0xBF, 0xFF, 0x40, 0x02, 0xFF, 0xFC, 0x00, 0x00, 0xBF, 0xFF,
    0x40, 0x02, 0xFF, 0xFC, 0x00, 0x00, 0xBF, 0xFF, 0x40, 0x02, 0xFF, 0xFC, 0x00, 0x00, 0xBF, 0xFF,
    0x40, 0x02, 0xFF, 0xFC, 0x00, 0x00, 0xBF, 0xFF, 0x40, 0x02, 0xFF, 0xFC, 0x00, 0x00, 0xBF, 0xFF,
    0x40, 0x02, 0xFF, 0xFC, 0x00, 0x00, 0xBF, 0xFF, 0x40, 0x02, 0xFF, 0xFC, 0x00, 0x00, 0xBF, 0xFF,
    0x40, 0x00, 0x00, 0x5A, 0xDF, 0xEC, 0x81, 0x00, 0x00, 0x00, 0x1B, 0xFF, 0xFF, 0xFF, 0xFE, 0x40,
    0x00, 0x00, 0xAF, 0xFF, 0xFF, 0xFF, 0xFF, 0xE3, 0x00, 0x04, 0xFF, 0xFF, 0x72, 0x4D, 0xFF, 0xFB,
    0x00, 0x0A, 0xFF, 0xF9, 0x00, 0x03, 0xFF, 0xFF, 0x20, 0x0D, 0xFF, 0xF4, 0x00, 0x00, 0xCF, 0xFF,
    0x50, 0x0F, 0xFF, 0xF2, 0x00, 0x00, 0xAF, 0xFF, 0x70, 0x0F, 0xFF, 0xF1, 0x00, 0x00, 0xAF, 0xFF,
    0x70, 0x0E, 0xFF, 0xF3, 0x00, 0x00, 0xBF, 0xFF, 0x60, 0x0B, 0xFF, 0xF7, 0x00, 0x01, 0xEF, 0xFF,
    0x30, 0x07, 0xFF, 0xFE, 0x20, 0x09, 0xFF, 0xFD, 0x00, 0x01, 0xDF, 0xFF, 0xFC, 0xDF, 0xFF, 0xF6,
    0x00, 0x00, 0x3E, 0xFF, 0xFF, 0xFF, 0xFF, 0x90, 0x00, 0x00, 0x02, 0xAF, 0xFF, 0xFF, 0xD6, 0x00,
    0x00, 0x00, 0x00, 0x01, 0x45, 0x52, 0x00, 0x00, 0x00, 0x01, 0xAA, 0xA8, 0x05, 0xBE, 0xEA, 0x20,
    0x00, 0x02, 0xFF, 0xFC, 0x7F, 0xFF, 0xFF, 0xE3, 0x00, 0x02, 0xFF, 0xFE, 0xFF, 0xFF, 0xFF, 0xFD,
    0x10, 0x02, 0xFF, 0xFF, 0xE6, 0x37, 0xFF, 0xFF, 0x60, 0x02, 0xFF, 0xFF, 0x60, 0x00, 0x8F, 0xFF,
    0xB0, 0x02, 0xFF, 0xFF, 0x10, 0x00, 0x2F, 0xFF, 0xE0, 0x02, 0xFF, 0xFD, 0x00, 0x00, 0x1F, 0xFF,
    0xF1, 0x02, 0xFF, 0xFD, 0x00, 0x00, 0x0F, 0xFF, 0xF1, 0x02, 0xFF, 0xFE, 0x00, 0x00, 0x1F, 0xFF,
    0xF0, 0x02, 0xFF, 0xFF, 0x40, 0x00, 0x6F, 0xFF, 0xD0, 0x02, 0xFF, 0xFF, 0xC1, 0x02, 0xDF, 0xFF,
    0x80, 0x02, 0xFF, 0xFF, 0xFE, 0xDF, 0xFF, 0xFF, 0x20, 0x02, 0xFF, 0xFD, 0xBF, 0xFF, 0xFF, 0xF7,
    0x00, 0x02, 0xFF, 0xFC, 0x1A, 0xFF, 0xFF, 0x70, 0x00, 0x02, 0xFF, 0xFC, 0x00, 0x25, 0x41, 0x00,
    0x00, 0x02, 0xFF, 0xFC, 0x00, 0x00, 0x00, 0x00, 0x00, 0x02, 0xFF, 0xFC, 0x00, 0x00, 0x00, 0x00,
    0x00, 0x02, 0xFF, 0xFC, 0x00, 0x00, 0x00, 0x00, 0x00, 0x02, 0xFF, 0xFC, 0x00, 0x00, 0x00, 0x00,
    0x00, 0x00, 0x33, 0x33, 0x00, 0x00, 0x00, 0x00, 0x00, 0x00, 0x02, 0x9E, 0xEC, 0x50, 0x7A, 0xAA,
    0x20, 0x00, 0x2E, 0xFF, 0xFF, 0xF8, 0xBF, 0xFF, 0x30, 0x00, 0xCF, 0xFF, 0xFF, 0xFF, 0xEF, 0xFF,
    0x30, 0x05, 0xFF, 0xFF, 0x83, 0x5E, 0xFF, 0xFF, 0x30, 0x0A, 0xFF, 0xFA, 0x00, 0x04, 0xFF, 0xFF,
    0x30, 0x0D, 0xFF, 0xF4, 0x00, 0x00, 0xEF, 0xFF, 0x30, 0x0E, 0xFF, 0xF2, 0x00, 0x00, 0xCF, 0xFF,
    0x30, 0x0E, 0xFF, 0xF2, 0x00, 0x00, 0xCF, 0xFF, 0x30, 0x0E, 0xFF, 0xF3, 0x00, 0x00, 0xDF, 0xFF,
    0x30, 0x0B, 0xFF, 0xF7, 0x00, 0x02, 0xFF, 0xFF, 0x30, 0x07, 0xFF, 0xFE, 0x20, 0x1A, 0xFF, 0xFF,
    0x30, 0x01, 0xEF, 0xFF, 0xFD, 0xEF, 0xFF, 0xFF, 0x30, 0x00, 0x6F, 0xFF, 0xFF, 0xFC, 0xCF, 0xFF,
    0x30, 0x00, 0x06, 0xEF, 0xFF, 0xB1, 0xBF, 0xFF, 0x30, 0x00, 0x00, 0x14, 0x52, 0x00, 0xBF, 0xFF,
    0x30, 0x00, 0x00, 0x00, 0x00, 0x00, 0xBF, 0xFF, 0x30, 0x00, 0x00, 0x00, 0x00, 0x00, 0xBF, 0xFF,
    0x30, 0x00, 0x00, 0x00, 0x00, 0x00, 0xBF, 0xFF, 0x30, 0x00, 0x00, 0x00, 0x00, 0x00, 0xBF, 0xFF,
    0x30, 0x00, 0x00, 0x00, 0x00, 0x00, 0x23, 0x33, 0x10, 0x01, 0xAA, 0xA8, 0x04, 0xBE, 0xE0, 0x02,
    0xFF, 0xFC, 0x6F, 0xFF, 0xF0, 0x02, 0xFF, 0xFE, 0xEF, 0xFF, 0xF0, 0x02, 0xFF, 0xFF, 0xFD, 0x99,
    0xD0, 0x02, 0xFF, 0xFF, 0xB0, 0x00, 0x00, 0x02, 0xFF, 0xFF, 0x30, 0x00, 0x00, 0x02, 0xFF, 0xFE,
    0x00, 0x00, 0x00, 0x02, 0xFF, 0xFD, 0x00, 0x00, 0x00, 0x02, 0xFF, 0xFC, 0x00, 0x00, 0x00, 0x02,
    0xFF, 0xFC, 0x00, 0x00, 0x00, 0x02, 0xFF, 0xFC, 0x00, 0x00, 0x00, 0x02, 0xFF, 0xFC, 0x00, 0x00,
    0x00, 0x02, 0xFF, 0xFC, 0x00, 0x00, 0x00, 0x02, 0xFF, 0xFC, 0x00, 0x00, 0x00, 0x00, 0x17, 0xCE,
    0xFE, 0xDA, 0x72, 0x00, 0x01, 0xDF, 0xFF, 0xFF, 0xFF, 0xF8, 0x00, 0x08, 0xFF, 0xFF, 0xEE, 0xFF,
    0xF8, 0x00, 0x0C, 0xFF, 0xD2, 0x00, 0x15, 0xA7, 0x00, 0x0C, 0xFF, 0xB0, 0x00, 0x00, 0x00, 0x00,
    0x0B, 0xFF, 0xFD, 0x97, 0x40, 0x00, 0x00, 0x05, 0xFF, 0xFF, 0xFF, 0xFE, 0x91, 0x00, 0x00, 0x7E,
    0xFF, 0xFF, 0xFF, 0xFB, 0x00, 0x00, 0x01, 0x58, 0xBE, 0xFF, 0xFF, 0x20, 0x00, 0x00, 0x00, 0x00,
    0x9F, 0xFF, 0x40, 0x06, 0x50, 0x00, 0x00, 0x8F, 0xFF, 0x40, 0x0A, 0xFE, 0xB9, 0x9B, 0xFF, 0xFF,
    0x10, 0x0A, 0xFF, 0xFF, 0xFF, 0xFF, 0xF9, 0x00, 0x06, 0xCF, 0xFF, 0xFF, 0xFE, 0x70, 0x00, 0x00,
    0x01, 0x34, 0x55, 0x30, 0x00, 0x00, 0x00, 0x68, 0x88, 0x20, 0x00, 0x00, 0x00, 0xBF, 0xFF, 0x30,
    0x00, 0x00, 0x00, 0xBF, 0xFF, 0x30, 0x00, 0x00, 0x00, 0xBF, 0xFF, 0x30, 0x00, 0x00, 0x7A, 0xEF,
    0xFF, 0xBA, 0xAA, 0x20, 0xBF, 0xFF, 0xFF, 0xFF, 0xFF, 0x40, 0xBF, 0xFF, 0xFF, 0xFF, 0xFF, 0x40,
    0x57, 0xDF, 0xFF, 0x87, 0x77, 0x20, 0x00, 0xBF, 0xFF, 0x30, 0x00, 0x00, 0x00, 0xBF, 0xFF, 0x30,
    0x00, 0x00, 0x00, 0xBF, 0xFF, 0x30, 0x00, 0x00, 0x00, 0xBF, 0xFF, 0x30, 0x00, 0x00, 0x00, 0xBF,
    0xFF, 0x30, 0x00, 0x00, 0x00, 0xBF, 0xFF, 0x30, 0x00, 0x00, 0x00, 0xAF, 0xFF, 0x92, 0x22, 0x00,
    0x00, 0x7F, 0xFF, 0xFF, 0xFE, 0x00, 0x00, 0x2E, 0xFF, 0xFF, 0xFE, 0x00, 0x00, 0x03, 0xAE, 0xFF,
    0xFE, 0x00, 0x02, 0xAA, 0xA7, 0x00, 0x00, 0x8A, 0xAA, 0x10, 0x04, 0xFF, 0xFB, 0x00, 0x00, 0xCF,
    0xFF, 0x20, 0x04, 0xFF, 0xFB, 0x00, 0x00, 0xCF, 0xFF, 0x20, 0x04, 0xFF, 0xFB, 0x00, 0x00, 0xCF,
    0xFF, 0x20, 0x04, 0xFF, 0xFB, 0x00, 0x00, 0xCF, 0xFF, 0x20, 0x04, 0xFF, 0xFA, 0x00, 0x00, 0xCF,
    0xFF, 0x20, 0x04, 0xFF, 0xFA, 0x00, 0x00, 0xCF, 0xFF, 0x20, 0x04, 0xFF, 0xFA, 0x00, 0x00, 0xDF,
    0xFF, 0x20, 0x03, 0xFF, 0xFB, 0x00, 0x00, 0xEF, 0xFF, 0x20, 0x03, 0xFF, 0xFD, 0x00, 0x05, 0xFF,
    0xFF, 0x20, 0x01, 0xFF, 0xFF, 0x60, 0x3D, 0xFF, 0xFF, 0x20, 0x00, 0xCF, 0xFF, 0xFF, 0xFF, 0xFF,
    0xFF, 0x20, 0x00, 0x6F, 0xFF, 0xFF, 0xFB, 0xDF, 0xFF, 0x20, 0x00, 0x07, 0xFF, 0xFF, 0x91, 0xCF,
    0xFF, 0x20, 0x00, 0x00, 0x15, 0x52, 0x00, 0x00, 0x00, 0x00, 0x5A, 0xAA, 0x40, 0x00, 0x00, 0x7A,
    0xAA, 0x20, 0x4F, 0xFF, 0xA0, 0x00, 0x00, 0xEF, 0xFE, 0x00, 0x0D, 0xFF, 0xE0, 0x00, 0x05, 0xFF,
    0xF8, 0x00, 0x08, 0xFF, 0xF4, 0x00, 0x0A, 0xFF, 0xF3, 0x00, 0x03, 0xFF, 0xF9, 0x00, 0x0E, 0xFF,
    0xD0, 0x00, 0x00, 0xCF, 0xFE, 0x00, 0x4F, 0xFF, 0x80, 0x00, 0x00, 0x7F, 0xFF, 0x40, 0x9F, 0xFF,
    0x20, 0x00, 0x00, 0x2F, 0xFF, 0x90, 0xEF, 0xFC, 0x00, 0x00, 0x00, 0x0C, 0xFF, 0xE4, 0xFF, 0xF7,
    0x00, 0x00, 0x00, 0x06, 0xFF, 0xFC, 0xFF, 0xF1, 0x00, 0x00, 0x00, 0x01, 0xFF, 0xFF, 0xFF, 0xB0,
    0x00, 0x00, 0x00, 0x00, 0xBF, 0xFF, 0xFF, 0x60, 0x00, 0x00, 0x00, 0x00, 0x5F, 0xFF, 0xFF, 0x10,
    0x00, 0x00, 0x00, 0x00, 0x1E, 0xFF, 0xFA, 0x00, 0x00, 0x00, 0x1A, 0xAA, 0x70, 0x00, 0x3A, 0xAA,
    0x10, 0x00, 0x9A, 0xA9, 0x00, 0x0E, 0xFF, 0xD0, 0x00, 0x8F, 0xFF, 0x40, 0x01, 0xFF, 0xFB, 0x00,
    0x0A, 0xFF, 0xF1, 0x00, 0xBF, 0xFF, 0x80, 0x04, 0xFF, 0xF7, 0x00, 0x07, 0xFF, 0xF5, 0x00, 0xEF,
    0xFF, 0xB0, 0x08, 0xFF, 0xF4, 0x00, 0x03, 0xFF, 0xF8, 0x03, 0xFF, 0xEF, 0xE0, 0x0B, 0xFF, 0xF1,
    0x00, 0x00, 0xEF, 0xFB, 0x06, 0xFF, 0x9F, 0xF3, 0x0E, 0xFF, 0xC0, 0x00, 0x00, 0xBF, 0xFE, 0x09,
    0xFE, 0x3F, 0xF6, 0x3F, 0xFF, 0x80, 0x00, 0x00, 0x8F, 0xFF, 0x3D, 0xFB, 0x0E, 0xF9, 0x6F, 0xFF,
    0x50, 0x00, 0x00, 0x4F, 0xFF, 0x7F, 0xF8, 0x0B, 0xFD, 0xAF, 0xFF, 0x10, 0x00, 0x00, 0x1F, 0xFF,
    0xDF, 0xF5, 0x08, 0xFF, 0xEF, 0xFC, 0x00, 0x00, 0x00, 0x0C, 0xFF, 0xFF, 0xF1, 0x05, 0xFF, 0xFF,
    0xF9, 0x00, 0x00, 0x00, 0x08, 0xFF, 0xFF, 0xD0, 0x01, 0xFF, 0xFF, 0xF5, 0x00, 0x00, 0x00, 0x05,
    0xFF, 0xFF, 0xA0, 0x00, 0xDF, 0xFF, 0xF2, 0x00, 0x00, 0x00, 0x01, 0xFF, 0xFF, 0x70, 0x00, 0xAF,
    0xFF, 0xD0, 0x00, 0x00, 0x2A, 0xAA, 0x90, 0x00, 0x04, 0xAA, 0xA7, 0x00, 0x0A, 0xFF, 0xF7, 0x00,
    0x1D, 0xFF, 0xF3, 0x00, 0x01, 0xEF, 0xFE, 0x20, 0x9F, 0xFF, 0x80, 0x00, 0x00, 0x5F, 0xFF, 0xA3,
    0xFF, 0xFC, 0x00, 0x00, 0x00, 0x0A, 0xFF, 0xFE, 0xFF, 0xF3, 0x00, 0x00, 0x00, 0x01, 0xEF, 0xFF,
    0xFF, 0x80, 0x00, 0x00, 0x00, 0x00, 0x5F, 0xFF, 0xFC, 0x00, 0x00, 0x00, 0x00, 0x00, 0x5F, 0xFF,
    0xFC, 0x00, 0x00, 0x00, 0x00, 0x01, 0xEF, 0xFF, 0xFF, 0x80, 0x00, 0x00, 0x00, 0x0A, 0xFF, 0xFE,
    0xFF, 0xF3, 0x00, 0x00, 0x00, 0x5F, 0xFF, 0xB4, 0xFF, 0xFC, 0x00, 0x00, 0x01, 0xEF, 0xFE, 0x20,
    0x9F, 0xFF, 0x80, 0x00, 0x0A, 0xFF, 0xF7, 0x00, 0x1D, 0xFF, 0xF3, 0x00, 0x5F, 0xFF, 0xC0, 0x00,
    0x05, 0xFF, 0xFC, 0x00, 0x6A, 0xAA, 0x30, 0x00, 0x00, 0x8A, 0xAA, 0x10, 0x4F, 0xFF, 0xA0, 0x00,
    0x01, 0xFF, 0xFD, 0x00, 0x0D, 0xFF, 0xE1, 0x00, 0x05, 0xFF, 0xF8, 0x00, 0x08, 0xFF, 0xF5, 0x00,
    0x0A, 0xFF, 0xF2, 0x00, 0x02, 0xFF, 0xFA, 0x00, 0x0E, 0xFF, 0xC0, 0x00, 0x00, 0xBF, 0xFF, 0x10,
    0x4F, 0xFF, 0x70, 0x00, 0x00, 0x5F, 0xFF, 0x60, 0x8F, 0xFF, 0x20, 0x00, 0x00, 0x0E, 0xFF, 0xB0,
    0xDF, 0xFC, 0x00, 0x00, 0x00, 0x09, 0xFF, 0xF4, 0xFF, 0xF6, 0x00, 0x00, 0x00, 0x03, 0xFF, 0xFD,
    0xFF, 0xF1, 0x00, 0x00, 0x00, 0x00, 0xCF, 0xFF, 0xFF, 0xB0, 0x00, 0x00, 0x00, 0x00, 0x6F, 0xFF,
    0xFF, 0x60, 0x00, 0x00, 0x00, 0x00, 0x1E, 0xFF, 0xFF, 0x10, 0x00, 0x00, 0x00, 0x00, 0x0A, 0xFF,
    0xFB, 0x00, 0x00, 0x00, 0x00, 0x00, 0x05, 0xFF, 0xF5, 0x00, 0x00, 0x00, 0x00, 0x00, 0x09, 0xFF,
    0xE1, 0x00, 0x00, 0x00, 0x00, 0x57, 0xAF, 0xFF, 0x90, 0x00, 0x00, 0x00, 0x00, 0xBF, 0xFF, 0xFE,
    0x20, 0x00, 0x00, 0x00, 0x00, 0xBF, 0xFF, 0xD4, 0x00, 0x00, 0x00, 0x00, 0x00, 0x46, 0x64, 0x00,
    0x00, 0x00, 0x00, 0x00, 0x07, 0xAA, 0xAA, 0xAA, 0xAA, 0xAA, 0x00, 0x0B, 0xFF, 0xFF, 0xFF, 0xFF,
    0xFF, 0x00, 0x0B, 0xFF, 0xFF, 0xFF, 0xFF, 0xFF, 0x00, 0x05, 0x77, 0x77, 0x7D, 0xFF, 0xFD, 0x00,
    0x00, 0x00, 0x00, 0x6F, 0xFF, 0xE2, 0x00, 0x00, 0x00, 0x04, 0xFF, 0xFF, 0x30, 0x00, 0x00, 0x00,
    0x3E, 0xFF, 0xF5, 0x00, 0x00, 0x00, 0x02, 0xDF, 0xFF, 0x70, 0x00, 0x00, 0x00, 0x1C, 0xFF, 0xF9,
    0x00, 0x00, 0x00, 0x00, 0xBF, 0xFF, 0xB0, 0x00, 0x00, 0x00, 0x09, 0xFF, 0xFD, 0x32, 0x22, 0x22,
    0x00, 0x0F, 0xFF, 0xFF, 0xFF, 0xFF, 0xFF, 0x00, 0x0F, 0xFF, 0xFF, 0xFF, 0xFF, 0xFF, 0x00, 0x0F,
    0xFF, 0xFF, 0xFF, 0xFF, 0xFF, 0x00, 0x00, 0x00, 0x00, 0x02, 0x9D, 0xFF, 0xF3, 0x00, 0x00, 0x00,
    0x00, 0x1E, 0xFF, 0xFF, 0xF3, 0x00, 0x00, 0x00, 0x00, 0x7F, 0xFF, 0xFD, 0xB2, 0x00, 0x00, 0x00,
    0x00, 0xBF, 0xFF, 0x50, 0x00, 0x00, 0x00, 0x00, 0x00, 0xCF, 0xFF, 0x10, 0x00, 0x00, 0x00, 0x00,
    0x00, 0xCF, 0xFF, 0x00, 0x00, 0x00, 0x00, 0x00, 0x00, 0xCF, 0xFF, 0x00, 0x00, 0x00, 0x00, 0x00,
    0x00, 0xCF, 0xFF, 0x00, 0x00, 0x00, 0x00, 0x00, 0x00, 0xEF, 0xFE, 0x00, 0x00, 0x00, 0x00, 0x00,
    0x07, 0xFF, 0xFC, 0x00, 0x00, 0x00, 0x00, 0x2C, 0xDF, 0xFF, 0xF5, 0x00, 0x00, 0x00, 0x00, 0x3F,
    0xFF, 0xFF, 0x50, 0x00, 0x00, 0x00, 0x00, 0x3F, 0xFF, 0xFF, 0xF4, 0x00, 0x00, 0x00, 0x00, 0x00,
    0x2A, 0xFF, 0xFB, 0x00, 0x00, 0x00, 0x00, 0x00, 0x01, 0xEF, 0xFE, 0x00, 0x00, 0x00, 0x00, 0x00,
    0x00, 0xCF, 0xFE, 0x00, 0x00, 0x00, 0x00, 0x00, 0x00, 0xCF, 0xFF, 0x00, 0x00, 0x00, 0x00, 0x00,
    0x00, 0xCF, 0xFF, 0x00, 0x00, 0x00, 0x00, 0x00, 0x00, 0xCF, 0xFF, 0x00, 0x00, 0x00, 0x00, 0x00,
    0x00, 0xBF, 0xFF, 0x50, 0x00, 0x00, 0x00, 0x00, 0x00, 0x8F, 0xFF, 0xFB, 0xA2, 0x00, 0x00, 0x00,
    0x00, 0x2E, 0xFF, 0xFF, 0xF3, 0x00, 0x00, 0x00, 0x00, 0x03, 0xBE, 0xFF, 0xF3, 0x00, 0x00, 0x00,
    0x00, 0x00, 0x00, 0x11, 0x10, 0x00, 0x00, 0x02, 0x21, 0x00, 0x00, 0x2F, 0xF5, 0x00, 0x00, 0x2F,
    0xF5, 0x00, 0x00, 0x2F, 0xF5, 0x00, 0x00, 0x2F, 0xF5, 0x00, 0x00, 0x2F, 0xF5, 0x00, 0x00, 0x2F,
    0xF5, 0x00, 0x00, 0x2F, 0xF5, 0x00, 0x00, 0x2F, 0xF5, 0x00, 0x00, 0x2F, 0xF5, 0x00, 0x00, 0x2F,
    0xF5, 0x00, 0x00, 0x2F, 0xF5, 0x00, 0x00, 0x2F, 0xF5, 0x00, 0x00, 0x2F, 0xF5, 0x00, 0x00, 0x2F,
    0xF5, 0x00, 0x00, 0x2F, 0xF5, 0x00, 0x00, 0x2F, 0xF5, 0x00, 0x00, 0x2F, 0xF5, 0x00, 0x00, 0x2F,
    0xF5, 0x00, 0x00, 0x2F, 0xF5, 0x00, 0x00, 0x2F, 0xF5, 0x00, 0x00, 0x2F, 0xF5, 0x00, 0x00, 0x2F,
    0xF5, 0x00, 0x00, 0x2F, 0xF5, 0x00, 0x00, 0x2F, 0xF5, 0x00, 0x00, 0x2D, 0xD5, 0x00, 0x00, 0x3F,
    0xFF, 0xD9, 0x20, 0x00, 0x00, 0x00, 0x00, 0x3F, 0xFF, 0xFF, 0xE1, 0x00, 0x00, 0x00, 0x00, 0x2B,
    0xCF, 0xFF, 0xF8, 0x00, 0x00, 0x00, 0x00, 0x00, 0x05, 0xFF, 0xFB, 0x00, 0x00, 0x00, 0x00, 0x00,
    0x00, 0xFF, 0xFC, 0x00, 0x00, 0x00, 0x00, 0x00, 0x00, 0xEF, 0xFC, 0x00, 0x00, 0x00, 0x00, 0x00,
    0x00, 0xEF, 0xFC, 0x00, 0x00, 0x00, 0x00, 0x00, 0x00, 0xEF, 0xFC, 0x00, 0x00, 0x00, 0x00, 0x00,
    0x00, 0xDF, 0xFE, 0x00, 0x00, 0x00, 0x00, 0x00, 0x00, 0xBF, 0xFF, 0x70, 0x00, 0x00, 0x00, 0x00,
    0x00, 0x4F, 0xFF, 0xFD, 0xC2, 0x00, 0x00, 0x00, 0x00, 0x05, 0xFF, 0xFF, 0xF3, 0x00, 0x00, 0x00,
    0x00, 0x4F, 0xFF, 0xFF, 0xF3, 0x00, 0x00, 0x00, 0x00, 0xBF, 0xFF, 0xA2, 0x00, 0x00, 0x00, 0x00,
    0x00, 0xDF, 0xFF, 0x10, 0x00, 0x00, 0x00, 0x00, 0x00, 0xEF, 0xFD, 0x00, 0x00, 0x00, 0x00, 0x00,
    0x00, 0xEF, 0xFC, 0x00, 0x00, 0x00, 0x00, 0x00, 0x00, 0xEF, 0xFC, 0x00, 0x00, 0x00, 0x00, 0x00,
    0x00, 0xFF, 0xFC, 0x00, 0x00, 0x00, 0x00, 0x00, 0x04, 0xFF, 0xFB, 0x00, 0x00, 0x00, 0x00, 0x2A,
    0xBF, 0xFF, 0xF8, 0x00, 0x00, 0x00, 0x00, 0x3F, 0xFF, 0xFF, 0xE2, 0x00, 0x00, 0x00, 0x00, 0x3F,
    0xFF, 0xEB, 0x30, 0x00, 0x00, 0x00, 0x00, 0x01, 0x11, 0x00, 0x00, 0x00, 0x00, 0x00, 0x00, 0x00,
    0x00, 0x10, 0x00, 0x00, 0x00, 0x00, 0x10, 0x00, 0x00, 0x02, 0x9E, 0xFE, 0xA5, 0x00, 0x00, 0x19,
    0x70, 0x00, 0x00, 0x5E, 0xFF, 0xFF, 0xFF, 0xE9, 0x79, 0xEF, 0x70, 0x00, 0x00, 0x9F, 0xFD, 0xCE,
    0xFF, 0xFF, 0xFF, 0xFF, 0x60, 0x00, 0x00, 0x9C, 0x30, 0x00, 0x4A, 0xFF, 0xFF, 0xD5, 0x00, 0x00,
    0x00, 0x40, 0x00, 0x00, 0x00, 0x15, 0x64, 0x00, 0x00, 0x00, 0x00, 0x00, 0x00, 0x00, 0x00, 0x00,
    0x00, 0x00, 0x00, 0x00, 0x00, 0x00, 0x00, 0x00, 0x00, 0x00, 0x00, 0x00, 0x00, 0x00, 0x00, 0x00,
    0x00, 0x00, 0x00, 0x00, 0x00, 0x00, 0x00, 0x00, 0x00, 0x00, 0x00, 0x00, 0x00, 0x00, 0x00, 0x00,
    0x00, 0x00, 0x00, 0x00, 0x00, 0x00, 0x00, 0x00, 0x00, 0x00, 0x00, 0x00, 0x00, 0x09, 0xAA, 0xA1,
    0x00, 0x00, 0x0D, 0xFF, 0xF2, 0x00, 0x00, 0x0D, 0xFF, 0xF2, 0x00, 0x00, 0x0D, 0xFF, 0xF2, 0x00,
    0x00, 0x09, 0xAA, 0xA1, 0x00, 0x00, 0x00, 0x00, 0x00, 0x00, 0x00, 0x03, 0x88, 0x50, 0x00, 0x00,
    0x06, 0xFF, 0xA0, 0x00, 0x00, 0x08, 0xFF, 0xC0, 0x00, 0x00, 0x09, 0xFF, 0xD0, 0x00, 0x00, 0x0B,
    0xFF, 0xF0, 0x00, 0x00, 0x0C, 0xFF, 0xF1, 0x00, 0x00, 0x0D, 0xFF, 0xF2, 0x00, 0x00, 0x0D, 0xFF,
    0xF2, 0x00, 0x00, 0x0D, 0xFF, 0xF2, 0x00, 0x00, 0x0D, 0xFF, 0xF2, 0x00, 0x00, 0x0D, 0xFF, 0xF2,
    0x00, 0x00, 0x0D, 0xFF, 0xF2, 0x00, 0x00, 0x07, 0x88, 0x81, 0x00, 0x00, 0x02, 0x67, 0x87, 0x30,
    0x00, 0x00, 0x00, 0x8F, 0xFF, 0xFF, 0xFA, 0x00, 0x00, 0x00, 0x8E, 0xA8, 0x8C, 0xFF, 0x80, 0x00,
    0x00, 0x20, 0x00, 0x01, 0xFF, 0xD0, 0x00, 0x00, 0x05, 0xAC, 0xDD, 0xFF, 0xF0, 0x00, 0x00, 0xAF,
    0xFE, 0xDC, 0xFF, 0xF0, 0x00, 0x02, 0xFF, 0xB0, 0x00, 0xFF, 0xF0, 0x00, 0x03, 0xFF, 0x80, 0x06,
    0xFF, 0xF0, 0x00, 0x01, 0xFF, 0xE8, 0x9F, 0xEF, 0xF0, 0x00, 0x00, 0x7F, 0xFF, 0xF9, 0xBF, 0xF0,
    0x00, 0x00, 0x03, 0x67, 0x30, 0x34, 0x40, 0x00, 0x00, 0x00, 0x00, 0x00, 0x00, 0x00, 0x00, 0x01,
    0xFF, 0xFF, 0xFF, 0xFF, 0xD0, 0x00, 0x01, 0xFF, 0xFF, 0xFF, 0xFF, 0xD0, 0x00, 0x01, 0x77, 0x77,
    0x77, 0x77, 0x60, 0x00, 0x00, 0x00, 0x00, 0x00, 0x00, 0x00, 0x00, 0x00, 0x00, 0x00, 0x00, 0x00,
    0x00, 0x00, 0x00, 0x00, 0x00, 0x00, 0x00, 0x00, 0x00, 0x00, 0x00, 0x00, 0x00, 0x00, 0x00, 0x00,
    0x00, 0x01, 0x8A, 0x92, 0x00, 0x00, 0x00, 0x2D, 0xFF, 0xFE, 0x30, 0x00, 0x00, 0xAF, 0xB5, 0x8F,
    0xC0, 0x00, 0x00, 0xEE, 0x00, 0x0A, 0xF3, 0x00, 0x00, 0xFC, 0x00, 0x08, 0xF4, 0x00, 0x00, 0xDE,
    0x20, 0x0C, 0xF2, 0x00, 0x00, 0x8F, 0xE9, 0xDF, 0xA0, 0x00, 0x00, 0x0A, 0xFF, 0xFC, 0x10, 0x00,
    0x00, 0x00, 0x36, 0x40, 0x00, 0x00, 0x00, 0x00, 0x00, 0x00, 0x00, 0x00, 0x00, 0x00, 0x00, 0x00,
    0x00, 0x00, 0x00, 0x00, 0x00, 0x00, 0x00, 0x00, 0x00, 0x00, 0x00, 0x00, 0x00, 0x00, 0x00, 0x00,
    0x00, 0x00, 0x00, 0x00, 0x00, 0x00, 0x00, 0x00, 0x00, 0x00, 0x00, 0x00, 0x00, 0x00, 0x00, 0x00,
    0x00, 0x00, 0x00, 0x00, 0x00, 0x00, 0x00, 0x00, 0x00, 0x00, 0x00, 0x00, 0x00, 0x00, 0x00, 0x00,
    0x00, 0x00, 0x00, 0x00, 0x00, 0x00, 0x9A, 0x70, 0x00, 0x00, 0x00, 0x00, 0x00, 0x00, 0x00, 0x00,
    0xDF, 0xB0, 0x00, 0x00, 0x00, 0x00, 0x00, 0x00, 0x00, 0x00, 0xDF, 0xB0, 0x00, 0x00, 0x00, 0x00,
    0x00, 0x00, 0x00, 0x00, 0xDF, 0xB0, 0x00, 0x00, 0x00, 0x00, 0x00, 0x35, 0x55, 0x55, 0xEF, 0xC5,
    0x55, 0x55, 0x30, 0x00, 0x00, 0x9F, 0xFF, 0xFF, 0xFF, 0xFF, 0xFF, 0xFF, 0x70, 0x00, 0x00, 0x9F,
    0xFF, 0xFF, 0xFF, 0xFF, 0xFF, 0xFF, 0x70, 0x00, 0x00, 0x58, 0x88, 0x88, 0xEF, 0xD8, 0x88, 0x88,
    0x40, 0x00, 0x00, 0x00, 0x00, 0x00, 0xDF, 0xB0, 0x00, 0x00, 0x00, 0x00, 0x00, 0x00, 0x00, 0x00,
    0xDF, 0xB0, 0x00, 0x00, 0x00, 0x00, 0x00, 0x00, 0x00, 0x00, 0xDF, 0xB0, 0x00, 0x00, 0x00, 0x00,
    0x00, 0x00, 0x00, 0x00, 0xBD, 0x90, 0x00, 0x00, 0x00, 0x00, 0x00, 0x00, 0x00, 0x00, 0x00, 0x00,
    0x00, 0x00, 0x00, 0x00, 0x00, 0x9E, 0xEE, 0xEE, 0xEE, 0xEE, 0xEE, 0xEE, 0x60, 0x00, 0x00, 0x9F,
    0xFF, 0xFF, 0xFF, 0xFF, 0xFF, 0xFF, 0x70, 0x00, 0x00, 0x9F, 0xFF, 0xFF, 0xFF, 0xFF, 0xFF, 0xFF,
    0x70, 0x00, 0x01, 0xAA, 0xA9, 0x00, 0x00, 0x7A, 0xAA, 0x30, 0x00, 0x01, 0xFF, 0xFD, 0x00, 0x00,
    0xAF, 0xFF, 0x40, 0x00, 0x01, 0xFF, 0xFD, 0x00, 0x00, 0xAF, 0xFF, 0x40, 0x00, 0x01, 0xFF, 0xFD,
    0x00, 0x00, 0xAF, 0xFF, 0x40, 0x00, 0x01, 0xFF, 0xFD, 0x00, 0x00, 0xAF, 0xFF, 0x40, 0x00, 0x01,
    0xFF, 0xFD, 0x00, 0x00, 0xAF, 0xFF, 0x40, 0x00, 0x01, 0xFF, 0xFD, 0x00, 0x00, 0xAF, 0xFF, 0x40,
    0x00, 0x01, 0xFF, 0xFD, 0x00, 0x00, 0xAF, 0xFF, 0x40, 0x00, 0x01, 0xFF, 0xFE, 0x00, 0x00, 0xBF,
    0xFF, 0x40, 0x00, 0x01, 0xFF, 0xFF, 0x10, 0x00, 0xDF, 0xFF, 0x40, 0x00, 0x01, 0xFF, 0xFF, 0xA1,
    0x07, 0xFF, 0xFF, 0x71, 0x00, 0x01, 0xFF, 0xFF, 0xFF, 0xFF, 0xFF, 0xFF, 0xFD, 0x00, 0x01, 0xFF,
    0xFF, 0xFF, 0xFF, 0xED, 0xFF, 0xFD, 0x00, 0x01, 0xFF, 0xFE, 0xCF, 0xFE, 0x54, 0xFF, 0xFC, 0x00,
    0x01, 0xFF, 0xFD, 0x04, 0x51, 0x00, 0x15, 0x40, 0x00, 0x01, 0xFF, 0xFD, 0x00, 0x00, 0x00, 0x00,
    0x00, 0x00, 0x01, 0xFF, 0xFD, 0x00, 0x00, 0x00, 0x00, 0x00, 0x00, 0x01, 0xFF, 0xFD, 0x00, 0x00,
    0x00, 0x00, 0x00, 0x00, 0x01, 0xFF, 0xFD, 0x00, 0x00, 0x00, 0x00, 0x00, 0x00, 0x00, 0x33, 0x33,
    0x00, 0x00, 0x00, 0x00, 0x00, 0x00, 0x00, 0x01, 0x11, 0x00, 0x00, 0x00, 0xBF, 0xFF, 0x40, 0x00,
    0x00, 0xBF, 0xFF, 0x40, 0x00, 0x00, 0xBF, 0xFF, 0x40, 0x00, 0x00, 0xBF, 0xFF, 0x40, 0x00, 0x00,
    0x7A, 0xAA, 0x30, 0x00, 0x00, 0x00, 0x00, 0x00, 0x00, 0x00, 0x00, 0x00, 0x00, 0x00, 0x00, 0x00,
    0x00, 0x00, 0x00, 0x00, 0x00, 0x00, 0x00, 0x00, 0x00, 0x00, 0x00, 0x00, 0x00, 0x00, 0x00, 0x00,
    0x00, 0x00, 0x00, 0x00, 0x47, 0x87, 0x30, 0x00, 0x00, 0x00, 0x2C, 0xFF, 0xFF, 0xF9, 0x00, 0x00,
    0x00, 0xDF, 0xFC, 0x9E, 0xFF, 0x90, 0x00, 0x06, 0xFF, 0xD0, 0x03, 0xFF, 0xF1, 0x00, 0x0A, 0xFF,
    0x80, 0x00, 0xDF, 0xF5, 0x00, 0x0B, 0xFF, 0x70, 0x00, 0xBF, 0xF6, 0x00, 0x09, 0xFF, 0x80, 0x00,
    0xDF, 0xF5, 0x00, 0x06, 0xFF, 0xD1, 0x03, 0xFF, 0xF1, 0x00, 0x00, 0xCF, 0xFD, 0xAE, 0xFF, 0x80,
    0x00, 0x00, 0x2B, 0xFF, 0xFF, 0xF8, 0x00, 0x00, 0x00, 0x00, 0x36, 0x76, 0x20, 0x00, 0x00, 0x00,
    0x00, 0x00, 0x00, 0x00, 0x00, 0x00, 0x03, 0xFF, 0xFF, 0xFF, 0xFF, 0xD0, 0x00, 0x03, 0xFF, 0xFF,
    0xFF, 0xFF, 0xD0, 0x00, 0x01, 0x77, 0x77, 0x77, 0x77, 0x60, 0x00, 0x00, 0x00, 0x00, 0x00, 0x00,
    0x00, 0x00, 0x00, 0x00, 0x00, 0x00, 0x00, 0x00, 0x00, 0x00, 0x00, 0x00, 0x00, 0x00, 0x00, 0x00,
    0x00, 0x00, 0x00, 0x00, 0x00, 0x00, 0x00, 0x00, 0x00, 0x07, 0xAA, 0xA3, 0x00, 0x00, 0x00, 0x00,
    0x0A, 0xFF, 0xF5, 0x00, 0x00, 0x00, 0x00, 0x0A, 0xFF, 0xF5, 0x00, 0x00, 0x00, 0x00, 0x0A, 0xFF,
    0xF5, 0x00, 0x00, 0x00, 0x00, 0x07, 0xAA, 0xA3, 0x00, 0x00, 0x00, 0x00, 0x00, 0x00, 0x00, 0x00,
    0x00, 0x00, 0x00, 0x05, 0x88, 0x82, 0x00, 0x00, 0x00, 0x00, 0x0B, 0xFF, 0xF4, 0x00, 0x00, 0x00,
    0x00, 0x3F, 0xFF, 0xF1, 0x00, 0x00, 0x00, 0x02, 0xEF, 0xFF, 0x80, 0x00, 0x00, 0x00, 0x2D, 0xFF,
    0xFA, 0x00, 0x00, 0x00, 0x00, 0xBF, 0xFF, 0xB0, 0x00, 0x00, 0x00, 0x03, 0xFF, 0xFE, 0x10, 0x00,
    0x00, 0x00, 0x06, 0xFF, 0xF9, 0x00, 0x00, 0x00, 0x00, 0x06, 0xFF, 0xFA, 0x00, 0x00, 0x47, 0x00,
    0x04, 0xFF, 0xFF, 0x85, 0x7B, 0xF9, 0x00, 0x01, 0xEF, 0xFF, 0xFF, 0xFF, 0xF9, 0x00, 0x00, 0x4E,
    0xFF, 0xFF, 0xFF, 0xF9, 0x00, 0x00, 0x02, 0x8C, 0xDD, 0xB9, 0x40, 0x00, 0x00, 0x00, 0x00, 0x00,
    0x29, 0x97, 0x00, 0x00, 0x00, 0x00, 0x00, 0x00, 0x00, 0xBF, 0xD2, 0x00, 0x00, 0x00, 0x00, 0x00,
    0x00, 0x07, 0xFD, 0x20, 0x00, 0x00, 0x00, 0x00, 0x00, 0x00, 0x08, 0x92, 0x00, 0x00, 0x00, 0x00,
    0x00, 0x00, 0x00, 0x00, 0x00, 0x00, 0x00, 0x00, 0x00, 0x00, 0x00, 0x00, 0x33, 0x33, 0x31, 0x00,
    0x00, 0x00, 0x00, 0x00, 0x01, 0xFF, 0xFF, 0xF7, 0x00, 0x00, 0x00, 0x00, 0x00, 0x06, 0xFF, 0xFF,
    0xFC, 0x00, 0x00, 0x00, 0x00, 0x00, 0x0B, 0xFF, 0xFF, 0xFF, 0x20, 0x00, 0x00, 0x00, 0x00, 0x1F,
    0xFF, 0xFF, 0xFF, 0x70, 0x00, 0x00, 0x00, 0x00, 0x6F, 0xFF, 0xBF, 0xFF, 0xC0, 0x00, 0x00, 0x00,
    0x00, 0xBF, 0xFF, 0x4D, 0xFF, 0xF2, 0x00, 0x00, 0x00, 0x01, 0xFF, 0xFE, 0x08, 0xFF, 0xF7, 0x00,
    0x00, 0x00, 0x06, 0xFF, 0xFA, 0x03, 0xFF, 0xFC, 0x00, 0x00, 0x00, 0x0B, 0xFF, 0xF5, 0x00, 0xEF,
    0xFF, 0x20, 0x00, 0x00, 0x1F, 0xFF, 0xF1, 0x00, 0x9F, 0xFF, 0x70, 0x00, 0x00, 0x6F, 0xFF, 0xB0,
    0x00, 0x4F, 0xFF, 0xC0, 0x00, 0x00, 0xBF, 0xFF, 0xDB, 0xBB, 0xBF, 0xFF, 0xF2, 0x00, 0x01, 0xFF,
    0xFF, 0xFF, 0xFF, 0xFF, 0xFF, 0xF7, 0x00, 0x06, 0xFF, 0xFF, 0xFF, 0xFF, 0xFF, 0xFF, 0xFC, 0x00,
    0x0B, 0xFF, 0xFC, 0xAA, 0xAA, 0xAA, 0xFF, 0xFF, 0x20, 0x1F, 0xFF, 0xF2, 0x00, 0x00, 0x00, 0xBF,
    0xFF, 0x70, 0x6F, 0xFF, 0xC0, 0x00, 0x00, 0x00, 0x6F, 0xFF, 0xC0, 0xBF, 0xFF, 0x80, 0x00, 0x00,
    0x00, 0x2F, 0xFF, 0xF2, 0x00, 0x00, 0x00, 0x01, 0x99, 0x91, 0x00, 0x00, 0x00, 0x00, 0x00, 0x09,
    0xFE, 0x30, 0x00, 0x00, 0x00, 0x00, 0x00, 0x4F, 0xE4, 0x00, 0x00, 0x00, 0x00, 0x00, 0x00, 0x79,
    0x40, 0x00, 0x00, 0x00, 0x00, 0x00, 0x00, 0x00, 0x00, 0x00, 0x00, 0x00, 0x00, 0x33, 0x33, 0x33,
    0x33, 0x33, 0x32, 0x00, 0x00, 0xEF, 0xFF, 0xFF, 0xFF, 0xFF, 0xF7, 0x00, 0x00, 0xEF, 0xFF, 0xFF,
    0xFF, 0xFF, 0xF7, 0x00, 0x00, 0xEF, 0xFF, 0xFF, 0xFF, 0xFF, 0xF7, 0x00, 0x00, 0xEF, 0xFF, 0x85,
    0x55, 0x55, 0x52, 0x00, 0x00, 0xEF, 0xFF, 0x40, 0x00, 0x00, 0x00, 0x00, 0x00, 0xEF, 0xFF, 0x40,
    0x00, 0x00, 0x00, 0x00, 0x00, 0xEF, 0xFF, 0x74, 0x44, 0x44, 0x40, 0x00, 0x00, 0xEF, 0xFF, 0xFF,
    0xFF, 0xFF, 0xF1, 0x00, 0x00, 0xEF, 0xFF, 0xFF, 0xFF, 0xFF, 0xF1, 0x00, 0x00, 0xEF, 0xFF, 0xFF,
    0xFF, 0xFF, 0xF1, 0x00, 0x00, 0xEF, 0xFF, 0x74, 0x44, 0x44, 0x40, 0x00, 0x00, 0xEF, 0xFF, 0x40,
    0x00, 0x00, 0x00, 0x00, 0x00, 0xEF, 0xFF, 0x40, 0x00, 0x00, 0x00, 0x00, 0x00, 0xEF, 0xFF, 0x40,
    0x00, 0x00, 0x00, 0x00, 0x00, 0xEF, 0xFF, 0xA8, 0x88, 0x88, 0x86, 0x00, 0x00, 0xEF, 0xFF, 0xFF,
    0xFF, 0xFF, 0xFB, 0x00, 0x00, 0xEF, 0xFF, 0xFF, 0xFF, 0xFF, 0xFB, 0x00, 0x00, 0xEF, 0xFF, 0xFF,
    0xFF, 0xFF, 0xFB, 0x00, 0x00, 0x00, 0x79, 0x93, 0x00, 0x04, 0xFF, 0x70, 0x00, 0x1D, 0xF8, 0x00,
    0x00, 0x49, 0x60, 0x00, 0x00, 0x00, 0x00, 0x00, 0x00, 0x33, 0x33, 0x10, 0x00, 0xEF, 0xFF, 0x40,
    0x00, 0xEF, 0xFF, 0x40, 0x00, 0xEF, 0xFF, 0x40, 0x00, 0xEF, 0xFF, 0x40, 0x00, 0xEF, 0xFF, 0x40,
    0x00, 0xEF, 0xFF, 0x40, 0x00, 0xEF, 0xFF, 0x40, 0x00, 0xEF, 0xFF, 0x40, 0x00, 0xEF, 0xFF, 0x40,
    0x00, 0xEF, 0xFF, 0x40, 0x00, 0xEF, 0xFF, 0x40, 0x00, 0xEF, 0xFF, 0x40, 0x00, 0xEF, 0xFF, 0x40,
    0x00, 0xEF, 0xFF, 0x40, 0x00, 0xEF, 0xFF, 0x40, 0x00, 0xEF, 0xFF, 0x40, 0x00, 0xEF, 0xFF, 0x40,
    0x00, 0xEF, 0xFF, 0x40, 0x00, 0x00, 0x00, 0x69, 0x50, 0x07, 0x80, 0x00, 0x00, 0x00, 0x00, 0x00,
    0x05, 0xFF, 0xFA, 0x4E, 0xB0, 0x00, 0x00, 0x00, 0x00, 0x00, 0x0A, 0xE4, 0x9F, 0xFF, 0x60, 0x00,
    0x00, 0x00, 0x00, 0x00, 0x07, 0x70, 0x04, 0x85, 0x00, 0x00, 0x00, 0x00, 0x00, 0x00, 0x00, 0x00,
    0x00, 0x00, 0x00, 0x00, 0x00, 0x00, 0x00, 0x33, 0x33, 0x30, 0x00, 0x00, 0x13, 0x33, 0x20, 0x00,
    0x00, 0xEF, 0xFF, 0xF2, 0x00, 0x00, 0x4F, 0xFF, 0xC0, 0x00, 0x00, 0xEF, 0xFF, 0xF9, 0x00, 0x00,
    0x4F, 0xFF, 0xC0, 0x00, 0x00, 0xEF, 0xFF, 0xFF, 0x20, 0x00, 0x4F, 0xFF, 0xC0, 0x00, 0x00, 0xEF,
    0xFF, 0xFF, 0x80, 0x00, 0x4F, 0xFF, 0xC0, 0x00, 0x00, 0xEF, 0xFF, 0xFF, 0xE1, 0x00, 0x4F, 0xFF,
    0xC0, 0x00, 0x00, 0xEF, 0xFF, 0xEF, 0xF8, 0x00, 0x4F, 0xFF, 0xC0, 0x00, 0x00, 0xEF, 0xFF, 0x8F,
    0xFE, 0x10, 0x4F, 0xFF, 0xC0, 0x00, 0x00, 0xEF, 0xFF, 0x2E, 0xFF, 0x70, 0x4F, 0xFF, 0xC0, 0x00,
    0x00, 0xEF, 0xFF, 0x17, 0xFF, 0xE0, 0x4F, 0xFF, 0xC0, 0x00, 0x00, 0xEF, 0xFF, 0x11, 0xEF, 0xF6,
    0x4F, 0xFF, 0xC0, 0x00, 0x00, 0xEF, 0xFF, 0x10, 0x8F, 0xFD, 0x4F, 0xFF, 0xC0, 0x00, 0x00, 0xEF,
    0xFF, 0x10, 0x1F, 0xFF, 0x9F, 0xFF, 0xC0, 0x00, 0x00, 0xEF, 0xFF, 0x10, 0x09, 0xFF, 0xFF, 0xFF,
    0xC0, 0x00, 0x00, 0xEF, 0xFF, 0x10, 0x02, 0xFF, 0xFF, 0xFF, 0xC0, 0x00, 0x00, 0xEF, 0xFF, 0x10,
    0x00, 0xAF, 0xFF, 0xFF, 0xC0, 0x00, 0x00, 0xEF, 0xFF, 0x10, 0x00, 0x2F, 0xFF, 0xFF, 0xC0, 0x00,
    0x00, 0xEF, 0xFF, 0x10, 0x00, 0x0A, 0xFF, 0xFF, 0xC0, 0x00, 0x00, 0xEF, 0xFF, 0x10, 0x00, 0x03,
    0xFF, 0xFF, 0xC0, 0x00, 0x00, 0x00, 0x00, 0x00, 0x03, 0x99, 0x60, 0x00, 0x00, 0x00, 0x00, 0x00,
    0x00, 0x00, 0x1D, 0xFC, 0x10, 0x00, 0x00, 0x00, 0x00, 0x00, 0x00, 0x00, 0x9F, 0xC1, 0x00, 0x00,
    0x00, 0x00, 0x00, 0x00, 0x00, 0x01, 0x99, 0x10, 0x00, 0x00, 0x00, 0x00, 0x00, 0x00, 0x00, 0x00,
    0x00, 0x00, 0x00, 0x00, 0x00, 0x00, 0x00, 0x00, 0x00, 0x15, 0x78, 0x75, 0x10, 0x00, 0x00, 0x00,
    0x00, 0x00, 0x2A, 0xFF, 0xFF, 0xFF, 0xFB, 0x20, 0x00, 0x00, 0x00, 0x03, 0xEF, 0xFF, 0xFF, 0xFF,
    0xFF, 0xE4, 0x00, 0x00, 0x00, 0x2E, 0xFF, 0xFF, 0xFD, 0xEF, 0xFF, 0xFF, 0x30, 0x00, 0x00, 0xAF,
    0xFF, 0xF7, 0x10, 0x06, 0xFF, 0xFF, 0xC0, 0x00, 0x02, 0xFF, 0xFF, 0x80, 0x00, 0x00, 0x7F, 0xFF,
    0xF4, 0x00, 0x07, 0xFF, 0xFF, 0x10, 0x00, 0x00, 0x0E, 0xFF, 0xF8, 0x00, 0x0A, 0xFF, 0xFB, 0x00,
    0x00, 0x00, 0x09, 0xFF, 0xFC, 0x00, 0x0C, 0xFF, 0xF9, 0x00, 0x00, 0x00, 0x07, 0xFF, 0xFE, 0x00,
    0x0D, 0xFF, 0xF8, 0x00, 0x00, 0x00, 0x06, 0xFF, 0xFF, 0x00, 0x0D, 0xFF, 0xF8, 0x00, 0x00, 0x00,
    0x06, 0xFF, 0xFE, 0x00, 0x0C, 0xFF, 0xF9, 0x00, 0x00, 0x00, 0x07, 0xFF, 0xFD, 0x00, 0x09, 0xFF,
    0xFC, 0x00, 0x00, 0x00, 0x0A, 0xFF, 0xFB, 0x00, 0x06, 0xFF, 0xFF, 0x20, 0x00, 0x00, 0x1E, 0xFF,
    0xF8, 0x00, 0x01, 0xEF, 0xFF, 0xA0, 0x00, 0x00, 0x8F, 0xFF, 0xF2, 0x00, 0x00, 0x9F, 0xFF, 0xFA,
    0x31, 0x39, 0xFF, 0xFF, 0xA0, 0x00, 0x00, 0x1D, 0xFF, 0xFF, 0xFF, 0xFF, 0xFF, 0xFE, 0x10, 0x00,
    0x00, 0x01, 0xCF, 0xFF, 0xFF, 0xFF, 0xFF, 0xD2, 0x00, 0x00, 0x00, 0x00, 0x07, 0xDF, 0xFF, 0xFF,
    0xD8, 0x10, 0x00, 0x00, 0x00, 0x00, 0x00, 0x02, 0x45, 0x42, 0x00, 0x00, 0x00, 0x00, 0x00, 0x00,
    0x00, 0x00, 0x07, 0x99, 0x20, 0x00, 0x00, 0x00, 0x00, 0x00, 0x00, 0x5F, 0xF7, 0x00, 0x00, 0x00,
    0x00, 0x00, 0x00, 0x01, 0xEF, 0x70, 0x00, 0x00, 0x00, 0x00, 0x00, 0x00, 0x05, 0x96, 0x00, 0x00,
    0x00, 0x00, 0x00, 0x00, 0x00, 0x00, 0x00, 0x00, 0x00, 0x00, 0x00, 0x00, 0x33, 0x33, 0x10, 0x00,
    0x00, 0x33, 0x33, 0x10, 0x00, 0xEF, 0xFF, 0x40, 0x00, 0x00, 0xFF, 0xFF, 0x30, 0x00, 0xEF, 0xFF,
    0x40, 0x00, 0x00, 0xFF, 0xFF, 0x30, 0x00, 0xEF, 0xFF, 0x40, 0x00, 0x00, 0xFF, 0xFF, 0x30, 0x00,
    0xEF, 0xFF, 0x40, 0x00, 0x00, 0xFF, 0xFF, 0x30, 0x00, 0xEF, 0xFF, 0x40, 0x00, 0x00, 0xFF, 0xFF,
    0x30, 0x00, 0xEF, 0xFF, 0x40, 0x00, 0x00, 0xFF, 0xFF, 0x30, 0x00, 0xEF, 0xFF, 0x40, 0x00, 0x00,
    0xFF, 0xFF, 0x30, 0x00, 0xEF, 0xFF, 0x40, 0x00, 0x00, 0xFF, 0xFF, 0x30, 0x00, 0xEF, 0xFF, 0x40,
    0x00, 0x00, 0xFF, 0xFF, 0x30, 0x00, 0xEF, 0xFF, 0x40, 0x00, 0x00, 0xFF, 0xFF, 0x30, 0x00, 0xEF,
    0xFF, 0x40, 0x00, 0x00, 0xFF, 0xFF, 0x30, 0x00, 0xDF, 0xFF, 0x50, 0x00, 0x01, 0xFF, 0xFF, 0x30,
    0x00, 0xCF, 0xFF, 0x70, 0x00, 0x03, 0xFF, 0xFF, 0x10, 0x00, 0x9F, 0xFF, 0xB0, 0x00, 0x07, 0xFF,
    0xFD, 0x00, 0x00, 0x5F, 0xFF, 0xF9, 0x32, 0x7F, 0xFF, 0xF9, 0x00, 0x00, 0x0D, 0xFF, 0xFF, 0xFF,
    0xFF, 0xFF, 0xF2, 0x00, 0x00, 0x03, 0xEF, 0xFF, 0xFF, 0xFF, 0xFF, 0x60, 0x00, 0x00, 0x00, 0x2A,
    0xFF, 0xFF, 0xFF, 0xB4, 0x00, 0x00, 0x00, 0x00, 0x00, 0x13, 0x55, 0x41, 0x00, 0x00, 0x00, 0x00,
    0x00, 0x03, 0x99, 0x20, 0x99, 0x60, 0x00, 0x00, 0x00, 0x00, 0x05, 0xFF, 0x40, 0xFF, 0x90, 0x00,
    0x00, 0x00, 0x00, 0x05, 0xFF, 0x40, 0xFF, 0x90, 0x00, 0x00, 0x00, 0x00, 0x02, 0x66, 0x10, 0x66,
    0x30, 0x00, 0x00, 0x00, 0x00, 0x00, 0x00, 0x00, 0x00, 0x00, 0x00, 0x00, 0x00, 0x33, 0x33, 0x10,
    0x00, 0x00, 0x33, 0x33, 0x10, 0x00, 0xEF, 0xFF, 0x40, 0x00, 0x00, 0xFF, 0xFF, 0x30, 0x00, 0xEF,
    0xFF, 0x40, 0x00, 0x00, 0xFF, 0xFF, 0x30, 0x00, 0xEF, 0xFF, 0x40, 0x00, 0x00, 0xFF, 0xFF, 0x30,
    0x00, 0xEF, 0xFF, 0x40, 0x00, 0x00, 0xFF, 0xFF, 0x30, 0x00, 0xEF, 0xFF, 0x40, 0x00, 0x00, 0xFF,
    0xFF, 0x30, 0x00, 0xEF, 0xFF, 0x40, 0x00, 0x00, 0xFF, 0xFF, 0x30, 0x00, 0xEF, 0xFF, 0x40, 0x00,
    0x00, 0xFF, 0xFF, 0x30, 0x00, 0xEF, 0xFF, 0x40, 0x00, 0x00, 0xFF, 0xFF, 0x30, 0x00, 0xEF, 0xFF,
    0x40, 0x00, 0x00, 0xFF, 0xFF, 0x30, 0x00, 0xEF, 0xFF, 0x40, 0x00, 0x00, 0xFF, 0xFF, 0x30, 0x00,
    0xEF, 0xFF, 0x40, 0x00, 0x00, 0xFF, 0xFF, 0x30, 0x00, 0xDF, 0xFF, 0x50, 0x00, 0x01, 0xFF, 0xFF,
    0x30, 0x00, 0xCF, 0xFF, 0x70, 0x00, 0x03, 0xFF, 0xFF, 0x10, 0x00, 0x9F, 0xFF, 0xB0, 0x00, 0x07,
    0xFF, 0xFD, 0x00, 0x00, 0x5F, 0xFF, 0xF9, 0x32, 0x7F, 0xFF, 0xF9, 0x00, 0x00, 0x0D, 0xFF, 0xFF,
    0xFF, 0xFF, 0xFF, 0xF2, 0x00, 0x00, 0x03, 0xEF, 0xFF, 0xFF, 0xFF, 0xFF, 0x60, 0x00, 0x00, 0x00,
    0x2A, 0xFF, 0xFF, 0xFF, 0xB4, 0x00, 0x00, 0x00, 0x00, 0x00, 0x13, 0x55, 0x41, 0x00, 0x00, 0x00,
    0x00, 0x00, 0x00, 0x00, 0x3F, 0xFC, 0x00, 0x00, 0x00, 0x00, 0x00, 0x00, 0xDF, 0xD1, 0x00, 0x00,
    0x00, 0x00, 0x00, 0x08, 0xFE, 0x20, 0x00, 0x00, 0x00, 0x00, 0x00, 0x4F, 0xE3, 0x00, 0x00, 0x00,
    0x00, 0x00, 0x00, 0x79, 0x40, 0x00, 0x00, 0x00, 0x00, 0x00, 0x00, 0x00, 0x00, 0x00, 0x00, 0x00,
    0x00, 0x69, 0xCD, 0xEF, 0xEB, 0x61, 0x00, 0x00, 0x00, 0xFF, 0xFF, 0xFF, 0xFF, 0xFC, 0x10, 0x00,
    0x00, 0xFF, 0xFE, 0xEF, 0xFF, 0xFF, 0xA0, 0x00, 0x00, 0xB6, 0x20, 0x00, 0x5E, 0xFF, 0xF1, 0x00,
    0x00, 0x00, 0x00, 0x00, 0x0A, 0xFF, 0xF4, 0x00, 0x00, 0x03, 0x7A, 0xBB, 0xBD, 0xFF, 0xF6, 0x00,
    0x00, 0x9F, 0xFF, 0xFF, 0xFF, 0xFF, 0xF6, 0x00, 0x07, 0xFF, 0xFF, 0xED, 0xDE, 0xFF, 0xF6, 0x00,
    0x0D, 0xFF, 0xF7, 0x00, 0x09, 0xFF, 0xF6, 0x00, 0x0F, 0xFF, 0xF0, 0x00, 0x0C, 0xFF, 0xF6, 0x00,
    0x0F, 0xFF, 0xF2, 0x00, 0x5F, 0xFF, 0xF6, 0x00, 0x0C, 0xFF, 0xFE, 0x9B, 0xFF, 0xFF, 0xF6, 0x00,
    0x05, 0xFF, 0xFF, 0xFF, 0xEA, 0xFF, 0xF6, 0x00, 0x00, 0x6E, 0xFF, 0xFC, 0x38, 0xFF, 0xF6, 0x00,
    0x00, 0x01, 0x45, 0x30, 0x00, 0x00, 0x00, 0x00, 0x00, 0x00, 0x00, 0x00, 0x0C, 0xFE, 0x30, 0x00,
    0x00, 0x00, 0x00, 0x00, 0x8F, 0xF4, 0x00, 0x00, 0x00, 0x00, 0x00, 0x03, 0xFF, 0x60, 0x00, 0x00,
    0x00, 0x00, 0x00, 0x1D, 0xF8, 0x00, 0x00, 0x00, 0x00, 0x00, 0x00, 0x49, 0x70, 0x00, 0x00, 0x00,
    0x00, 0x00, 0x00, 0x00, 0x00, 0x00, 0x00, 0x00, 0x00, 0x00, 0x4A, 0xDF, 0xEC, 0x70, 0x00, 0x00,
    0x00, 0x1A, 0xFF, 0xFF, 0xFF, 0xFC, 0x20, 0x00, 0x00, 0xAF, 0xFF, 0xFE, 0xFF, 0xFF, 0xC0, 0x00,
    0x04, 0xFF, 0xFE, 0x40, 0x1B, 0xFF, 0xF6, 0x00, 0x0A, 0xFF, 0xF6, 0x00, 0x02, 0xFF, 0xFC, 0x00,
    0x0D, 0xFF, 0xF6, 0x55, 0x55, 0xEF, 0xFF, 0x10, 0x0F, 0xFF, 0xFF, 0xFF, 0xFF, 0xFF, 0xFF, 0x20,
    0x0F, 0xFF, 0xFF, 0xFF, 0xFF, 0xFF, 0xFF, 0x30, 0x0E, 0xFF, 0xF6, 0x66, 0x66, 0x66, 0x66, 0x10,
    0x0B, 0xFF, 0xF4, 0x00, 0x00, 0x00, 0x01, 0x00, 0x06, 0xFF, 0xFC, 0x10, 0x00, 0x03, 0x99, 0x00,
    0x01, 0xDF, 0xFF, 0xEA, 0x9A, 0xDF, 0xF9, 0x00, 0x00, 0x3E, 0xFF, 0xFF, 0xFF, 0xFF, 0xF9, 0x00,
    0x00, 0x02, 0x9F, 0xFF, 0xFF, 0xFD, 0x92, 0x00, 0x00, 0x00, 0x00, 0x35, 0x54, 0x20, 0x00, 0x00,
    0x00, 0x00, 0x0B, 0xFF, 0x40, 0x00, 0x00, 0x6F, 0xF6, 0x00, 0x00, 0x02, 0xEF, 0x80, 0x00, 0x00,
    0x0B, 0xF9, 0x00, 0x00, 0x00, 0x39, 0x80, 0x00, 0x00, 0x00, 0x00, 0x00, 0x00, 0x00, 0x01, 0xAA,
    0xA8, 0x00, 0x00, 0x02, 0xFF, 0xFC, 0x00, 0x00, 0x02, 0xFF, 0xFC, 0x00, 0x00, 0x02, 0xFF, 0xFC,
    0x00, 0x00, 0x02, 0xFF, 0xFC, 0x00, 0x00, 0x02, 0xFF, 0xFC, 0x00, 0x00, 0x02, 0xFF, 0xFC, 0x00,
    0x00, 0x02, 0xFF, 0xFC, 0x00, 0x00, 0x02, 0xFF, 0xFC, 0x00, 0x00, 0x02, 0xFF, 0xFC, 0x00, 0x00,
    0x02, 0xFF, 0xFC, 0x00, 0x00, 0x02, 0xFF, 0xFC, 0x00, 0x00, 0x02, 0xFF, 0xFC, 0x00, 0x00, 0x02,
    0xFF, 0xFC, 0x00, 0x00, 0x00, 0x00, 0x02, 0x63, 0x00, 0x36, 0x10, 0x00, 0x00, 0x00, 0x1D, 0xFF,
    0x80, 0x9F, 0x00, 0x00, 0x00, 0x00, 0x5F, 0xAC, 0xFE, 0xFC, 0x00, 0x00, 0x00, 0x00, 0x7F, 0x00,
    0x7E, 0xE3, 0x00, 0x00, 0x00, 0x00, 0x00, 0x00, 0x00, 0x00, 0x00, 0x00, 0x00, 0x00, 0x00, 0x00,
    0x00, 0x00, 0x00, 0x00, 0x01, 0xAA, 0xA8, 0x04, 0xBE, 0xEB, 0x30, 0x00, 0x02, 0xFF, 0xFC, 0x6F,
    0xFF, 0xFF, 0xE3, 0x00, 0x02, 0xFF, 0xFE, 0xFF, 0xFF, 0xFF, 0xFB, 0x00, 0x02, 0xFF, 0xFF, 0xF8,
    0x5B, 0xFF, 0xFF, 0x10, 0x02, 0xFF, 0xFF, 0x70, 0x00, 0xEF, 0xFF, 0x30, 0x02, 0xFF, 0xFF, 0x10,
    0x00, 0xBF, 0xFF, 0x40, 0x02, 0xFF, 0xFE, 0x00, 0x00, 0xBF, 0xFF, 0x40, 0x02, 0xFF, 0xFC, 0x00,
    0x00, 0xBF, 0xFF, 0x40, 0x02, 0xFF, 0xFC, 0x00, 0x00, 0xBF, 0xFF, 0x40, 0x02, 0xFF, 0xFC, 0x00,
    0x00, 0xBF, 0xFF, 0x40, 0x02, 0xFF, 0xFC, 0x00, 0x00, 0xBF, 0xFF, 0x40, 0x02, 0xFF, 0xFC, 0x00,
    0x00, 0xBF, 0xFF, 0x40, 0x02, 0xFF, 0xFC, 0x00, 0x00, 0xBF, 0xFF, 0x40, 0x02, 0xFF, 0xFC, 0x00,
    0x00, 0xBF, 0xFF, 0x40, 0x00, 0x00, 0x00, 0x00, 0x0C, 0xFE, 0x30, 0x00, 0x00, 0x00, 0x00, 0x00,
    0x8F, 0xF4, 0x00, 0x00, 0x00, 0x00, 0x00, 0x03, 0xFF, 0x60, 0x00, 0x00, 0x00, 0x00, 0x00, 0x1D,
    0xF8, 0x00, 0x00, 0x00, 0x00, 0x00, 0x00, 0x49, 0x70, 0x00, 0x00, 0x00, 0x00, 0x00, 0x00, 0x00,
    0x00, 0x00, 0x00, 0x00, 0x00, 0x00, 0x5A, 0xDF, 0xEC, 0x81, 0x00, 0x00, 0x00, 0x1B, 0xFF, 0xFF,
    0xFF, 0xFE, 0x40, 0x00, 0x00, 0xAF, 0xFF, 0xFF, 0xFF, 0xFF, 0xE3, 0x00, 0x04, 0xFF, 0xFF, 0x72,
    0x4D, 0xFF, 0xFB, 0x00, 0x0A, 0xFF, 0xF9, 0x00, 0x03, 0xFF, 0xFF, 0x20, 0x0D, 0xFF, 0xF4, 0x00,
    0x00, 0xCF, 0xFF, 0x50, 0x0F, 0xFF, 0xF2, 0x00, 0x00, 0xAF, 0xFF, 0x70, 0x0F, 0xFF, 0xF1, 0x00,
    0x00, 0xAF, 0xFF, 0x70, 0x0E, 0xFF, 0xF3, 0x00, 0x00, 0xBF, 0xFF, 0x60, 0x0B, 0xFF, 0xF7, 0x00,
    0x01, 0xEF, 0xFF, 0x30, 0x07, 0xFF, 0xFE, 0x20, 0x09, 0xFF, 0xFD, 0x00, 0x01, 0xDF, 0xFF, 0xFC,
    0xDF, 0xFF, 0xF6, 0x00, 0x00, 0x3E, 0xFF, 0xFF, 0xFF, 0xFF, 0x90, 0x00, 0x00, 0x02, 0xAF, 0xFF,
    0xFF, 0xD6, 0x00, 0x00, 0x00, 0x00, 0x01, 0x45, 0x52, 0x00, 0x00, 0x00, 0x00, 0x00, 0x00, 0x00,
    0x09, 0xFF, 0x70, 0x00, 0x00, 0x00, 0x00, 0x00, 0x4F, 0xF8, 0x00, 0x00, 0x00, 0x00, 0x00, 0x01,
    0xDF, 0xA0, 0x00, 0x00, 0x00, 0x00, 0x00, 0x09, 0xFB, 0x00, 0x00, 0x00, 0x00, 0x00, 0x00, 0x19,
    0x91, 0x00, 0x00, 0x00, 0x00, 0x00, 0x00, 0x00, 0x00, 0x00, 0x00, 0x00, 0x02, 0xAA, 0xA7, 0x00,
    0x00, 0x8A, 0xAA, 0x10, 0x04, 0xFF, 0xFB, 0x00, 0x00, 0xCF, 0xFF, 0x20, 0x04, 0xFF, 0xFB, 0x00,
    0x00, 0xCF, 0xFF, 0x20, 0x04, 0xFF, 0xFB, 0x00, 0x00, 0xCF, 0xFF, 0x20, 0x04, 0xFF, 0xFB, 0x00,
    0x00, 0xCF, 0xFF, 0x20, 0x04, 0xFF, 0xFA, 0x00, 0x00, 0xCF, 0xFF, 0x20, 0x04, 0xFF, 0xFA, 0x00,
    0x00, 0xCF, 0xFF, 0x20, 0x04, 0xFF, 0xFA, 0x00, 0x00, 0xDF, 0xFF, 0x20, 0x03, 0xFF, 0xFB, 0x00,
    0x00, 0xEF, 0xFF, 0x20, 0x03, 0xFF, 0xFD, 0x00, 0x05, 0xFF, 0xFF, 0x20, 0x01, 0xFF, 0xFF, 0x60,
    0x3D, 0xFF, 0xFF, 0x20, 0x00, 0xCF, 0xFF, 0xFF, 0xFF, 0xFF, 0xFF, 0x20, 0x00, 0x6F, 0xFF, 0xFF,
    0xFB, 0xDF, 0xFF, 0x20, 0x00, 0x07, 0xFF, 0xFF, 0x91, 0xCF, 0xFF, 0x20, 0x00, 0x00, 0x15, 0x52,
    0x00, 0x00, 0x00, 0x00, 0x00, 0x00, 0x35, 0x50, 0x15, 0x52, 0x00, 0x00, 0x00, 0x00, 0x8F, 0xF1,
    0x3F, 0xF6, 0x00, 0x00, 0x00, 0x00, 0x8F, 0xF1, 0x3F, 0xF6, 0x00, 0x00, 0x00, 0x00, 0x5A, 0xA1,
    0x2A, 0xA4, 0x00, 0x00, 0x00, 0x00, 0x00, 0x00, 0x00, 0x00, 0x00, 0x00, 0x00, 0x00, 0x00, 0x00,
    0x00, 0x00, 0x00, 0x00, 0x02, 0xAA, 0xA7, 0x00, 0x00, 0x8A, 0xAA, 0x10, 0x04, 0xFF, 0xFB, 0x00,
    0x00, 0xCF, 0xFF, 0x20, 0x04, 0xFF, 0xFB, 0x00, 0x00, 0xCF, 0xFF, 0x20, 0x04, 0xFF, 0xFB, 0x00,
    0x00, 0xCF, 0xFF, 0x20, 0x04, 0xFF, 0xFB, 0x00, 0x00, 0xCF, 0xFF, 0x20, 0x04, 0xFF, 0xFA, 0x00,
    0x00, 0xCF, 0xFF, 0x20, 0x04, 0xFF, 0xFA, 0x00, 0x00, 0xCF, 0xFF, 0x20, 0x04, 0xFF, 0xFA, 0x00,
    0x00, 0xDF, 0xFF, 0x20, 0x03, 0xFF, 0xFB, 0x00, 0x00, 0xEF, 0xFF, 0x20, 0x03, 0xFF, 0xFD, 0x00,
    0x05, 0xFF, 0xFF, 0x20, 0x01, 0xFF, 0xFF, 0x60, 0x3D, 0xFF, 0xFF, 0x20, 0x00, 0xCF, 0xFF, 0xFF,
    0xFF, 0xFF, 0xFF, 0x20, 0x00, 0x6F, 0xFF, 0xFF, 0xFB, 0xDF, 0xFF, 0x20, 0x00, 0x07, 0xFF, 0xFF,
    0x91, 0xCF, 0xFF, 0x20, 0x00, 0x00, 0x15, 0x52, 0x00, 0x00, 0x00, 0x00,
};

const gfx2_glyph_t font_ui_24b_glyphs[117] = {
    {      0,   0,   0,    0,    0,   8 }, /* 'U+0020' */
    {      0,  10,  19,    0,    5,  10 }, /* '!' */
    {     95,  12,  19,    0,    5,  12 }, /* '"' */
    {    209,  19,  18,    0,    6,  19 }, /* '#' */
    {    389,  16,  23,    0,    5,  16 }, /* '$' */
    {    573,  23,  20,    0,    5,  23 }, /* '%' */
    {    813,  20,  20,    0,    5,  20 }, /* '&' */
    {   1013,   7,  19,    0,    5,   7 }, /* ''' */
    {   1089,  10,  23,    0,    5,  10 }, /* '(' */
    {   1204,  10,  23,    0,    5,  10 }, /* ')' */
    {   1319,  12,  19,    0,    5,  12 }, /* '*' */
    {   1433,  19,  16,    0,    8,  19 }, /* '+' */
    {   1593,   9,   9,    0,   19,   9 }, /* ',' */
    {   1638,   9,   9,    0,   15,   9 }, /* '-' */
    {   1683,   9,   5,    0,   19,   9 }, /* '.' */
    {   1708,   9,  22,    0,    5,   8 }, /* '/' */
    {   1818,  16,  20,    0,    5,  16 }, /* '0' */
    {   1978,  16,  19,    0,    5,  16 }, /* '1' */
    {   2130,  16,  19,    0,    5,  16 }, /* '2' */
    {   2282,  16,  20,    0,    5,  16 }, /* '3' */
    {   2442,  16,  19,    0,    5,  16 }, /* '4' */
    {   2594,  16,  20,    0,    5,  16 }, /* '5' */
    {   2754,  16,  20,    0,    5,  16 }, /* '6' */
    {   2914,  16,  19,    0,    5,  16 }, /* '7' */
    {   3066,  16,  20,    0,    5,  16 }, /* '8' */
    {   3226,  16,  20,    0,    5,  16 }, /* '9' */
    {   3386,   9,  14,    0,   10,   9 }, /* ':' */
    {   3456,   9,  18,    0,   10,   9 }, /* ';' */
    {   3546,  19,  15,    0,    9,  19 }, /* '<' */
    {   3696,  19,  13,    0,   11,  19 }, /* '=' */
    {   3826,  19,  15,    0,    9,  19 }, /* '>' */
    {   3976,  13,  19,    0,    5,  13 }, /* '?' */
    {   4109,  23,  23,    0,    6,  22 }, /* '@' */
    {   4385,  18,  19,    0,    5,  17 }, /* 'A' */
    {   4556,  17,  19,    0,    5,  17 }, /* 'B' */
    {   4727,  17,  20,    0,    5,  16 }, /* 'C' */
    {   4907,  19,  19,    0,    5,  19 }, /* 'D' */
    {   5097,  15,  19,    0,    5,  15 }, /* 'E' */
    {   5249,  15,  19,    0,    5,  15 }, /* 'F' */
    {   5401,  18,  20,    0,    5,  18 }, /* 'G' */
    {   5581,  19,  19,    0,    5,  19 }, /* 'H' */
    {   5771,   8,  19,    0,    5,   8 }, /* 'I' */
    {   5847,  10,  24,   -2,    5,   8 }, /* 'J' */
    {   5967,  19,  19,    0,    5,  17 }, /* 'K' */
    {   6157,  14,  19,    0,    5,  14 }, /* 'L' */
    {   6290,  22,  19,    0,    5,  22 }, /* 'M' */
    {   6499,  19,  19,    0,    5,  19 }, /* 'N' */
    {   6689,  19,  20,    0,    5,  19 }, /* 'O' */
    {   6889,  16,  19,    0,    5,  16 }, /* 'P' */
    {   7041,  19,  23,    0,    5,  19 }, /* 'Q' */
    {   7271,  17,  19,    0,    5,  17 }, /* 'R' */
    {   7442,  16,  20,    0,    5,  16 }, /* 'S' */
    {   7602,  16,  19,    0,    5,  15 }, /* 'T' */
    {   7754,  18,  20,    0,    5,  18 }, /* 'U' */
    {   7934,  18,  19,    0,    5,  17 }, /* 'V' */
    {   8105,  25,  19,    0,    5,  25 }, /* 'W' */
    {   8352,  17,  19,    0,    5,  17 }, /* 'X' */
    {   8523,  18,  19,   -1,    5,  16 }, /* 'Y' */
    {   8694,  16,  19,    0,    5,  16 }, /* 'Z' */
    {   8846,  10,  23,    0,    5,  10 }, /* '[' */
    {   8961,   9,  22,    0,    5,   8 }, /* 'U+005C' */
    {   9071,  10,  23,    0,    5,  10 }, /* ']' */
    {   9186,  19,  19,    0,    5,  19 }, /* '^' */
    {   9376,  12,   6,    0,   24,  11 }, /* '_' */
    {   9412,  11,  20,    0,    4,  11 }, /* '`' */
    {   9532,  15,  15,    0,   10,  15 }, /* 'a' */
    {   9652,  16,  20,    0,    5,  16 }, /* 'b' */
    {   9812,  13,  15,    0,   10,  13 }, /* 'c' */
    {   9917,  16,  20,    0,    5,  16 }, /* 'd' */
    {  10077,  15,  15,    0,   10,  15 }, /* 'e' */
    {  10197,  10,  19,    0,    5,  10 }, /* 'f' */
    {  10292,  16,  20,    0,   10,  16 }, /* 'g' */
    {  10452,  16,  19,    0,    5,  16 }, /* 'h' */
    {  10604,   8,  19,    0,    5,   8 }, /* 'i' */
    {  10680,   9,  25,   -1,    5,   8 }, /* 'j' */
    {  10805,  16,  19,    0,    5,  15 }, /* 'k' */
    {  10957,   8,  19,    0,    5,   8 }, /* 'l' */
    {  11033,  23,  14,    0,   10,  23 }, /* 'm' */
    {  11201,  16,  14,    0,   10,  16 }, /* 'n' */
    {  11313,  15,  15,    0,   10,  15 }, /* 'o' */
    {  11433,  16,  20,    0,   10,  16 }, /* 'p' */
    {  11593,  16,  20,    0,   10,  16 }, /* 'q' */
    {  11753,  12,  14,    0,   10,  11 }, /* 'r' */
    {  11837,  13,  15,    0,   10,  13 }, /* 's' */
    {  11942,  11,  18,    0,    6,  11 }, /* 't' */
    {  12050,  16,  15,    0,   10,  16 }, /* 'u' */
    {  12170,  15,  14,    0,   10,  15 }, /* 'v' */
    {  12282,  21,  14,    0,   10,  21 }, /* 'w' */
    {  12436,  15,  14,    0,   10,  14 }, /* 'x' */
    {  12548,  15,  20,    0,   10,  15 }, /* 'y' */
    {  12708,  13,  14,    0,   10,  13 }, /* 'z' */
    {  12806,  16,  24,    0,    5,  16 }, /* '{' */
    {  12998,   8,  26,    0,    4,   8 }, /* '|' */
    {  13102,  16,  24,    0,    5,  16 }, /* '}' */
    {  13294,  19,  11,    0,   13,  19 }, /* '~' */
    {  13404,  10,  19,    0,   10,  10 }, /* 'U+00A1' */
    {  13499,  13,  19,    0,    5,  13 }, /* 'U+00AA' */
    {  13632,  11,  19,    0,    5,  11 }, /* 'U+00B0' */
    {  13746,  19,  16,    0,    8,  19 }, /* 'U+00B1' */
    {  13906,  17,  20,    0,   10,  17 }, /* 'U+00B5' */
    {  14086,   9,  12,    0,   12,   9 }, /* 'U+00B7' */
    {  14146,  13,  19,    0,    5,  13 }, /* 'U+00BA' */
    {  14279,  13,  19,    0,   10,  13 }, /* 'U+00BF' */
    {  14412,  18,  24,    0,    0,  17 }, /* 'U+00C1' */
    {  14628,  15,  24,    0,    0,  15 }, /* 'U+00C9' */
    {  14820,   8,  24,    0,    0,   8 }, /* 'U+00CD' */
    {  14916,  19,  24,    0,    0,  19 }, /* 'U+00D1' */
    {  15156,  19,  25,    0,    0,  19 }, /* 'U+00D3' */
    {  15406,  18,  25,    0,    0,  18 }, /* 'U+00DA' */
    {  15631,  18,  25,    0,    0,  18 }, /* 'U+00DC' */
    {  15856,  15,  21,    0,    4,  15 }, /* 'U+00E1' */
    {  16024,  15,  21,    0,    4,  15 }, /* 'U+00E9' */
    {  16192,   9,  20,    0,    4,   8 }, /* 'U+00ED' */
    {  16292,  16,  20,    0,    4,  16 }, /* 'U+00F1' */
    {  16452,  15,  21,    0,    4,  15 }, /* 'U+00F3' */
    {  16620,  16,  21,    0,    4,  16 }, /* 'U+00FA' */
    {  16788,  16,  21,    0,    4,  16 }, /* 'U+00FC' */
};

const gfx2_range_t font_ui_24b_ranges[22] = {
    { 0x0020, 0x007E, 0 },
    { 0x00A1, 0x00A1, 95 },
    { 0x00AA, 0x00AA, 96 },
    { 0x00B0, 0x00B1, 97 },
    { 0x00B5, 0x00B5, 99 },
    { 0x00B7, 0x00B7, 100 },
    { 0x00BA, 0x00BA, 101 },
    { 0x00BF, 0x00BF, 102 },
    { 0x00C1, 0x00C1, 103 },
    { 0x00C9, 0x00C9, 104 },
    { 0x00CD, 0x00CD, 105 },
    { 0x00D1, 0x00D1, 106 },
    { 0x00D3, 0x00D3, 107 },
    { 0x00DA, 0x00DA, 108 },
    { 0x00DC, 0x00DC, 109 },
    { 0x00E1, 0x00E1, 110 },
    { 0x00E9, 0x00E9, 111 },
    { 0x00ED, 0x00ED, 112 },
    { 0x00F1, 0x00F1, 113 },
    { 0x00F3, 0x00F3, 114 },
    { 0x00FA, 0x00FA, 115 },
    { 0x00FC, 0x00FC, 116 },
};

const gfx2_font_t font_ui_24b = {
    font_ui_24b_bitmap, font_ui_24b_glyphs, font_ui_24b_ranges,
    22, 24, 6, 30
};

